"feat_id","smp_to_blk"
"FT0001",0.759097754703448
"FT0002",0.215921232259905
"FT0003",0.358302965269793
"FT0004",0.439018498805281
"FT0005",0.181832042223356
"FT0006",0.302423515856931
"FT0007",0.329611969912397
"FT0008",0.258157690412142
"FT0009",0.318637477094491
"FT0010",0.103281547937484
"FT0011",0.359347125780374
"FT0012",-0.0573751905189223
"FT0013",-0.066797476300785
"FT0014",0.0386074147854501
"FT0015",-0.214440583669048
"FT0016",-0.205530538871285
"FT0017",-0.154209696993723
"FT0018",0.0100551020862475
"FT0019",0.0674855301061978
"FT0020",1.72706947021635
"FT0021",1.27582384603075
"FT0022",1.13543321614787
"FT0023",1.26871037872241
"FT0024",1.33373015158062
"FT0025",1.41110841775821
"FT0026",1.30596169194017
"FT0027",0.0459154191978
"FT0028",1.54847801230039
"FT0029",1.1318768918914
"FT0030",1.1714428642776
"FT0031",1.73656752583227
"FT0032",0.619585763335354
"FT0033",0.64365897768139
"FT0034",0.274488403991853
"FT0035",0.232590434701691
"FT0036",1.51912562932275
"FT0037",0.565474200503012
"FT0038",0.585058696232656
"FT0039",0.630648227490931
"FT0040",0.480669064872576
"FT0041",0.204371119717006
"FT0042",0.21185396422036
"FT0043",0.550127494283892
"FT0044",0.0503306087823383
"FT0045",0.0461123633611098
"FT0046",0.152809655038245
"FT0047",0.247071923747186
"FT0048",0.205487781695572
"FT0049",0.115099420713563
"FT0050",0.0284067629134412
"FT0051",0.346131868183701
"FT0052",0.212901539770412
"FT0053",0.104316734458883
"FT0054",0.00196074490405863
"FT0055",0.586629591020233
"FT0056",0.248260365092609
"FT0057",0.207876052123771
"FT0058",0.174402149706684
"FT0059",0.104925576392586
"FT0060",0.303778274628649
"FT0061",0.272708879198581
"FT0062",0.0979227835107722
"FT0063",0.131238133611421
"FT0064",0.190577872263163
"FT0065",0.13831989311286
"FT0066",0.282775314075587
"FT0067",0.181209233009049
"FT0068",0.219447888292609
"FT0069",-0.0212573083289119
"FT0070",0.0287589374311083
"FT0071",0.161918892544107
"FT0072",0.227768504007538
"FT0073",0.0349033996004025
"FT0074",0.0484539263010101
"FT0075",0.868080457658295
"FT0076",-0.0276746590455512
"FT0077",0.500133438766561
"FT0078",0.634008169610641
"FT0079",0.536573961384565
"FT0080",0.799110787532765
"FT0081",0.836171391174462
"FT0082",0.528096904971702
"FT0083",0.710347094067661
"FT0084",0.826913609211
"FT0085",0.508331900606214
"FT0086",1.07959745074785
"FT0087",0.507939633070496
"FT0088",0.651246686754644
"FT0089",0.207448431311058
"FT0090",-0.0302840631669894
"FT0091",-0.0742615116804447
"FT0092",-0.00871433167789344
"FT0093",-0.154917911854217
"FT0094",0.151064171338222
"FT0095",0.0297692496145145
"FT0096",0.433366796090319
"FT0097",0.0107388785377
"FT0098",0.481407351105704
"FT0099",0.644261478068535
"FT0100",1.51739330798401
"FT0101",2.34078054443757
"FT0102",1.72284150370251
"FT0103",2.89870958490717
"FT0104",-0.853989026424619
"FT0105",0.245590906286096
"FT0106",0.663340395381519
"FT0107",-0.562497656384844
"FT0108",-0.410560595208289
"FT0109",-0.316748829559646
"FT0110",-0.4988820537547
"FT0111",-0.674005830903224
"FT0112",-0.167726398576398
"FT0113",-0.610086424356451
"FT0114",-0.558414757123445
"FT0115",-0.549614292340221
"FT0116",0.263276478872056
"FT0117",0.208965472734217
"FT0118",0.633590006258656
"FT0119",0.572556340528201
"FT0120",-0.036144082276353
"FT0121",-0.148224138583958
"FT0122",0.201995139349296
"FT0123",0.158994794601488
"FT0124",-0.114525032439344
"FT0125",-0.29198013766244
"FT0126",0.0243092798890742
"FT0127",0.106907380639244
"FT0128",0.242089122967956
"FT0129",0.00915007793144453
"FT0130",-0.0585940827035561
"FT0131",0.0509229684802757
"FT0132",0.089427231436029
"FT0133",0.194413417962163
"FT0134",0.14291513521067
"FT0135",0.59442780430953
"FT0136",1.30861488292876
"FT0137",0.280801181542172
"FT0138",-0.057361553784352
"FT0139",-0.206856824559939
"FT0140",-0.00754116029343374
"FT0141",0.0817688307405711
"FT0142",0.0038062020770419
"FT0143",0.119260634079827
"FT0144",0.220031254645945
"FT0145",-0.0175786149815828
"FT0146",-0.00452891345953941
"FT0147",-0.0169445939606673
"FT0148",0.0196932348701161
"FT0149",0.521693115191115
"FT0150",0.518102761765515
"FT0151",-0.0263548488368918
"FT0152",0.111787080994908
"FT0153",0.935744828793252
"FT0154",0.151940181249118
"FT0155",0.453147299388195
"FT0156",0.641226035261005
"FT0157",0.0745478146122273
"FT0158",-0.123391172000008
"FT0159",0.0789307262111358
"FT0160",0.493105773865026
"FT0161",0.978775371487722
"FT0162",0.241534128181748
"FT0163",0.159738240895574
"FT0164",0.304856692893546
"FT0165",0.507882254314622
"FT0166",0.517907436646748
"FT0167",0.598809071305541
"FT0168",0.517299077103487
"FT0169",0.24882727648109
"FT0170",0.278694667365015
"FT0171",0.335153518819422
"FT0172",0.449756561600453
"FT0173",0.325739187808491
"FT0174",0.488468545566886
"FT0175",0.180112133703712
"FT0176",0.144989224088634
"FT0177",0.157935730074662
"FT0178",0.495707481662165
"FT0179",0.387201309300728
"FT0180",0.449194526646891
"FT0181",0.327506982940061
"FT0182",0.119408860776559
"FT0183",-0.150464242577535
"FT0184",0.950568652834054
"FT0185",0.00829533356349645
"FT0186",0.145515516452676
"FT0187",0.0504669624842543
"FT0188",0.166764928604999
"FT0189",0.104942134412119
"FT0190",0.0250209736754855
"FT0191",0.677769142400844
"FT0192",-0.148573019056567
"FT0193",-0.0625345919279942
"FT0194",-0.297261075562678
"FT0195",-0.000991949327549996
"FT0196",-0.322325702889505
"FT0197",-0.11717493748918
"FT0198",-0.0228805972566267
"FT0199",0.632753649814799
"FT0200",0.286949462839862
"FT0201",-0.0681693989730971
"FT0202",0.244596826907874
"FT0203",0.189439699702614
"FT0204",0.732762816195819
"FT0205",0.0865254431777996
"FT0206",0.155673420069135
"FT0207",0.177953420686373
"FT0208",-0.374216729580307
"FT0209",-0.141908899611776
"FT0210",-0.31479016199894
"FT0211",-0.282950860582721
"FT0212",0.0108020831647158
"FT0213",0.217584520763226
"FT0214",-0.163200107767305
"FT0215",0.606571077686361
"FT0216",0.363794587358681
"FT0217",-0.159490848368495
"FT0218",-0.130294426898848
"FT0219",-0.436331339125899
"FT0220",-0.357157451556829
"FT0221",-0.0781005563887675
"FT0222",-0.718554878045191
"FT0223",-0.498801779033023
"FT0224",-0.464710875161222
"FT0225",-0.455442486256915
"FT0226",-0.465843678859209
"FT0227",-0.592756575366414
"FT0228",-0.282699463462607
"FT0229",-0.404285201435829
"FT0230",-0.349417078378411
"FT0231",0.237346342107813
"FT0232",0.305871776679881
"FT0233",0.171085342041189
"FT0234",-0.101864242552
"FT0235",0.00823255727887177
"FT0236",0.690171830783976
"FT0237",-0.0217792565639211
"FT0238",0.19669653822389
"FT0239",0.192710634033913
"FT0240",0.288413985110232
"FT0241",0.126061132859284
"FT0242",-0.102526950342648
"FT0243",-0.0467966734637035
"FT0244",-0.131981918977193
"FT0245",0.102137276604275
"FT0246",0.652774970418206
"FT0247",-0.00304505594763021
"FT0248",0.0839049502122227
"FT0249",-0.047834003423572
"FT0250",0.0851622382039342
"FT0251",1.04359980188707
"FT0252",-0.11924160219247
"FT0253",-0.170621830700193
"FT0254",-0.2752908386015
"FT0255",-0.125811188136264
"FT0256",-0.0490824849620309
"FT0257",-0.0269243866973726
"FT0258",-0.234858967465261
"FT0259",-0.230779405827699
"FT0260",0.107765903441921
"FT0261",-0.331906682783524
"FT0262",-0.297059008091355
"FT0263",-0.29730052254406
"FT0264",-0.18589236983256
"FT0265",1.04834665585182
"FT0266",2.18052982449427
"FT0267",1.62057607083479
"FT0268",4.48578026588162
"FT0269",0.821669615553961
"FT0270",1.27950420738821
"FT0271",0.69447443015276
"FT0272",-0.17712357712113
"FT0273",1.1728387115357
"FT0274",4.48578026588162
"FT0275",-0.0764355866591914
"FT0276",-0.152854116703715
"FT0277",-0.0694998974709659
"FT0278",0.672243166009319
"FT0279",-0.0131275596312841
"FT0280",0.206269302559803
"FT0281",1.00969354760013
"FT0282",0.283287627604122
"FT0283",0.251273033492391
"FT0284",0.285837043585364
"FT0285",0.425265197683501
"FT0286",0.395212039571638
"FT0287",0.525429925570776
"FT0288",1.24863154971419
"FT0289",0.242148145103512
"FT0290",0.378240353918209
"FT0291",0.173391644362553
"FT0292",0.34416996009533
"FT0293",0.316770392454119
"FT0294",0.717649917253443
"FT0295",0.275155604590451
"FT0296",-0.0618595189438914
"FT0297",0.733965116759133
"FT0298",-0.133043318777022
"FT0299",-0.00209784371917806
"FT0300",-0.305911758745131
"FT0301",-0.319857963155768
"FT0302",-0.257884142623023
"FT0303",0.734589840888461
"FT0304",1.09577628807117
"FT0305",1.19920826574047
"FT0306",0.647789194873763
"FT0307",-0.0213610956063349
"FT0308",0.21601486410149
"FT0309",0.350027485117887
"FT0310",-0.0225954353632936
"FT0311",-0.0613387840884268
"FT0312",-0.00983694084957972
"FT0313",0.870966802343063
"FT0314",-0.112116071408437
"FT0315",0.278924717256945
"FT0316",-0.0281571703479448
"FT0317",0.023774672336378
"FT0318",0.0473617227622877
"FT0319",0.52974388559707
"FT0320",0.910780649100796
"FT0321",0.199819024825111
"FT0322",0.299906009119682
"FT0323",-0.152569116011267
"FT0324",-0.0536935771655351
"FT0325",-0.136913493461839
"FT0326",-0.110731483985837
"FT0327",-0.0985034041699677
"FT0328",-0.245307870858225
"FT0329",-0.536332299234569
"FT0330",-0.201145092049032
"FT0331",-0.109513409052669
"FT0332",-0.0638719866458567
"FT0333",-0.140295784019241
"FT0334",1.14989328633126
"FT0335",0.292800174756793
"FT0336",4.48578026588162
"FT0337",-0.0549478086608178
"FT0338",-0.0699356541448796
"FT0339",-0.115789559131418
"FT0340",1.4226104760611
"FT0341",0.174809665636554
"FT0342",0.556321273463088
"FT0343",0.320624903574733
"FT0344",0.0603537922158482
"FT0347",1.55916124764763
"FT0348",1.48033036028877
"FT0349",0.145251132355979
"FT0350",0.33136616707723
"FT0351",0.210209310606342
"FT0352",0.196517756344879
"FT0353",0.0112959990304044
"FT0354",0.0661196991686463
"FT0355",0.0625989096066952
"FT0356",0.489758454390344
"FT0357",1.19691698685626
"FT0358",0.588919914831867
"FT0359",1.90253821377813
"FT0360",-0.173977450712638
"FT0361",-0.576638452966247
"FT0362",0.516946590934695
"FT0363",0.59084787940657
"FT0364",0.592328801520716
"FT0365",0.0295477766560184
"FT0366",1.09177977549995
"FT0367",0.456216476944979
"FT0368",1.15263620183802
"FT0369",0.0764638539706481
"FT0370",-0.511024838929955
"FT0371",0.0465588155008139
"FT0372",-0.0161463779116577
"FT0373",0.131982586880621
"FT0374",0.0331564997518914
"FT0375",-0.120231089114276
"FT0376",0.0824310880509019
"FT0377",0.0748373661957187
"FT0378",0.161318151363281
"FT0379",0.111880166484214
"FT0380",-0.0369450505013978
"FT0381",0.0645496889694738
"FT0382",-0.175788085697485
"FT0383",-0.574661575772
"FT0384",0.224727366082372
"FT0385",0.139488023395457
"FT0386",0.129991771996608
"FT0387",0.249104997778405
"FT0388",0.103936753993867
"FT0389",0.190600401786149
"FT0390",0.23468194372312
"FT0391",0.253073703531958
"FT0392",0.147872457773388
"FT0393",0.160609257390823
"FT0394",1.14612851018609
"FT0395",4.48578026588162
"FT0396",-0.0841710778936098
"FT0397",-0.0974730289104201
"FT0398",4.48578026588162
"FT0399",-0.14352915928299
"FT0400",-0.154590275558254
"FT0401",-0.47088952542852
"FT0402",-0.357546773905893
"FT0403",-0.16929731381694
"FT0404",0.847587287620093
"FT0405",0.116418813322752
"FT0406",-0.505403912778733
"FT0407",4.48578026588162
"FT0408",-0.137444241922543
"FT0409",0.230100097640632
"FT0410",-0.0446560093387133
"FT0411",0.278063873380175
"FT0412",4.48578026588162
"FT0413",4.48578026588162
"FT0414",-0.178774882419821
"FT0415",-0.358370827349273
"FT0416",-0.225571160276992
"FT0417",-0.5152749791254
"FT0418",-0.401217405928954
"FT0419",-0.210530574846288
"FT0420",-0.182272007608331
"FT0421",-0.177017588232065
"FT0422",-0.151749374199335
"FT0423",-0.11375879591776
"FT0424",-0.0783044039693842
"FT0425",-0.137219731471866
"FT0426",-0.33762601464945
"FT0427",-0.401331233173647
"FT0428",-0.2792941991
"FT0429",-0.396191608821259
"FT0430",-0.166999770268503
"FT0431",-0.456699480313715
"FT0432",-0.270363296005644
"FT0433",-0.216622903934452
"FT0434",-0.124969539047774
"FT0435",-0.198253624803934
"FT0436",-0.166663147081329
"FT0437",-0.392707874947196
"FT0438",-0.135607207808797
"FT0439",-0.387630276005402
"FT0440",-0.385293762630551
"FT0441",-0.256758235728813
"FT0442",2.13537635394397
"FT0443",-0.0918040876698481
"FT0444",0.0170550875791
"FT0445",0.549591187815096
"FT0446",0.072734607158711
"FT0447",0.717270687105196
"FT0448",-0.44948521403331
"FT0449",-0.214067569512549
"FT0450",-0.184031741170838
"FT0451",-0.368147847506962
"FT0452",-0.150996239915295
"FT0453",4.48578026588162
"FT0454",-0.0540283316476523
"FT0455",-0.0624390845369947
"FT0456",-0.0833744108791859
"FT0457",1.70851294186787
"FT0458",-0.290688148250648
"FT0459",-0.140785021300128
"FT0460",-0.209222895202878
"FT0461",0.607134697101232
"FT0462",-0.139072392835078
"FT0463",-0.0232881693720178
"FT0464",-0.530811906332032
"FT0465",-0.197242979031316
"FT0466",0.0441001257367863
"FT0467",0.00799383967319996
"FT0468",-0.135559839906444
"FT0469",4.48578026588162
"FT0470",-0.191298330422985
"FT0471",-0.131004194197385
"FT0472",-0.0273504188456869
"FT0473",1.44031573789676
"FT0474",1.96454738500471
"FT0475",1.36794470842099
"FT0476",1.49768039301914
"FT0477",1.55570468431551
"FT0478",0.52631254068733
"FT0479",1.45142992467721
"FT0480",1.86536056750873
"FT0481",1.4216847157124
"FT0482",1.37049471605451
"FT0483",1.73208870000705
"FT0484",1.64740072216823
"FT0485",1.001520513174
"FT0486",0.809907584835265
"FT0487",0.632726628344162
"FT0488",1.1203072162818
"FT0489",-0.050133956707173
"FT0490",0.332254015102642
"FT0491",1.02564610970395
"FT0492",0.0522805170106167
"FT0493",-0.0287854846213445
"FT0494",-0.219411766829063
"FT0495",3.0878464240031
"FT0496",4.48578026588162
"FT0497",4.48578026588162
"FT0498",4.48578026588162
"FT0499",4.48578026588162
"FT0500",4.48578026588162
"FT0501",4.48578026588162
"FT0502",0.810409970587741
"FT0503",0.827894496765912
"FT0504",0.771669910548646
"FT0505",0.723724118478016
"FT0506",-0.258246799807311
"FT0507",-0.175125397106746
"FT0508",0.510654087115501
"FT0509",-0.0430188438934745
"FT0510",0.102842857162234
"FT0511",-0.134559596716718
"FT0512",-0.0576735696920649
"FT0513",4.48578026588162
"FT0514",4.48578026588162
"FT0515",4.48578026588162
"FT0516",4.48578026588162
"FT0517",0.302009168726308
"FT0518",-0.0648336347788246
"FT0519",0.152997581954584
"FT0520",0.297764959816026
"FT0521",0.484110951630871
"FT0522",0.626779289684098
"FT0523",0.190332752915644
"FT0524",0.0841613374783763
"FT0525",0.100628811206205
"FT0526",1.30893087031256
"FT0527",1.07419054239556
"FT0528",0.101631148527816
"FT0529",0.530144503478606
"FT0530",0.188418419251564
"FT0531",4.48578026588162
"FT0532",1.04295530877745
"FT0533",1.29365195817031
"FT0535",1.41795546007562
"FT0536",1.15264935629074
"FT0537",1.70787094159606
"FT0538",1.36000025395469
"FT0539",0.988806678882728
"FT0540",0.67181876819998
"FT0541",0.278058570067529
"FT0542",-0.160509604977082
"FT0543",-0.458540267343276
"FT0544",-0.325271315958968
"FT0545",0.335733071134107
"FT0546",0.299732616399796
"FT0547",0.242409697620385
"FT0548",0.356037977602675
"FT0549",0.332660759596839
"FT0550",1.39812306832971
"FT0551",1.33967836262725
"FT0552",1.89452167736953
"FT0553",1.98624509714406
"FT0554",0.00340473047783182
"FT0555",4.48578026588162
"FT0556",4.48578026588162
"FT0557",1.0525215300768
"FT0558",4.48578026588162
"FT0559",4.48578026588162
"FT0561",0.272314820386062
"FT0562",0.20728306367848
"FT0563",0.415827642253662
"FT0564",2.26647046750745
"FT0565",1.33084651308997
"FT0566",0.990610410028294
"FT0567",0.242540622320292
"FT0568",-0.126950520677229
"FT0569",0.400622336609406
"FT0570",0.0310580604514042
"FT0571",-0.30761650906835
"FT0572",0.553917782221555
"FT0573",0.348754564412451
"FT0574",0.255148218162765
"FT0575",0.235022730014009
"FT0576",0.0764757203833339
"FT0577",-0.235288038515957
"FT0578",1.06156399193251
"FT0579",1.45239193793577
"FT0580",-0.116580734349641
"FT0581",0.658971248334895
"FT0582",0.45084346908712
"FT0583",-0.51711766335946
"FT0584",-0.570952430856976
"FT0585",-0.544983523010006
"FT0586",-0.441586130321917
"FT0587",-0.572045972404369
"FT0588",-0.905543299046543
"FT0589",-0.23005626016346
"FT0590",-2.59036054890554
"FT0591",-1.050570077666
"FT0592",-1.12298661131001
"FT0593",-0.53236411676685
"FT0594",-0.545288705279136
"FT0595",-1.3344893550835
"FT0596",-0.575001858366002
"FT0597",-0.518371577432503
"FT0598",-1.4667843187455
"FT0599",-0.495064054371117
"FT0600",2.06873519883773
"FT0601",0.367686354369753
"FT0602",-0.242833808454663
"FT0603",-0.522304595650376
"FT0604",-0.0148815526727111
"FT0605",1.14880355748771
"FT0606",-0.490385326693819
"FT0607",4.48578026588162
"FT0608",4.48578026588162
"FT0609",4.48578026588162
"FT0610",4.48578026588162
"FT0611",4.48578026588162
"FT0612",2.15313498420268
"FT0613",4.48578026588162
"FT0614",4.48578026588162
"FT0615",-0.235026512683863
"FT0616",-0.163713867739458
"FT0617",-0.163054351932849
"FT0618",-0.254529251411489
"FT0619",-0.0121337073663968
"FT0620",1.02021893429117
"FT0621",-0.389827887957794
"FT0622",1.49903374412903
"FT0623",1.0679847241583
"FT0624",1.46654268173465
"FT0625",-0.535287077516891
"FT0626",-0.0869485257586292
"FT0627",1.23036852536402
"FT0628",1.84452552331479
"FT0629",4.48578026588162
"FT0630",0.949505485136841
"FT0631",1.72007267848793
"FT0632",1.04614727534595
"FT0633",4.48578026588162
"FT0634",4.48578026588162
"FT0635",1.77066716829743
"FT0636",-0.26684439243667
"FT0637",-0.607139261398764
"FT0638",-0.220600329775353
"FT0639",0.0147292575354772
"FT0640",0.142317452232527
"FT0641",0.306534450389907
"FT0642",0.207449827851273
"FT0643",0.214977680559386
"FT0644",1.0282914221567
"FT0645",1.41112316111153
"FT0646",0.388572676795647
"FT0647",4.48578026588162
"FT0648",0.151436866563025
"FT0649",1.37220215523218
"FT0650",0.0962265190535555
"FT0651",0.197624125003539
"FT0652",-0.0083476761878319
"FT0653",1.82268010581606
"FT0654",0.770951886840699
"FT0655",1.83911358831676
"FT0656",1.54192555896418
"FT0657",1.95425232743375
"FT0658",0.381351207418908
"FT0659",2.09531115742367
"FT0660",1.73553743653277
"FT0661",4.48578026588162
"FT0662",0.692704988881993
"FT0663",1.45905346864762
"FT0664",-0.950355860583246
"FT0665",0.341919614718247
"FT0666",0.312456065595091
"FT0667",0.0738886371806537
"FT0668",0.105455948118251
"FT0669",0.121242656376835
"FT0670",0.195619284437383
"FT0671",0.120875048493398
"FT0672",0.107574221037455
"FT0673",0.115104392673959
"FT0674",0.141063196361994
"FT0675",0.146579436121275
"FT0676",0.150364607281255
"FT0677",0.125394126854705
"FT0678",0.164488654574351
"FT0679",0.130924543791659
"FT0680",0.142049665143194
"FT0681",0.135456578033759
"FT0682",0.123853798528057
"FT0683",-0.468794308734472
"FT0684",0.0665713066716778
"FT0685",0.137507670237963
"FT0686",0.0897197636321803
"FT0687",0.0585262919610708
"FT0688",0.0791761659870128
"FT0689",0.130107394702977
"FT0690",0.572432048350648
"FT0691",0.121995789253691
"FT0692",0.209519690733872
"FT0693",0.0663577580470681
"FT0694",0.0395861361441888
"FT0695",0.858028254816304
"FT0696",0.962133220130955
"FT0697",2.01002734381013
"FT0698",0.141352862731179
"FT0699",0.412429876526335
"FT0700",-0.00327407033277842
"FT0701",0.0759747871535646
"FT0702",-0.145251228184211
"FT0703",0.0564582124716765
"FT0704",0.110630705140398
"FT0705",0.129177988388622
"FT0706",0.113309552607529
"FT0707",0.111916059771333
"FT0708",0.18357574301461
"FT0709",0.291270482643636
"FT0710",0.173754995793525
"FT0711",0.12192684014789
"FT0712",0.166547027387107
"FT0713",0.132178086536762
"FT0714",0.169634700445419
"FT0715",0.175523778008252
"FT0716",0.0945584186364591
"FT0717",0.429348171161669
"FT0718",4.48578026588162
"FT0719",0.742610607146492
"FT0720",4.48578026588162
"FT0721",1.51733022743771
"FT0722",1.02861380141538
"FT0723",4.48578026588162
"FT0724",1.65940488993647
"FT0725",1.6997499570419
"FT0726",4.48578026588162
"FT0727",0.960748158557145
"FT0728",1.7732666343301
"FT0729",1.22896486945485
"FT0730",0.318767265266875
"FT0731",4.48578026588162
"FT0732",0.0292247544052207
"FT0733",-0.0466815357346154
"FT0734",0.321566007363355
"FT0735",0.408397487615768
"FT0736",0.256938806397171
"FT0737",-0.992213638381793
"FT0738",0.841562719436517
"FT0739",-0.290046259205484
"FT0740",0.916749490026691
"FT0741",-0.065482168247246
"FT0742",-0.239932237705752
"FT0743",-0.351967998064078
"FT0744",1.11793434696096
"FT0745",-0.591861571761964
"FT0746",0.127574622279758
"FT0748",-0.107548979534041
"FT0749",0.0110339550134824
"FT0750",4.48578026588162
"FT0751",0.632127585967155
"FT0752",4.48578026588162
"FT0753",1.82167851568759
"FT0754",0.850278290592601
"FT0755",0.567200457893988
"FT0756",1.05969328443541
"FT0757",0.610688515656065
"FT0758",0.278299706111617
"FT0759",0.101213608340928
"FT0760",0.19277501944542
"FT0761",0.389675339038589
"FT0762",0.188068474390418
"FT0763",0.249489878309168
"FT0764",0.338725463270279
"FT0765",4.48578026588162
"FT0766",-0.185452954689548
"FT0767",-0.541979476213687
"FT0768",2.19640692775454
"FT0769",0.0748285907502374
"FT0770",-0.113269264471954
"FT0771",0.471331351994388
"FT0772",0.267535587769265
"FT0773",0.273998948010146
"FT0774",0.109601374750337
"FT0775",0.201872590182291
"FT0776",-0.00401667547552262
"FT0777",-0.00971578357814754
"FT0778",0.0735997496250598
"FT0779",1.99515487808585
"FT0780",-0.129937327840814
"FT0781",-0.0940274062612398
"FT0782",-0.00203754916214423
"FT0783",0.496073431824105
"FT0784",1.36377330169879
"FT0785",0.0508055891540347
"FT0786",1.51585280144054
"FT0787",0.0239436136195192
"FT0788",0.104336486283129
"FT0789",4.48578026588162
"FT0790",-0.169105043121421
"FT0791",0.0377453212228018
"FT0792",1.47140984431875
"FT0793",2.30959383592734
"FT0794",1.42178039556022
"FT0795",1.12292107560618
"FT0796",1.53957472744012
"FT0797",-0.572900104313305
"FT0798",-0.523329705991923
"FT0799",-0.502896267573946
"FT0800",-0.543184951614336
"FT0801",-0.448975311398117
"FT0802",-0.515767155031962
"FT0803",-1.06204532927877
"FT0804",-0.445983747398181
"FT0805",-0.448158869894966
"FT0806",-1.06161960706789
"FT0807",-2.59036054890554
"FT0808",-1.41801856591603
"FT0809",-0.00503700263273986
"FT0810",-0.770745208351921
"FT0811",-0.45650692140028
"FT0812",-1.59036054890554
"FT0813",-1.01213150603891
"FT0814",-0.67498304672181
"FT0815",-0.645347049965868
"FT0816",-0.966024031540133
"FT0817",-0.278690507902192
"FT0818",-0.392612468129063
"FT0819",-0.692853800778762
"FT0820",-0.680109631182642
"FT0821",0.509471747312727
"FT0822",-0.264394225161436
"FT0823",-0.0430869263034453
"FT0824",4.48578026588162
"FT0825",0.50973482768375
"FT0826",1.34198969232232
"FT0827",0.634444275279767
"FT0828",0.416460989813324
"FT0829",1.31116942166703
"FT0830",1.07479125114202
"FT0831",1.12156213123667
"FT0832",0.481426522508772
"FT0833",0.251081850319725
"FT0834",-0.0136893128673525
"FT0835",0.154345633468096
"FT0836",0.105377559225555
"FT0837",0.542660659431996
"FT0838",3.05455901055834
"FT0839",1.16382752981832
"FT0840",1.11733348961838
"FT0841",2.10602369873122
"FT0842",1.50262447476248
"FT0843",2.37763526495543
"FT0844",0.956853594406016
"FT0845",1.62560615769577
"FT0846",-0.144297880286031
"FT0847",-0.499159772673206
"FT0848",0.015372187244724
"FT0849",2.14193759523195
"FT0850",1.06717097596401
"FT0851",0.0644840994101599
"FT0852",0.187809479886425
"FT0853",0.284801689282383
"FT0854",-0.222432342987746
"FT0855",0.125636610510987
"FT0856",0.093855797768914
"FT0857",1.98678654950632
"FT0858",-0.278437496743033
"FT0859",0.118172504880776
"FT0860",0.352805149653176
"FT0861",-0.375920748387439
"FT0862",0.424872222584494
"FT0863",0.180358879459962
"FT0864",0.06816329811652
"FT0867",-0.00925936766979486
"FT0868",-0.225280982573159
"FT0869",-0.00929272472191894
"FT0870",-0.0769215341180042
"FT0871",-0.342843446247163
"FT0872",-0.0580094761085746
"FT0873",-0.0731551207505603
"FT0874",-0.866074849536117
"FT0875",-0.0172765394235239
"FT0876",0.00461815117371278
"FT0877",-0.130555420792012
"FT0878",4.48578026588162
"FT0879",-0.208103101615689
"FT0880",0.32300475363596
"FT0881",0.122847295045502
"FT0882",0.0576312590242317
"FT0883",0.138773186850298
"FT0884",0.305852375568761
"FT0885",0.547562577604182
"FT0886",0.151666438759645
"FT0887",0.347717231906602
"FT0888",0.452592581318492
"FT0889",0.0966363247248195
"FT0890",0.0443420726486012
"FT0891",-0.133517742387103
"FT0892",-0.000785603034584435
"FT0893",0.0483269619256988
"FT0895",0.313743864948825
"FT0896",4.48578026588162
"FT0897",-0.0295473306755254
"FT0898",-0.0697205039465028
"FT0899",2.30119777830618
"FT0900",2.77531659807307
"FT0901",4.48578026588162
"FT0902",4.48578026588162
"FT0903",2.94363673200099
"FT0904",2.56163269128862
"FT0905",4.48578026588162
"FT0906",1.16556964623377
"FT0907",-0.11995101272116
"FT0908",-0.183027778357531
"FT0909",0.183446416129399
"FT0910",0.186258324194748
"FT0911",0.532471774150293
"FT0912",1.52999474388238
"FT0913",-0.143337407190674
"FT0914",-0.0625162706676358
"FT0915",-0.246901389559799
"FT0916",-0.0700301232181391
"FT0917",0.0154364809325672
"FT0918",-0.0933844305897748
"FT0919",-0.0709439714993604
"FT0920",-0.088771463581206
"FT0921",0.0716971645625687
"FT0922",1.50043153759586
"FT0923",0.464279382266753
"FT0924",1.22908338110381
"FT0925",4.48578026588162
"FT0926",1.66219541160599
"FT0927",1.49488807363759
"FT0928",4.48578026588162
"FT0929",1.27960289128273
"FT0930",0.600403938437965
"FT0931",1.26476692929195
"FT0932",4.48578026588162
"FT0933",4.48578026588162
"FT0934",0.836571729500815
"FT0935",0.200592758696586
"FT0936",4.48578026588162
"FT0937",0.216775770042926
"FT0938",1.19247096483271
"FT0939",1.217887073415
"FT0940",0.0927479003914202
"FT0941",0.441527658906694
"FT0942",0.392552282512286
"FT0943",0.659877083225374
"FT0944",1.31717905725908
"FT0945",4.48578026588162
"FT0946",0.807438418944509
"FT0947",0.23455574011521
"FT0948",0.204963795168225
"FT0949",0.121370353922552
"FT0950",0.263354368103498
"FT0951",0.489456267341886
"FT0952",0.143360761305106
"FT0953",0.071154600009034
"FT0954",-0.105302510260879
"FT0955",-0.276748177116476
"FT0956",-0.155765384576401
"FT0957",-0.200662101650108
"FT0958",-0.273633699635375
"FT0959",-0.280152015454774
"FT0960",-0.0695289642562463
"FT0961",-0.0570618889792264
"FT0962",-0.0825001851123302
"FT0963",-0.679691197026753
"FT0964",-2.59036054890554
"FT0965",2.03021217514284
"FT0966",0.0680784798298946
"FT0967",-0.264139464456793
"FT0968",-0.185621525699283
"FT0969",-0.762581132355809
"FT0970",-0.598860540193512
"FT0971",-0.651257864302696
"FT0972",-0.652878334950801
"FT0973",-1.04993914255589
"FT0974",-0.0230202911226184
"FT0976",-0.971888729661898
"FT0977",0.111938298040528
"FT0978",-0.352921715483406
"FT0979",0.0425253368441383
"FT0980",-0.521480856403222
"FT0981",0.108569005566061
"FT0982",-0.108412508415714
"FT0983",-0.0715628005339027
"FT0985",-0.623329525568394
"FT0986",4.48578026588162
"FT0987",0.283893949808685
"FT0988",4.48578026588162
"FT0989",4.48578026588162
"FT0990",4.48578026588162
"FT0991",-0.168677049416864
"FT0992",-0.209989343248499
"FT0993",4.48578026588162
"FT0994",1.9285657512617
"FT0995",4.48578026588162
"FT0996",0.586107838753927
"FT0997",-0.149417722822389
"FT0998",0.152370889875307
"FT0999",0.259186332798534
"FT1000",0.0909887858013095
"FT1001",-0.843409487595818
"FT1003",0.0160359810444117
"FT1004",-0.0852122305966105
"FT1005",0.00734153636689495
"FT1006",-0.348801816058208
"FT1007",-0.197056144372353
"FT1008",-0.023751082882733
"FT1009",0.0400132680018209
"FT1010",0.0412757109797185
"FT1011",-0.0232101754259219
"FT1012",-0.312039056682861
"FT1013",-0.14138739826753
"FT1014",4.48578026588162
"FT1015",1.28414714161129
"FT1016",4.48578026588162
"FT1017",4.48578026588162
"FT1018",4.48578026588162
"FT1019",4.48578026588162
"FT1020",0.200665914258224
"FT1021",2.12932332241622
"FT1022",4.48578026588162
"FT1023",4.48578026588162
"FT1024",-0.334339699999896
"FT1025",0.400097751322402
"FT1026",-1.01198745266179
"FT1027",-0.17961608397451
"FT1028",-0.270080564381082
"FT1029",0.396945074599183
"FT1030",0.535182081782544
"FT1031",0.446811902484071
"FT1032",0.59907950693326
"FT1033",1.2075334059332
"FT1034",0.710601743741559
"FT1035",0.576092684906089
"FT1036",0.553055926255575
"FT1037",4.48578026588162
"FT1038",1.16981770209138
"FT1039",0.42145030687913
"FT1040",0.438224547214793
"FT1041",1.97423997341642
"FT1042",1.55889155540141
"FT1043",4.48578026588162
"FT1044",-0.14432841880876
"FT1045",-0.203027100444442
"FT1046",-0.279734852267166
"FT1047",-0.0732311546634587
"FT1048",0.230883072100373
"FT1049",0.303553880082452
"FT1050",-0.0172738455337116
"FT1051",0.285932226424192
"FT1052",1.13411286269117
"FT1053",4.48578026588162
"FT1054",1.70056423957733
"FT1055",4.48578026588162
"FT1056",1.73955468049508
"FT1058",1.27311399981584
"FT1059",4.48578026588162
"FT1061",4.48578026588162
"FT1062",0.263622747478005
"FT1063",1.01994033836083
"FT1064",4.48578026588162
"FT1065",4.48578026588162
"FT1066",4.48578026588162
"FT1067",-0.0978938635932569
"FT1068",0.0665401903165725
"FT1069",-0.198642692053492
"FT1070",0.501362929150694
"FT1071",0.0389707870721117
"FT1072",-0.0986573833677694
"FT1073",2.60195575700764
"FT1074",-0.0162108959509968
"FT1075",0.0175703275835864
"FT1076",-2.59036054890554
"FT1077",0.0264981487165518
"FT1078",0.0979177610084536
"FT1079",0.337907222693127
"FT1080",0.184258759378005
"FT1081",0.110217631305423
"FT1082",0.114623408216233
"FT1083",0.166167048565705
"FT1084",4.48578026588162
"FT1085",0.406454671474705
"FT1086",0.266648291268483
"FT1087",2.07915693709519
"FT1088",0.899626399521019
"FT1089",-0.819457449702174
"FT1090",-0.507988533555626
"FT1091",-0.073116087992957
"FT1092",-0.697655290645136
"FT1093",0.0909010708550271
"FT1094",0.00279015791563949
"FT1095",0.0281061370554673
"FT1096",-0.135686327426028
"FT1097",0.0654875875047651
"FT1098",-0.134378954849078
"FT1099",0.000279257089661082
"FT1100",-0.556732752110837
"FT1101",-0.0149568526163583
"FT1102",0.0683651307223339
"FT1103",-0.106620748091007
"FT1105",-0.602824814418686
"FT1106",0.119311552258689
"FT1107",0.104483681544456
"FT1108",-0.17333428472187
"FT1109",-0.135240445015393
"FT1110",0.286472171953061
"FT1111",-0.182958916863216
"FT1112",-0.145020762261015
"FT1113",0.237225545953347
"FT1114",0.271457548071041
"FT1115",-0.25639236184471
"FT1116",-0.299014405608603
"FT1117",-0.0966566659625235
"FT1118",-0.183022307372446
"FT1119",0.497858549876293
"FT1120",0.607241848223113
"FT1121",-0.423229091205767
"FT1122",0.643967812519708
"FT1123",4.48578026588162
"FT1124",4.48578026588162
"FT1125",0.00884031348340944
"FT1126",0.117192770148382
"FT1127",0.457345822448579
"FT1128",0.181085877519157
"FT1129",-0.288921104691881
"FT1130",-0.0477117808248193
"FT1131",0.0789882971303978
"FT1132",4.48578026588162
"FT1133",4.48578026588162
"FT1134",-0.10140316709997
"FT1135",-0.220007220568041
"FT1136",-0.0812157883120836
"FT1137",-0.146115870750457
"FT1138",0.443294446833719
"FT1139",0.195698991576499
"FT1140",1.49437670067286
"FT1141",4.48578026588162
"FT1142",4.48578026588162
"FT1144",4.48578026588162
"FT1145",0.0497557125014897
"FT1146",0.0404709558942862
"FT1147",-0.353827828615846
"FT1148",4.48578026588162
"FT1149",4.48578026588162
"FT1150",4.48578026588162
"FT1151",1.26393933624572
"FT1152",4.48578026588162
"FT1153",4.48578026588162
"FT1154",4.48578026588162
"FT1156",4.48578026588162
"FT1157",4.48578026588162
"FT1158",4.48578026588162
"FT1159",-0.06114277320591
"FT1160",-0.23085873972809
"FT1161",0.0178177248648436
"FT1162",-0.410011549432222
"FT1163",-0.124360860140497
"FT1164",-0.0675778747544101
"FT1165",0.0372051333697639
"FT1166",0.0446175604066429
"FT1167",4.48578026588162
"FT1168",4.48578026588162
"FT1169",4.48578026588162
"FT1170",4.48578026588162
"FT1171",-0.230936410921947
"FT1172",-0.640497373569467
"FT1173",-0.311092587468842
"FT1174",-0.55848270004533
"FT1175",-0.322913143332415
"FT1176",-0.270664378234737
"FT1177",-0.230355995403008
"FT1178",-0.53741820653159
"FT1179",-0.285277807779741
"FT1180",-1.12066558641136
"FT1181",-0.258090816051218
"FT1182",-0.145890430008439
"FT1183",0.182246309333167
"FT1184",-0.0797152793780458
"FT1185",0.140688642561237
"FT1186",0.209035025489711
"FT1187",0.626034657978127
"FT1188",0.162377423985928
"FT1189",0.0168420449128091
"FT1190",-0.0812239782700142
"FT1191",0.023602121968603
"FT1192",-0.0624634434847364
"FT1193",4.48578026588162
"FT1195",4.48578026588162
"FT1196",-0.193659215869583
"FT1197",-0.384130889848648
"FT1198",0.0649975333888919
"FT1199",0.250147249638849
"FT1200",0.808838525746558
"FT1201",4.48578026588162
"FT1202",-0.321426937697904
"FT1203",0.108404009559601
"FT1204",4.48578026588162
"FT1206",0.289561832286417
"FT1207",0.230785724434127
"FT1208",0.359466925807615
"FT1209",0.702589190672757
"FT1210",-0.212022075586135
"FT1211",-2.59036054890554
"FT1212",-0.138279319159854
"FT1213",-0.186115817850605
"FT1214",-0.822618990018409
"FT1215",0.100614049855697
"FT1216",-0.112433526909969
"FT1217",0.242855915616038
"FT1218",-0.027558041480849
"FT1219",0.00895796444798619
"FT1220",0.116372209710574
"FT1221",0.0469049897631769
"FT1222",0.0401743419123838
"FT1223",-0.10382496423402
"FT1224",0.177354800782301
"FT1225",1.06542519964271
"FT1226",-0.252591797538737
"FT1227",-0.0540134478752703
"FT1228",0.425351446018665
"FT1229",0.669300256031317
"FT1230",1.35870206124116
"FT1231",0.638217315095622
"FT1232",4.48578026588162
"FT1233",2.27305443278811
"FT1234",2.20027441600329
"FT1235",4.48578026588162
"FT1236",4.48578026588162
"FT1237",-0.121872734722607
"FT1239",-0.157724489149322
"FT1240",-0.700573974651593
"FT1241",0.19651619186521
"FT1242",0.835614012745191
"FT1243",-0.298651050033967
"FT1244",0.0815649708406317
"FT1245",0.148963459554191
"FT1246",0.144602751231549
"FT1247",0.0799006735678999
"FT1248",0.0729205601421258
"FT1249",0.19499830564996
"FT1250",0.0223912220207725
"FT1251",0.348118108415828
"FT1252",0.1098895975035
"FT1253",0.457869375048963
"FT1254",0.507495524823312
"FT1255",0.560775353078446
"FT1256",0.459943518976772
"FT1257",-0.0588890353230727
"FT1258",0.387956271637274
"FT1259",0.444931010259826
"FT1260",0.438218699527263
"FT1261",0.309748467647644
"FT1262",-0.0371420980225112
"FT1263",-0.0689251165219459
"FT1264",-0.0561613597994984
"FT1266",-0.097911202611081
"FT1267",-0.0869751872160933
"FT1268",1.73248432842153
"FT1269",2.41539490249091
"FT1270",2.27922197494003
"FT1271",1.86739421070138
"FT1272",2.05761905490533
"FT1273",2.39520617445651
"FT1274",1.00572117985812
"FT1275",2.21221604097472
"FT1276",2.13365828942688
"FT1277",0.00956528014364721
"FT1278",0.470342173708024
"FT1279",0.301937932393471
"FT1280",0.508084855061181
"FT1281",0.492865797917604
"FT1282",0.432882029965895
"FT1283",0.474997061916979
"FT1284",-0.0503370028857077
"FT1285",-0.0314171864244142
"FT1286",0.880793452276834
"FT1287",-0.594648054610461
"FT1288",-0.198319233624708
"FT1289",-0.0678804702885483
"FT1290",-0.0370632340458187
"FT1291",0.518526239821934
"FT1292",0.301332558699355
"FT1293",0.519418240099441
"FT1294",0.4983652515671
"FT1295",0.423789685583995
"FT1296",4.48578026588162
"FT1297",0.198398900149673
"FT1298",-0.260620217025417
"FT1299",-0.316981809006241
"FT1300",-0.0902802782821222
"FT1301",-0.925879942785533
"FT1302",-0.189214847575399
"FT1303",-0.243856762314888
"FT1304",-0.340392861852504
"FT1305",-0.183261392882081
"FT1306",-1.0067526743152
"FT1307",-0.165454299671176
"FT1308",-1.44563651794109
"FT1309",-1.13663591372399
"FT1310",-0.115047469996639
"FT1312",0.213412317873573
"FT1313",-0.487748260122721
"FT1314",0.254910072697054
"FT1315",4.48578026588162
"FT1316",4.48578026588162
"FT1317",0.0530169893894151
"FT1318",0.247642296000535
"FT1319",0.565169712611101
"FT1320",0.475732169845038
"FT1321",0.55980317345271
"FT1322",0.661532156198011
"FT1323",1.43613986850981
"FT1325",0.267451226216407
"FT1326",0.247228100347158
"FT1327",0.106536582385814
"FT1328",0.756330660411072
"FT1329",0.226543638890574
"FT1330",1.12460512452831
"FT1331",0.0764800800441303
"FT1332",0.546806984055877
"FT1333",0.638893014488166
"FT1334",1.47059172828938
"FT1335",4.48578026588162
"FT1336",4.48578026588162
"FT1337",0.3006386998197
"FT1338",-0.0116016435382049
"FT1339",0.013890250026479
"FT1340",0.215913566960865
"FT1341",-0.0484145862025903
"FT1342",-0.0643831805463528
"FT1343",-0.251243421238758
"FT1344",-0.983220542302029
"FT1345",0.366471110185113
"FT1346",2.78426699915
"FT1347",4.48578026588162
"FT1348",4.48578026588162
"FT1349",4.48578026588162
"FT1350",4.48578026588162
"FT1351",-0.0604363648439117
"FT1352",-0.0256285762348626
"FT1353",-0.312153701387267
"FT1354",-0.283988887659259
"FT1355",-0.162757717945272
"FT1357",1.81008303721421
"FT1358",0.149931613361668
"FT1359",0.937352608322336
"FT1360",-0.0412040041852261
"FT1361",4.48578026588162
"FT1362",1.19170276779632
"FT1363",0.558373025880963
"FT1364",0.231060953854408
"FT1365",0.48863624404034
"FT1366",-0.0218802746305676
"FT1367",4.48578026588162
"FT1368",4.48578026588162
"FT1369",1.98354154874006
"FT1370",4.48578026588162
"FT1371",1.87898902862381
"FT1372",4.48578026588162
"FT1373",0.502543984410094
"FT1374",1.2513363594631
"FT1375",0.205928297611885
"FT1376",0.436416606874074
"FT1377",4.48578026588162
"FT1378",0.88465360162435
"FT1379",0.578636996416852
"FT1380",1.24510384065516
"FT1381",1.08847321191321
"FT1382",4.48578026588162
"FT1384",-0.207144243625258
"FT1385",0.207649695011202
"FT1388",-0.160629033339535
"FT1389",0.309333320012371
"FT1390",-0.220081228658658
"FT1391",0.00521672458870443
"FT1392",0.0670828469393276
"FT1393",-0.233845055795276
"FT1394",0.227833457566394
"FT1395",-0.0649284363629201
"FT1396",-0.065043111748358
"FT1397",-0.365371059698585
"FT1398",0.0277857310882799
"FT1399",-0.318307548951189
"FT1400",0.0068421382205417
"FT1401",-0.0286790875474595
"FT1402",-0.00115297645114184
"FT1403",0.0229003949843732
"FT1404",4.48578026588162
"FT1405",0.754512480461226
"FT1406",-0.0265256670899286
"FT1407",-0.139956340845051
"FT1408",0.57211037565175
"FT1409",0.819686671807126
"FT1410",0.417547121662132
"FT1411",0.48268936345024
"FT1412",0.663761271840283
"FT1413",0.54009385401023
"FT1414",0.589107290406514
"FT1415",-0.0398347191031034
"FT1416",0.921766054017919
"FT1417",0.436226885179863
"FT1418",2.39075014311256
"FT1419",2.04518301574247
"FT1421",1.06178415157203
"FT1422",4.48578026588162
"FT1423",0.541632371606793
"FT1424",3.33066618328241
"FT1425",-0.0303596402094803
"FT1426",-0.112735306337636
"FT1427",3.3944402440624
"FT1428",4.48578026588162
"FT1429",4.48578026588162
"FT1430",4.48578026588162
"FT1431",4.48578026588162
"FT1432",4.48578026588162
"FT1433",4.48578026588162
"FT1434",4.48578026588162
"FT1435",0.217387795890021
"FT1436",0.0101632077453246
"FT1437",4.48578026588162
"FT1438",4.48578026588162
"FT1440",-0.0695574747951544
"FT1441",-0.0923495145981973
"FT1442",-0.339644404022254
"FT1443",-0.245988336305062
"FT1444",0.075561459217474
"FT1445",-0.183182476427722
"FT1446",0.564029264963203
"FT1447",0.580987014154471
"FT1448",-0.178981546770664
"FT1449",-0.111896068376557
"FT1450",1.73455704011068
"FT1451",0.60355307569674
"FT1452",2.38053468706761
"FT1454",4.48578026588162
"FT1455",-0.260631055316098
"FT1456",4.48578026588162
"FT1457",-0.92728070110241
"FT1458",0.282522324609925
"FT1459",4.48578026588162
"FT1460",4.48578026588162
"FT1462",-0.0688598406750714
"FT1463",-0.158941544926394
"FT1464",-0.045032358013237
"FT1465",0.651117256371644
"FT1466",0.98474498780078
"FT1467",4.48578026588162
"FT1468",4.48578026588162
"FT1469",4.48578026588162
"FT1470",2.40958027191988
"FT1471",-0.0595045344327865
"FT1472",0.250847945593558
"FT1473",-0.0234775109925404
"FT1474",-0.123278533292751
"FT1475",4.48578026588162
"FT1476",0.409558395608421
"FT1477",0.0407283517479028
"FT1478",0.750593988003074
"FT1479",0.648330297204734
"FT1480",0.607148727425294
"FT1481",0.689188526419021
"FT1482",0.813649452855907
"FT1483",0.313337294006766
"FT1484",0.526770249810224
"FT1485",0.416906812799724
"FT1486",0.421606556631968
"FT1487",0.213902526327459
"FT1488",0.210713571123668
"FT1489",0.287165960803233
"FT1490",0.249817906335924
"FT1491",0.408619316757265
"FT1492",0.362636776251306
"FT1493",0.429311497615942
"FT1494",0.301026431911461
"FT1495",0.18150376095425
"FT1496",0.384423677751177
"FT1497",0.235084942901416
"FT1498",0.340294541768476
"FT1499",-0.0570748516811003
"FT1500",-0.0132050905374894
"FT1501",4.48578026588162
"FT1502",4.48578026588162
"FT1503",4.48578026588162
"FT1504",4.48578026588162
"FT1505",4.48578026588162
"FT1506",4.48578026588162
"FT1507",4.48578026588162
"FT1508",4.48578026588162
"FT1509",4.48578026588162
"FT1511",4.48578026588162
"FT1512",4.48578026588162
"FT1513",0.170541559536733
"FT1514",0.344503800385192
"FT1515",0.335768556748272
"FT1516",0.238398044244931
"FT1517",0.22364990729474
"FT1518",0.366716474714039
"FT1519",0.334371859944869
"FT1520",0.199379231894198
"FT1521",0.589195595584441
"FT1522",0.24007256208235
"FT1523",0.440050461726713
"FT1524",0.561053366755756
"FT1525",0.483582781187814
"FT1526",0.643368051284161
"FT1527",0.584250444847429
"FT1528",0.652454985343493
"FT1529",0.454567379079819
"FT1530",0.0589990697421642
"FT1531",-0.6777977925416
"FT1532",-0.307618849467485
"FT1533",-0.393424578949586
"FT1534",-0.446848372076793
"FT1535",-0.32110530900344
"FT1536",-0.417078231061409
"FT1537",-0.226031595387362
"FT1538",-0.107969497391816
"FT1539",-0.348593721587357
"FT1540",0.114284013874292
"FT1541",0.0807649637850683
"FT1542",0.12076117925979
"FT1543",0.192522231698424
"FT1544",0.0674156892700067
"FT1545",0.218026789116006
"FT1546",0.00209105792346973
"FT1547",-0.248540080632275
"FT1548",-2.59036054890554
"FT1549",-0.307347305584913
"FT1550",-0.148082832554162
"FT1551",-0.863050180232436
"FT1552",-0.731618852692116
"FT1553",-0.148215242020901
"FT1554",-0.134077614327254
"FT1555",-0.169377681725595
"FT1556",-0.18186472335415
"FT1557",-0.147265114041842
"FT1558",4.48578026588162
"FT1559",-0.0141422953078309
"FT1560",-0.123646717676907
"FT1561",4.48578026588162
"FT1562",0.851720966208755
"FT1563",0.0720846130775607
"FT1564",-0.0772875564612756
"FT1565",0.00127201644984363
"FT1566",3.48578026588162
"FT1567",4.48578026588162
"FT1568",4.48578026588162
"FT1569",4.48578026588162
"FT1570",4.48578026588162
"FT1571",4.48578026588162
"FT1572",4.48578026588162
"FT1573",4.48578026588162
"FT1574",4.48578026588162
"FT1575",4.48578026588162
"FT1576",4.48578026588162
"FT1577",4.48578026588162
"FT1578",1.21472251272283
"FT1580",-0.203798726737691
"FT1581",-0.117494084828371
"FT1582",1.44865051401645
"FT1583",0.269800252829763
"FT1584",1.74434865541513
"FT1585",0.381498945756727
"FT1586",-0.921866955942242
"FT1587",0.118702979456446
"FT1588",0.142247818612969
"FT1589",-0.596342679771579
"FT1590",-0.442103560665067
"FT1591",-0.259883368500472
"FT1592",-0.194969607500341
"FT1593",-0.245056134901465
"FT1594",-0.320119766312901
"FT1595",0.145922417515386
"FT1596",0.569642506256515
"FT1597",-0.217709978421351
"FT1598",4.48578026588162
"FT1599",4.48578026588162
"FT1600",4.48578026588162
"FT1601",4.48578026588162
"FT1602",4.48578026588162
"FT1603",4.48578026588162
"FT1604",4.48578026588162
"FT1605",4.48578026588162
"FT1606",0.254985867355633
"FT1607",4.48578026588162
"FT1608",1.42832257558436
"FT1609",4.48578026588162
"FT1610",1.89818678684186
"FT1611",1.76626733597342
"FT1612",4.48578026588162
"FT1613",1.32636741912334
"FT1614",2.22623325511713
"FT1615",0.447005348682753
"FT1616",-0.265423361317307
"FT1617",0.0641728393166192
"FT1618",0.106339651142059
"FT1621",4.48578026588162
"FT1622",4.48578026588162
"FT1623",0.245649630147632
"FT1624",0.350654236523907
"FT1625",0.249071190399302
"FT1626",0.420453745453914
"FT1627",0.157089306907007
"FT1628",0.257134716997553
"FT1629",0.272198916056711
"FT1630",-0.166817735449439
"FT1631",0.58679618148094
"FT1632",0.64414452651479
"FT1633",0.297550128851984
"FT1634",-0.126693011762602
"FT1635",0.204337469287366
"FT1636",0.183569327254058
"FT1637",0.243457334895984
"FT1638",-0.232262628692286
"FT1639",0.292153348634751
"FT1640",0.156691055179733
"FT1641",0.198422576676915
"FT1642",0.238579366467061
"FT1643",0.099728850448934
"FT1644",0.293238332667566
"FT1645",0.185263924554386
"FT1646",0.280561283863059
"FT1647",0.171172835380762
"FT1648",0.102104490991802
"FT1649",0.179068134121871
"FT1650",0.0607417123439337
"FT1651",0.200729145118079
"FT1652",0.314539645624711
"FT1653",0.224946468553948
"FT1654",0.507593550440057
"FT1655",-0.165549577492194
"FT1656",-0.104870175522868
"FT1657",0.18494173740011
"FT1658",0.191377443199772
"FT1659",0.211548914126456
"FT1660",0.205604142494949
"FT1661",0.205237832555306
"FT1662",0.186107679865113
"FT1663",0.268136468600497
"FT1664",-0.858709496269015
"FT1665",0.172952272922944
"FT1666",-0.000640491765342063
"FT1667",-0.176908250397676
"FT1668",4.48578026588162
"FT1669",-0.0932020084395315
"FT1670",-0.0370909065544131
"FT1671",0.137155855644511
"FT1672",0.0810063534622479
"FT1673",4.48578026588162
"FT1674",0.399189255065386
"FT1675",-0.018906575304099
"FT1676",0.585886504226823
"FT1677",0.5216900148308
"FT1678",1.19879473602969
"FT1679",1.73350771761223
"FT1680",-0.162950009540831
"FT1681",0.22773234390556
"FT1682",-0.322733024939927
"FT1683",-0.0457134120309991
"FT1684",4.48578026588162
"FT1685",4.48578026588162
"FT1686",4.48578026588162
"FT1687",4.48578026588162
"FT1688",4.48578026588162
"FT1689",4.48578026588162
"FT1690",0.0925244262934933
"FT1691",0.109223022976192
"FT1692",4.48578026588162
"FT1693",4.48578026588162
"FT1694",4.48578026588162
"FT1695",4.48578026588162
"FT1696",4.48578026588162
"FT1697",-0.177531216827374
"FT1698",0.112339288699943
"FT1699",4.48578026588162
"FT1700",4.48578026588162
"FT1701",1.00875920258384
"FT1702",0.111083894282563
"FT1703",0.0679310474519892
"FT1704",0.104520594061893
"FT1705",-0.853425094216981
"FT1706",0.209299468329424
"FT1707",-0.0982556627347528
"FT1708",-0.086305469829088
"FT1709",4.48578026588162
"FT1710",4.48578026588162
"FT1711",0.647633094424824
"FT1712",4.48578026588162
"FT1713",-0.209892257316478
"FT1714",4.48578026588162
"FT1715",4.48578026588162
"FT1716",4.48578026588162
"FT1717",4.48578026588162
"FT1718",0.090634908587506
"FT1719",-0.21371807914188
"FT1720",-0.213307040294695
"FT1721",0.111738216997062
"FT1722",-0.26340036761326
"FT1723",4.48578026588162
"FT1724",0.162073891235477
"FT1725",0.341469928164994
"FT1726",0.298476142947711
"FT1727",0.174552204596611
"FT1728",-0.240130621287206
"FT1729",0.0106053706571384
"FT1730",4.48578026588162
"FT1731",4.48578026588162
"FT1732",4.48578026588162
"FT1733",4.48578026588162
"FT1734",0.744815853476743
"FT1735",4.48578026588162
"FT1736",-0.0297606950610655
"FT1737",-0.391902144462809
"FT1738",0.197787168170259
"FT1739",-0.891643955253977
"FT1740",0.185784746569453
"FT1741",0.643690604618663
"FT1742",-0.137161817444345
"FT1743",-0.0132819888123836
"FT1744",0.499704381111559
"FT1745",0.139835540329369
"FT1746",-0.133268077100579
"FT1747",4.48578026588162
"FT1748",0.0239476135831305
"FT1749",0.0111984276344213
"FT1750",0.00763705901653196
"FT1751",0.418230798356244
"FT1752",0.00521062610965643
"FT1753",-0.191604579013278
"FT1754",-0.0635550333343578
"FT1755",4.48578026588162
"FT1756",-0.252487759811262
"FT1757",-0.180465087133637
"FT1758",4.48578026588162
"FT1759",0.527978777330018
"FT1760",-0.209144889383435
"FT1761",0.101405971078746
"FT1762",0.26108125132646
"FT1763",0.169733633476743
"FT1764",-0.157889889783364
"FT1765",0.0583505405799806
"FT1766",4.48578026588162
"FT1767",0.594450831882626
"FT1768",0.0857055592320802
"FT1769",-0.0442680094817095
"FT1770",4.48578026588162
"FT1771",4.48578026588162
"FT1772",-0.0414173232546987
"FT1773",0.395834341383418
"FT1774",4.48578026588162
"FT1775",-0.170668517402515
"FT1776",-0.0339721893383788
"FT1777",0.977363710674621
"FT1778",0.714128960709052
"FT1779",-0.308915003161904
"FT1780",4.48578026588162
"FT1781",-0.3853511442403
"FT1782",-0.128137995922915
"FT1783",0.212660405729007
"FT1784",-0.695799754310168
"FT1785",-0.338904212649659
"FT1786",-0.125583382230466
"FT1787",-0.267389405399241
"FT1788",0.371244048374746
"FT1789",-0.906032806743939
"FT1790",0.35146656817462
"FT1791",-0.124873237542034
"FT1792",-0.140653084172594
"FT1793",4.48578026588162
"FT1794",0.284396621427867
"FT1795",0.260090147525887
"FT1796",0.301233838872527
"FT1797",-0.457163880440307
"FT1798",-0.0976711751709355
"FT1799",4.48578026588162
"FT1800",0.77725484741283
"FT1801",0.248894554575616
"FT1802",0.277623853200353
"FT1803",-0.308315027592784
"FT1804",-0.430210555432606
"FT1805",-0.315584171988323
"FT1806",-0.459631154680959
"FT1807",-0.0104237263978633
"FT1808",-0.237261942463017
"FT1809",0.0525782435124013
"FT1810",4.48578026588162
"FT1811",0.0546007494100784
"FT1812",0.0840693763361821
"FT1813",-0.315527748894447
"FT1814",-0.457880120406269
"FT1815",0.191601763502508
"FT1816",0.0300136932655923
"FT1817",-0.0243413967944547
"FT1818",-0.217629397868765
"FT1819",-0.201404031238111
"FT1820",-0.101621857317712
"FT1821",0.107691597829094
"FT1822",-0.0317423411997234
"FT1823",4.48578026588162
"FT1824",-0.337316075997513
"FT1825",-0.0164985865215228
"FT1826",4.48578026588162
"FT1827",0.424297441690432
"FT1828",0.330347282679507
"FT1829",-0.339122899024805
"FT1830",-0.294298823024924
"FT1831",0.333949307719634
"FT1832",-0.113721616899964
"FT1833",-0.00870049048032422
"FT1834",4.48578026588162
"FT1835",-0.457322337374417
"FT1836",0.482175615835031
"FT1837",-0.116561638377738
"FT1838",-0.29066426803777
"FT1839",0.671898858774257
"FT1840",-0.114617549042742
"FT1841",0.182704423825571
"FT1842",0.209100443409607
"FT1843",0.687013027685856
"FT1844",-0.360318373790169
"FT1845",-0.0968812853097904
"FT1846",-0.22045132546073
"FT1847",-0.435916438980265
"FT1848",0.16878890803168
"FT1849",-0.0907317310075421
"FT1850",0.145652415633051
"FT1851",4.48578026588162
"FT1852",0.588513073850122
"FT1853",-0.158362602387003
"FT1854",-0.211197269903417
"FT1855",-0.440256566280336
"FT1856",0.072912385839587
"FT1857",-0.199246705233164
"FT1858",-0.318943628519059
"FT1859",0.205398820941695
"FT1860",0.278706814060546
"FT1861",-0.496395092254886
"FT1862",-0.206077721196308
"FT1863",0.131443424105462
"FT1864",-0.265533302953982
"FT1865",4.48578026588162
"FT1866",0.283256264803861
"FT1867",-0.331962487896319
"FT1868",-0.140358650125244
"FT1869",4.48578026588162
"FT1870",-0.18308754416885
"FT1871",0.510278091917457
"FT1872",-0.247913878855252
"FT1873",-0.413912767165217
"FT1874",-0.432854787214488
"FT1875",-0.427567748876988
"FT1876",0.427192361751617
"FT1877",-0.421050266106607
"FT1878",0.258762169315217
"FT1879",-0.311813543913362
"FT1880",0.593847190336292
"FT1881",-0.136290179063538
"FT1882",-0.102146341845049
"FT1883",0.261459096096906
"FT1884",4.48578026588162
"FT1885",-0.0565967793196347
"FT1886",0.219001426913203
"FT1887",-0.566267960676148
"FT1888",0.372374066683199
"FT1889",0.0163405292904455
"FT1890",0.2857461249047
"FT1891",4.48578026588162
"FT1892",1.0995731783358
"FT1893",-0.00431096758556309
"FT1894",-0.456700490411919
"FT1895",-0.435080753694765
"FT1896",-0.321893186676678
"FT1897",0.143286239465476
"FT1898",0.0873316841826594
"FT1899",-0.370960084997491
"FT1900",0.312773770525647
"FT1901",-0.0544134356080092
"FT1902",0.375113483820829
"FT1903",0.215678063422421
"FT1904",0.548521173576326
"FT1905",-0.362360070569509
"FT1906",-0.0585565417003692
"FT1907",0.665839260747737
"FT1908",0.0994997123433728
"FT1909",-0.350634112508033
"FT1910",-0.134274817043239
"FT1911",0.239454273932296
"FT1912",0.336646586866819
"FT1913",0.176805693335402
"FT1914",0.0735512359707108
"FT1915",0.10889810902353
"FT1916",0.215045094392963
"FT1917",0.131612001809504
"FT1918",0.212985907731452
"FT1919",0.10795723112952
"FT1920",0.191879947730392
"FT1921",0.22762856313644
"FT1922",-0.206037899417541
"FT1923",4.48578026588162
"FT1924",0.142207462214184
"FT1925",0.055134350712978
"FT1926",0.430951728720856
"FT1927",-0.178268620543601
"FT1928",0.114637347971878
"FT1929",-0.348160581654351
"FT1930",0.256833488953428
"FT1931",0.074881187598285
"FT1932",0.166711632124097
"FT1933",-0.364357238608125
"FT1934",-0.0441806344598468
"FT1935",-0.187062534558411
"FT1936",-0.291334727051682
"FT1937",0.385415412046208
"FT1938",-0.260443285528725
"FT1939",-0.351715787811969
"FT1940",-0.0932782376977249
"FT1941",0.476650993875976
"FT1942",0.842813451164359
"FT1943",-0.478458270599593
"FT1944",-0.525234090192392
"FT1945",0.30282603113629
"FT1946",-0.359665897972134
"FT1947",0.0187026447973301
"FT1948",-0.19301101654333
"FT1949",0.449473111764673
"FT1950",-0.0594106802703964
"FT1951",-0.336671609183942
"FT1952",0.198281960782059
"FT1953",-0.338495324584312
"FT1954",-0.296152312537506
"FT1955",-0.273244379351733
"FT1956",-0.110792800947497
"FT1957",-0.264115159977448
"FT1958",-0.281463899341726
"FT1959",0.410712652427851
"FT1960",0.336029515361308
"FT1961",-0.148152917557313
"FT1962",-0.116341575170861
"FT1963",-0.356349178320269
"FT1964",0.623702678652467
"FT1965",0.343026672368879
"FT1966",-0.13404028199107
"FT1967",-0.0387632409861469
"FT1968",-0.435205338468467
"FT1969",0.44039793424238
"FT1970",-0.25536051967436
"FT1971",-0.365742386840249
"FT1972",0.547058577731297
"FT1973",-0.437938079941375
"FT1974",0.114797025686449
"FT1975",-0.540134449258784
"FT1976",0.141277830728505
"FT1977",-0.194126064512516
"FT1978",0.41520631991428
"FT1979",0.936463898131044
"FT1980",-0.121990518189704
"FT1981",0.748661590005652
"FT1982",-0.672930555156298
"FT1983",0.6141054140216
"FT1984",-0.432901699691728
"FT1985",0.263656461747009
"FT1986",-0.158073145550418
"FT1987",4.48578026588162
"FT1988",0.439037338535248
"FT1989",-0.136010402008526
"FT1990",-0.166410418283594
"FT1991",0.888738374963262
"FT1992",0.206212575236485
"FT1993",-0.314267989601071
"FT1994",-0.203519185928005
"FT1995",-0.289382755728528
"FT1996",0.0756689257756835
"FT1997",-0.369556807633413
"FT1998",0.330070434482256
"FT1999",-0.0892329144061878
"FT2000",-0.356711757585758
"FT2001",0.32326575038669
"FT2002",-0.26042965575151
"FT2003",0.0451164843021563
"FT2004",-0.070128969973552
"FT2005",-0.276669681288842
"FT2006",0.169307967165153
"FT2007",0.386645901851193
"FT2008",-0.36252528786269
"FT2009",0.369822752448021
"FT2010",-0.341497508409793
"FT2011",1.05810194217174
"FT2012",-0.0848720680465078
"FT2013",1.23035430328729
"FT2014",-0.176122493016721
"FT2015",0.413463551979415
"FT2016",-0.267827132497144
"FT2017",-0.0264333422871637
"FT2018",-0.184808549713866
"FT2019",0.543859566458253
"FT2020",-0.369004634290234
"FT2021",-0.0353994321053213
"FT2022",-0.395103829104044
"FT2023",0.370011255854304
"FT2024",-0.0691768175789444
"FT2025",-0.343877723359081
"FT2026",0.68253953973903
"FT2027",-0.328796399304753
"FT2028",0.440286304294191
"FT2029",-0.176832934386485
"FT2030",0.505865997481635
"FT2031",0.0568830447807936
"FT2032",-0.39792309566994
"FT2033",-0.629579635233259
"FT2034",0.521244841448635
"FT2035",-0.0833243159606049
"FT2036",1.7239130283134
"FT2037",0.00954630084547584
"FT2038",0.324029783404551
"FT2039",-0.340715581450937
"FT2040",0.346033825708436
