"feat_id","t_pval"
"FT0001",-0.00815741715685758
"FT0002",-0.0735869322841534
"FT0003",-0.418655638958486
"FT0004",-0.0443311107340913
"FT0005",0.000434077479318593
"FT0006",-0.0443311107340913
"FT0007",0.000434077479318593
"FT0008",-0.424812155072339
"FT0009",-0.320138500180676
"FT0010",0.000434077479318593
"FT0011",-0.0350013179442946
"FT0012",-0.249106079617875
"FT0013",-0.0350013179442946
"FT0014",0.000434077479318593
"FT0015",-0.150652860205914
"FT0016",-0.191210481943279
"FT0017",-0.0258677458007026
"FT0018",-0.525680086416478
"FT0019",-0.162869763259263
"FT0020",-0.953029688658466
"FT0021",-0.717383155735884
"FT0022",-0.860774568959339
"FT0023",-1.19382002601611
"FT0024",-0.787380548213522
"FT0025",-1.16115090926274
"FT0026",-0.634079375298091
"FT0027",-0.741794400635701
"FT0028",-0.94711497386962
"FT0029",-0.909310963290165
"FT0030",-0.0636144043361939
"FT0031",-0.0258677458007026
"FT0032",-0.20757495583164
"FT0033",-0.0636144043361939
"FT0034",-0.331132301118924
"FT0035",-0.0636144043361939
"FT0036",-0.467116341687065
"FT0037",-0.00815741715685758
"FT0038",0.000434077479318593
"FT0039",-0.0837938480373
"FT0040",-0.104956812005768
"FT0041",0.000434077479318593
"FT0042",-0.286686340925162
"FT0043",-0.419624712062737
"FT0044",-0.334245631637038
"FT0045",-0.254491477749811
"FT0046",-0.162869763259263
"FT0047",-0.175440305426086
"FT0048",-0.0636144043361939
"FT0049",-0.406685526367903
"FT0050",-0.0636144043361939
"FT0051",-0.0735869322841534
"FT0052",-0.0735869322841534
"FT0053",-0.362674592075173
"FT0054",-0.0169223103543461
"FT0055",-0.61432543036728
"FT0056",-0.20757495583164
"FT0057",-0.0350013179442946
"FT0058",-0.127204101357308
"FT0059",-0.0350013179442946
"FT0060",-0.265859333888371
"FT0061",-0.675498635235551
"FT0062",-0.507610506989132
"FT0063",-0.0258677458007026
"FT0064",-0.559979155005367
"FT0065",-0.191210481943279
"FT0066",-0.127204101357308
"FT0067",-0.104956812005768
"FT0068",-0.791526785670108
"FT0069",-0.20757495583164
"FT0070",-0.341468282415748
"FT0071",-0.138770242092412
"FT0072",-0.240835977271634
"FT0073",-0.138770242092412
"FT0074",-0.5274873309204
"FT0075",-0.440593854535593
"FT0076",-0.0538657406127805
"FT0077",-0.0350013179442946
"FT0078",-0.0735869322841534
"FT0079",-0.150652860205914
"FT0080",-0.150652860205914
"FT0081",-0.183397189597301
"FT0082",-0.1159380165294
"FT0083",-0.0538657406127805
"FT0084",-0.505690770237747
"FT0085",0.000434077479318593
"FT0086",-0.0350013179442946
"FT0087",-0.0636144043361939
"FT0088",-0.0942464351250062
"FT0089",-0.254491477749811
"FT0090",-1.03621217265444
"FT0091",-0.0443311107340913
"FT0092",-0.150652860205914
"FT0093",-0.104956812005768
"FT0094",-0.0538657406127805
"FT0095",-0.0258677458007026
"FT0096",-0.1159380165294
"FT0097",-0.415990035535638
"FT0098",-0.716377261018885
"FT0099",-0.219005359356199
"FT0100",-0.525680086416478
"FT0101",-1.14874165128092
"FT0102",-1.72124639904717
"FT0103",-1.04095860767891
"FT0104",-0.435672171342813
"FT0105",-0.473660722610156
"FT0106",-0.00815741715685758
"FT0107",-1.27572413039921
"FT0108",-1.2839966563652
"FT0109",-0.692460744405201
"FT0110",-1.20065945054642
"FT0111",-1.67778070526608
"FT0112",-0.0942464351250062
"FT0113",-1.10237290870956
"FT0114",-1.02356832131681
"FT0115",-1.14874165128092
"FT0116",-0.707343669500047
"FT0117",0.000434077479318593
"FT0118",-3
"FT0119",-0.272187732365518
"FT0120",-0.0636144043361939
"FT0121",-0.104956812005768
"FT0122",-1.17392519729917
"FT0123",-0.924888300374095
"FT0124",-0.20757495583164
"FT0125",-0.138770242092412
"FT0126",-0.574738154966831
"FT0127",-0.150652860205914
"FT0128",-0.00815741715685758
"FT0129",-0.544264637132741
"FT0130",-0.0538657406127805
"FT0131",-0.127204101357308
"FT0132",-0.260729118109104
"FT0133",-3
"FT0134",-0.0942464351250062
"FT0135",-0.60316273827189
"FT0136",-0.657900070333305
"FT0137",-0.138770242092412
"FT0138",-0.00815741715685758
"FT0139",-0.138770242092412
"FT0140",-0.265859333888371
"FT0141",-0.651870229221269
"FT0142",-0.150652860205914
"FT0143",-0.0735869322841534
"FT0144",-0.484228019659705
"FT0145",-0.254491477749811
"FT0146",-0.162869763259263
"FT0147",-0.419624712062737
"FT0148",-0.451068909886618
"FT0149",-2.69897000433602
"FT0150",-0.354631891247683
"FT0151",-0.316519351013964
"FT0152",0.000434077479318593
"FT0153",-0.429938044483906
"FT0154",-1.03146039387031
"FT0155",-1.13076828026902
"FT0156",-0.410608976863067
"FT0157",-0.175440305426086
"FT0158",-0.393957856987317
"FT0159",-1.05551732784983
"FT0160",-0.204849640424542
"FT0161",-0.707343669500047
"FT0162",-0.183397189597301
"FT0163",-0.286686340925162
"FT0164",-0.979612907543567
"FT0165",-0.00815741715685758
"FT0166",-0.1159380165294
"FT0167",-0.210148209565801
"FT0168",-0.1159380165294
"FT0169",-0.490219824733643
"FT0170",-0.46491264993407
"FT0171",-0.475820321699244
"FT0172",-0.747802076347963
"FT0173",-0.513318997856022
"FT0174",-0.377330449029194
"FT0175",-0.249106079617875
"FT0176",0.000434077479318593
"FT0177",-0.150652860205914
"FT0178",-0.0169223103543461
"FT0179",-0.719387909807232
"FT0180",-0.0942464351250062
"FT0181",-1.22184874961636
"FT0182",-0.254491477749811
"FT0183",-0.233339338625867
"FT0184",-0.966002160514184
"FT0185",-0.427382702785309
"FT0186",0.000434077479318593
"FT0187",-0.0636144043361939
"FT0188",-0.266618231000474
"FT0189",-0.362674592075173
"FT0190",-0.324025367031318
"FT0191",-0.484228019659705
"FT0192",-0.0443311107340913
"FT0193",-0.194546016583351
"FT0194",-0.20757495583164
"FT0195",-0.242278697581557
"FT0196",-0.286686340925162
"FT0197",-1.4089353929735
"FT0198",-0.842784375539907
"FT0199",-0.605980645469206
"FT0200",-0.312487707799028
"FT0201",-0.219005359356199
"FT0202",-0.460234424878344
"FT0203",-0.795402474730436
"FT0204",-0.744087000050004
"FT0205",-0.291405687276374
"FT0206",-0.138770242092412
"FT0207",-0.879582768951688
"FT0208",-0.505690770237747
"FT0209",-0.266618231000474
"FT0210",-0.0538657406127805
"FT0211",-0.611561758239098
"FT0212",-0.396855627379818
"FT0213",-0.0538657406127805
"FT0214",-0.44831674505477
"FT0215",-0.0942464351250062
"FT0216",-0.0837938480373
"FT0217",-0.1159380165294
"FT0218",-0.0443311107340913
"FT0219",-1.03405885700255
"FT0220",-0.509521740838263
"FT0221",-1.74472749489669
"FT0222",-1.65757731917779
"FT0223",-0.795402474730436
"FT0224",-1.22184874961636
"FT0225",-0.61432543036728
"FT0226",-1.19382002601611
"FT0227",-1.25963731050576
"FT0228",-1.01867227044233
"FT0229",-1.07058107428571
"FT0230",-0.0538657406127805
"FT0231",-0.179550676750589
"FT0232",-0.433190138338661
"FT0233",-0.162869763259263
"FT0234",-0.194546016583351
"FT0235",-0.210148209565801
"FT0236",-0.726331805173713
"FT0237",-0.0443311107340913
"FT0238",-1.13667713987954
"FT0239",-0.327380177570745
"FT0240",-0.194546016583351
"FT0241",-0.162869763259263
"FT0242",-0.162869763259263
"FT0243",-0.0443311107340913
"FT0244",-0.0169223103543461
"FT0245",-2.30102999566398
"FT0246",-0.183397189597301
"FT0247",-0.0837938480373
"FT0248",-0.240835977271634
"FT0249",-0.429938044483906
"FT0250",-0.44831674505477
"FT0251",-1.19382002601611
"FT0252",-0.0258677458007026
"FT0253",-0.518952948873926
"FT0254",-0.383432687339199
"FT0255",-0.312487707799028
"FT0256",-0.375418998834453
"FT0257",-0.663846592725203
"FT0258",-0.581161904805224
"FT0259",-0.175440305426086
"FT0260",-0.0837938480373
"FT0261",-0.162869763259263
"FT0262",-0.334852148461338
"FT0263",-0.0443311107340913
"FT0264",-0.150652860205914
"FT0265",-0.597432823074745
"FT0266",-0.0942464351250062
"FT0267",-0.357079128246288
"FT0268",-0.0443311107340913
"FT0269",-0.380392337444951
"FT0270",-0.265859333888371
"FT0271",0.000434077479318593
"FT0272",-0.0350013179442946
"FT0273",-0.451068909886618
"FT0274",-0.204849640424542
"FT0275",-0.00815741715685758
"FT0276",-0.320138500180676
"FT0277",0.000434077479318593
"FT0278",-0.138770242092412
"FT0279",-0.162869763259263
"FT0280",-0.127204101357308
"FT0281",-0.393957856987317
"FT0282",-0.739891740216125
"FT0283",-0.419624712062737
"FT0284",-0.175440305426086
"FT0285",-0.766901078546833
"FT0286",-1.01235829587516
"FT0287",-0.8260104120858
"FT0288",-0.766795764582584
"FT0289",-0.183397189597301
"FT0290",-1.49485002168009
"FT0291",-0.843498987275734
"FT0292",-1.38721614328026
"FT0293",-0.754227116668051
"FT0294",-0.0350013179442946
"FT0295",-0.0169223103543461
"FT0296",-0.0169223103543461
"FT0297",0.000434077479318593
"FT0298",-0.282099435328384
"FT0299",-0.291225122763693
"FT0300",-0.0735869322841534
"FT0301",-1.67778070526608
"FT0302",-0.127204101357308
"FT0303",-0.286686340925162
"FT0304",-0.731223915491373
"FT0305",-0.194546016583351
"FT0306",0.000434077479318593
"FT0307",-0.227275513685192
"FT0308",0.000434077479318593
"FT0309",-0.225334962506667
"FT0310",-0.281714988909665
"FT0311",-0.651870229221269
"FT0312",-0.276977584472353
"FT0313",-0.577828578155073
"FT0314",-0.138770242092412
"FT0315",-0.563743785258375
"FT0316",-0.0258677458007026
"FT0317",-0.127204101357308
"FT0318",-0.162869763259263
"FT0319",-0.383432687339199
"FT0320",-0.556713300686209
"FT0321",-0.179550676750589
"FT0322",-0.0538657406127805
"FT0323",-0.00815741715685758
"FT0324",-0.903892125846132
"FT0325",-1.2839966563652
"FT0326",-0.496246961653785
"FT0327",-0.0636144043361939
"FT0328",-0.44594370605604
"FT0329",-0.0169223103543461
"FT0330",-0.840633358366297
"FT0331",-0.183397189597301
"FT0332",-1.30980391997149
"FT0333",-1.22184874961636
"FT0334",-3
"FT0335",0.000434077479318593
"FT0336",0.000434077479318593
"FT0337",-0.265859333888371
"FT0338",-0.0350013179442946
"FT0339",-0.191210481943279
"FT0340",0.000434077479318593
"FT0341",-1.22184874961636
"FT0342",-0.266618231000474
"FT0343",-0.320138500180676
"FT0344",-0.374246715488139
"FT0347",-0.00815741715685758
"FT0348",-0.0258677458007026
"FT0349",-0.334852148461338
"FT0350",-0.48214139740793
"FT0351",-0.952471599825573
"FT0352",-0.0443311107340913
"FT0353",-0.0258677458007026
"FT0354",-0.183397189597301
"FT0355",-0.150652860205914
"FT0356",-1.88605664769316
"FT0357",-0.393957856987317
"FT0358",-0.986502811302889
"FT0359",0.000434077479318593
"FT0360",-1.22184874961636
"FT0361",-1.32790214206428
"FT0362",-0.312487707799028
"FT0363",-0.240835977271634
"FT0364",-0.0636144043361939
"FT0365",-0.323595214027035
"FT0366",-0.00815741715685758
"FT0367",-0.659095966603537
"FT0368",-3
"FT0369",-0.0169223103543461
"FT0370",-0.235016516014233
"FT0371",-0.0538657406127805
"FT0372",-0.162869763259263
"FT0373",-0.138770242092412
"FT0374",-0.0443311107340913
"FT0375",-1.82390874094432
"FT0376",-1.3767507096021
"FT0377",-1.61978875828839
"FT0378",-1.30980391997149
"FT0379",-1.13667713987954
"FT0380",-1.01732714334726
"FT0381",-1.15490195998574
"FT0382",-0.566913749499254
"FT0383",-1.01552699781799
"FT0384",-1.44369749923271
"FT0385",-0.362674592075173
"FT0386",-0.574738154966831
"FT0387",-0.726331805173713
"FT0388",-0.471490266119472
"FT0389",-0.227275513685192
"FT0390",-1.06048074738138
"FT0391",-0.835571907400567
"FT0392",-1.20065945054642
"FT0393",-1.09151498112135
"FT0394",-3
"FT0395",-0.175440305426086
"FT0396",-0.801819886551546
"FT0397",-0.419624712062737
"FT0398",-3
"FT0399",-0.162869763259263
"FT0400",-0.927163770406981
"FT0401",-1.67778070526608
"FT0402",-1.95860731484178
"FT0403",-1.69897000433602
"FT0404",-1.61978875828839
"FT0405",-0.823773280258158
"FT0406",-0.183397189597301
"FT0407",-0.265859333888371
"FT0408",-0.286686340925162
"FT0409",-0.197682466432642
"FT0410",-1.42021640338319
"FT0411",-1.05060999335509
"FT0412",-1.85387196432176
"FT0413",0.000434077479318593
"FT0414",-0.638765268102963
"FT0415",-0.908712252383004
"FT0416",-0.334245631637038
"FT0417",-1.05551732784983
"FT0418",-0.912885717870269
"FT0419",-1.72124639904717
"FT0420",-0.792157397571667
"FT0421",-0.545971821871748
"FT0422",-1.49485002168009
"FT0423",-0.789873096586159
"FT0424",-1.16115090926274
"FT0425",-0.906308984917875
"FT0426",-1.43179827593301
"FT0427",-1.21467016498923
"FT0428",-1.06048074738138
"FT0429",-0.838471484216104
"FT0430",-0.590113018691077
"FT0431",-1.05060999335509
"FT0432",-0.838471484216104
"FT0433",-1.10790539730952
"FT0434",-0.881289688839776
"FT0435",-0.276977584472353
"FT0436",-1.19382002601611
"FT0437",-0.561602852139195
"FT0438",-0.986014353783225
"FT0439",-1.72124639904717
"FT0440",-0.930554399932131
"FT0441",-0.866163677176241
"FT0442",-0.713545663822564
"FT0443",-0.138770242092412
"FT0444",-0.227275513685192
"FT0445",-0.194546016583351
"FT0446",-0.561602852139195
"FT0447",-0.281714988909665
"FT0448",-1.35654732351381
"FT0449",-0.809708910972934
"FT0450",-1.20760831050175
"FT0451",-1.09691001300806
"FT0452",-0.685862578364181
"FT0453",-1.63827216398241
"FT0454",-0.344273069206106
"FT0455",-0.523865238869973
"FT0456",-0.0169223103543461
"FT0457",-0.573184594450999
"FT0458",0.000434077479318593
"FT0459",-0.104956812005768
"FT0460",-0.0636144043361939
"FT0461",-0.617071483284167
"FT0462",-0.271572427394633
"FT0463",-0.249106079617875
"FT0464",-0.0636144043361939
"FT0465",-0.00815741715685758
"FT0466",-0.0443311107340913
"FT0467",0.000434077479318593
"FT0468",0.000434077479318593
"FT0469",-0.1159380165294
"FT0470",-0.0636144043361939
"FT0471",-1.4089353929735
"FT0472",-0.413307883575726
"FT0473",-1.35654732351381
"FT0474",-0.282099435328384
"FT0475",-0.991881574800961
"FT0476",-1.14266750356873
"FT0477",-0.912291998551363
"FT0478",-0.0350013179442946
"FT0479",-0.983563629155219
"FT0480",-0.266618231000474
"FT0481",-0.104956812005768
"FT0482",-1.2839966563652
"FT0483",-0.175440305426086
"FT0484",0.000434077479318593
"FT0485",-0.320138500180676
"FT0486",-0.127204101357308
"FT0487",-0.503762454833265
"FT0488",-0.138770242092412
"FT0489",-0.396855627379818
"FT0490",-0.162869763259263
"FT0491",-2.15490195998574
"FT0492",-1.79588001734408
"FT0493",-0.191210481943279
"FT0494",-0.41700744373796
"FT0495",-0.986990709333027
"FT0496",-0.905706050310087
"FT0497",-0.42222621977774
"FT0498",-0.353733088169085
"FT0499",-1.55284196865778
"FT0500",-0.486304603647278
"FT0501",-1.52287874528034
"FT0502",-0.0169223103543461
"FT0503",-3
"FT0504",-2.30102999566398
"FT0505",-1.3767507096021
"FT0506",-0.0837938480373
"FT0507",-0.00815741715685758
"FT0508",-1.17392519729917
"FT0509",-0.95929053979841
"FT0510",-0.622230698049859
"FT0511",-0.219005359356199
"FT0512",-1.14266750356873
"FT0513",-0.406685526367903
"FT0514",-1.10237290870956
"FT0515",-1.14266750356873
"FT0516",-2.22184874961636
"FT0517",-3
"FT0518",-0.271572427394633
"FT0519",-0.20757495583164
"FT0520",-0.631474367514987
"FT0521",-0.191210481943279
"FT0522",0.000434077479318593
"FT0523",-0.453378591035224
"FT0524",-0.453378591035224
"FT0525",-0.0258677458007026
"FT0526",-0.612945810766522
"FT0527",-1.15490195998574
"FT0528",-0.127204101357308
"FT0529",-0.300162274132754
"FT0530",-0.179550676750589
"FT0531",-0.61432543036728
"FT0532",-0.0837938480373
"FT0533",-0.457961219864625
"FT0535",-0.977124973810509
"FT0536",-0.00815741715685758
"FT0537",-1.06550154875643
"FT0538",-1.02401063428008
"FT0539",-1.09151498112135
"FT0540",-1.2839966563652
"FT0541",-1.33724216831843
"FT0542",-2.52287874528034
"FT0543",-0.255537348500936
"FT0544",0.000434077479318593
"FT0545",-0.00815741715685758
"FT0546",-0.0636144043361939
"FT0547",-0.1159380165294
"FT0548",-0.0169223103543461
"FT0549",-0.0350013179442946
"FT0550",-1.04095860767891
"FT0551",-0.0942464351250062
"FT0552",-0.281714988909665
"FT0553",-0.1159380165294
"FT0554",-0.240835977271634
"FT0555",-3
"FT0556",0.000434077479318593
"FT0557",-0.945487536577246
"FT0558",-0.308578444840391
"FT0559",0.000434077479318593
"FT0561",-0.0169223103543461
"FT0562",-0.0258677458007026
"FT0563",-0.179550676750589
"FT0564",0.000434077479318593
"FT0565",-3
"FT0566",-1.09691001300806
"FT0567",-1.76955107862173
"FT0568",-0.254491477749811
"FT0569",-1.27572413039921
"FT0570",-0.743153188056583
"FT0571",-0.0258677458007026
"FT0572",0.000434077479318593
"FT0573",0.000434077479318593
"FT0574",-0.162869763259263
"FT0575",-0.0735869322841534
"FT0576",-0.1159380165294
"FT0577",-0.433190138338661
"FT0578",-1.31875876262441
"FT0579",-3
"FT0580",-0.475820321699244
"FT0581",-0.430693760689853
"FT0582",-0.175440305426086
"FT0583",-0.881289688839776
"FT0584",-1.18045606445813
"FT0585",-1.07572071393812
"FT0586",-0.88531653017632
"FT0587",-1.14874165128092
"FT0588",-0.988451059145614
"FT0589",-0.484228019659705
"FT0591",-1.76955107862173
"FT0592",-1.46852108295774
"FT0593",-1.21467016498923
"FT0594",-1.39794000867204
"FT0595",-1.2839966563652
"FT0596",-1.14266750356873
"FT0597",-1.39794000867204
"FT0598",-0.880643038032397
"FT0599",-0.758758275429905
"FT0600",-0.792351245635846
"FT0601",-0.127204101357308
"FT0602",-0.104956812005768
"FT0603",-0.902678551630328
"FT0604",-0.830449938946062
"FT0605",-1.27572413039921
"FT0606",-1.29242982390206
"FT0607",-0.0942464351250062
"FT0608",-1.34678748622466
"FT0609",-0.450676815689466
"FT0610",-1.25963731050576
"FT0611",-0.403899727662453
"FT0612",-0.781507659488176
"FT0613",-0.862803444734813
"FT0614",-0.323595214027035
"FT0615",-0.467116341687065
"FT0616",-1.10237290870956
"FT0617",-0.48214139740793
"FT0618",-0.549366049402994
"FT0619",-0.518952948873926
"FT0620",-0.718646498223621
"FT0621",-1.61978875828839
"FT0622",-0.225334962506667
"FT0623",0.000434077479318593
"FT0624",-0.0837938480373
"FT0625",-1.60205999132796
"FT0626",-1.44369749923271
"FT0627",-0.391040524340948
"FT0628",-0.742217341420858
"FT0629",-0.954054904981174
"FT0630",-0.987964831992756
"FT0631",-1.20065945054642
"FT0632",-0.868832995296726
"FT0633",-1.33724216831843
"FT0634",-0.678034563364999
"FT0635",-0.897789501945149
"FT0636",-1.39794000867204
"FT0637",-0.441158148974181
"FT0638",-1.22184874961636
"FT0639",-0.69572224864455
"FT0640",-0.506108831436826
"FT0641",-0.138770242092412
"FT0642",-0.369093761185014
"FT0643",-0.138770242092412
"FT0644",-2.69897000433602
"FT0645",-1.49485002168009
"FT0646",-0.197682466432642
"FT0647",-0.1159380165294
"FT0648",-0.0942464351250062
"FT0649",-1.67778070526608
"FT0650",-0.242278697581557
"FT0651",-0.20757495583164
"FT0652",-0.451068909886618
"FT0653",-0.308578444840391
"FT0654",-0.427382702785309
"FT0655",-1.32790214206428
"FT0656",-0.300162274132754
"FT0657",-0.793783005012698
"FT0658",-0.0350013179442946
"FT0659",-1.76955107862173
"FT0660",-0.988451059145614
"FT0661",-1.55284196865778
"FT0662",-0.430693760689853
"FT0663",-1.2839966563652
"FT0664",-0.0443311107340913
"FT0665",-0.138770242092412
"FT0666",-0.513318997856022
"FT0667",-0.183397189597301
"FT0668",-0.0538657406127805
"FT0669",-0.882140601227505
"FT0670",-0.0636144043361939
"FT0671",-0.61432543036728
"FT0672",-0.127204101357308
"FT0673",-0.272187732365518
"FT0674",-0.0538657406127805
"FT0675",-0.1159380165294
"FT0676",-0.0443311107340913
"FT0677",-0.219005359356199
"FT0678",-0.0636144043361939
"FT0679",0.000434077479318593
"FT0680",-0.490428038792517
"FT0681",-0.0350013179442946
"FT0682",-0.0735869322841534
"FT0683",-0.0538657406127805
"FT0684",-0.00815741715685758
"FT0685",-0.316519351013964
"FT0686",-0.647551329294493
"FT0687",-0.150652860205914
"FT0688",-0.162869763259263
"FT0689",-0.522042724254264
"FT0690",-0.254491477749811
"FT0691",-0.0735869322841534
"FT0692",-0.272187732365518
"FT0693",-0.204849640424542
"FT0694",0.000434077479318593
"FT0695",-0.286686340925162
"FT0696",-0.362674592075173
"FT0697",-0.503762454833265
"FT0698",-0.985035755181341
"FT0699",-0.20757495583164
"FT0700",-0.799424596388
"FT0701",-0.286686340925162
"FT0702",-0.865493737979567
"FT0703",-3
"FT0704",0.000434077479318593
"FT0705",-0.233339338625867
"FT0706",-0.191210481943279
"FT0707",-0.295806137369351
"FT0708",-0.507610506989132
"FT0709",-0.604573995819429
"FT0710",-0.0735869322841534
"FT0711",-0.150652860205914
"FT0712",-1.01281241513772
"FT0713",-0.0169223103543461
"FT0714",-0.0258677458007026
"FT0715",-0.727314693379012
"FT0716",-0.127204101357308
"FT0717",-0.00815741715685758
"FT0718",-3
"FT0719",-3
"FT0720",-3
"FT0721",-3
"FT0722",-0.1159380165294
"FT0723",-0.254491477749811
"FT0724",-0.300162274132754
"FT0725",-0.179550676750589
"FT0726",-0.1159380165294
"FT0727",-0.281714988909665
"FT0728",-1.30102999566398
"FT0729",-0.662663843868737
"FT0730",-3
"FT0731",-0.744087000050004
"FT0732",-0.216767948852631
"FT0733",-0.393957856987317
"FT0734",-0.00815741715685758
"FT0735",-0.162869763259263
"FT0736",-0.706301248271674
"FT0737",-0.247872722125092
"FT0738",-0.00815741715685758
"FT0739",-0.0837938480373
"FT0740",-1.45593195564972
"FT0741",-0.162869763259263
"FT0742",-0.429938044483906
"FT0743",-1.13667713987954
"FT0744",-0.254491477749811
"FT0745",-0.763242112239138
"FT0746",-0.175440305426086
"FT0748",-0.0636144043361939
"FT0749",-0.0538657406127805
"FT0750",0.000434077479318593
"FT0751",-0.227275513685192
"FT0752",-0.42222621977774
"FT0753",-2.30102999566398
"FT0754",-1.79588001734408
"FT0755",-0.0350013179442946
"FT0756",-0.669712057572658
"FT0757",-0.179550676750589
"FT0758",-0.773836729157637
"FT0759",-0.654942089765084
"FT0760",-0.0350013179442946
"FT0761",-2
"FT0762",0.000434077479318593
"FT0763",-1.95860731484178
"FT0764",-0.801022942123077
"FT0765",-0.624892054946894
"FT0766",-0.889723576987125
"FT0767",-0.854629597398924
"FT0768",-2.09691001300806
"FT0769",-0.477937647794965
"FT0770",-0.0538657406127805
"FT0771",0.000434077479318593
"FT0772",-0.175440305426086
"FT0773",-0.520814701340773
"FT0774",0.000434077479318593
"FT0775",-0.630165929699838
"FT0776",-0.388103364185158
"FT0777",-0.573184594450999
"FT0778",-0.374246715488139
"FT0779",-0.772113295386326
"FT0780",-1.14266750356873
"FT0781",-1.74472749489669
"FT0782",-1.02489388227643
"FT0783",-0.810489888197866
"FT0784",-0.751485290657959
"FT0785",-0.44594370605604
"FT0786",-0.405160054825296
"FT0787",-0.1159380165294
"FT0788",-0.138770242092412
"FT0789",-0.1159380165294
"FT0790",-0.327380177570745
"FT0791",-0.1159380165294
"FT0792",-0.271572427394633
"FT0793",-0.175440305426086
"FT0794",-0.989906418946169
"FT0795",-0.175440305426086
"FT0796",-0.647551329294493
"FT0797",-1.13667713987954
"FT0798",-1.1249387366083
"FT0799",-1.02356832131681
"FT0800",-1.06048074738138
"FT0801",-1.33724216831843
"FT0802",-1.27572413039921
"FT0803",-1.65757731917779
"FT0804",-1.02621532356766
"FT0805",-1.04095860767891
"FT0806",-1.22184874961636
"FT0808",-1.08092190762393
"FT0809",-0.884048987187291
"FT0810",-0.104956812005768
"FT0811",-1.44369749923271
"FT0812",-0.565331680952914
"FT0813",-0.0538657406127805
"FT0814",-0.210148209565801
"FT0815",-0.194546016583351
"FT0816",-0.20757495583164
"FT0817",-0.175440305426086
"FT0818",-0.162869763259263
"FT0819",-0.183397189597301
"FT0820",-0.183397189597301
"FT0821",-0.0258677458007026
"FT0822",-1.52287874528034
"FT0823",-1.18045606445813
"FT0824",-0.354631891247683
"FT0825",-0.978619476541743
"FT0826",-1.65757731917779
"FT0827",-0.304390828578246
"FT0828",-1.01911970245146
"FT0829",-1.29242982390206
"FT0830",-0.681406885925443
"FT0831",-1.72124639904717
"FT0832",-0.523865238869973
"FT0833",-1.10790539730952
"FT0834",-0.503762454833265
"FT0835",-0.240835977271634
"FT0836",-0.104956812005768
"FT0837",-0.272187732365518
"FT0838",-2.39794000867204
"FT0839",-0.00815741715685758
"FT0840",-0.789873096586159
"FT0841",-0.949275278915062
"FT0842",-0.138770242092412
"FT0843",-3
"FT0844",-1.08092190762393
"FT0845",-2.39794000867204
"FT0846",-0.0538657406127805
"FT0847",-0.20757495583164
"FT0848",-0.657900070333305
"FT0849",-2.69897000433602
"FT0850",-1.08092190762393
"FT0851",-0.0538657406127805
"FT0852",-0.365896091693336
"FT0853",-0.1159380165294
"FT0854",-0.616858132963391
"FT0855",-0.316216383739088
"FT0856",-0.104956812005768
"FT0857",-3
"FT0858",-0.242278697581557
"FT0859",-0.654292312557088
"FT0860",-0.265859333888371
"FT0861",-0.138770242092412
"FT0862",-0.295806137369351
"FT0863",-0.138770242092412
"FT0864",-0.175440305426086
"FT0867",-1.55284196865778
"FT0868",-0.823773280258158
"FT0869",-1.18045606445813
"FT0870",-0.998034702531894
"FT0871",-1.46852108295774
"FT0872",-0.82051520092308
"FT0873",-2.09691001300806
"FT0874",-0.266618231000474
"FT0875",-1.29242982390206
"FT0876",-0.879346796277383
"FT0877",-0.926027551020462
"FT0878",-0.523865238869973
"FT0879",-0.415990035535638
"FT0880",-0.507610506989132
"FT0881",-0.520814701340773
"FT0882",-0.249106079617875
"FT0883",-0.375418998834453
"FT0884",-0.266618231000474
"FT0885",-0.954628660952959
"FT0886",-0.388103364185158
"FT0887",-0.611561758239098
"FT0888",-0.242278697581557
"FT0889",-0.265859333888371
"FT0890",-0.0350013179442946
"FT0891",-1.44369749923271
"FT0892",-0.958769859149615
"FT0893",-0.175440305426086
"FT0895",-0.477969171154128
"FT0896",-2.69897000433602
"FT0897",-1.05551732784983
"FT0898",-0.0735869322841534
"FT0899",-0.675771570836518
"FT0900",-0.825265998385549
"FT0901",-3
"FT0902",-1.03015518091535
"FT0903",-1.3767507096021
"FT0904",-0.555071050148539
"FT0905",-0.00815741715685758
"FT0906",-0.271572427394633
"FT0907",-0.183397189597301
"FT0908",-0.127204101357308
"FT0909",-0.0350013179442946
"FT0910",-0.265859333888371
"FT0911",-0.00815741715685758
"FT0912",-3
"FT0913",-0.175440305426086
"FT0914",-0.357079128246288
"FT0915",-0.260729118109104
"FT0916",-0.0942464351250062
"FT0917",-0.471490266119472
"FT0918",-0.162869763259263
"FT0919",0.000434077479318593
"FT0920",-0.0837938480373
"FT0921",-0.194546016583351
"FT0922",-3
"FT0923",-2.15490195998574
"FT0924",-3
"FT0925",-0.537367506705039
"FT0926",0.000434077479318593
"FT0927",-0.509521740838263
"FT0928",-0.372267949716167
"FT0929",-0.870824113295201
"FT0930",-1.36653154442041
"FT0931",-0.0837938480373
"FT0932",-1.35654732351381
"FT0933",-0.890974435839557
"FT0934",-0.0350013179442946
"FT0935",0.000434077479318593
"FT0936",-3
"FT0937",-0.316216383739088
"FT0938",-3
"FT0939",-3
"FT0940",-0.520212477730545
"FT0941",-0.0169223103543461
"FT0942",-0.0350013179442946
"FT0943",-0.0350013179442946
"FT0944",-3
"FT0945",0.000434077479318593
"FT0946",-1.32790214206428
"FT0947",-0.477969171154128
"FT0948",0.000434077479318593
"FT0949",-0.308418130125346
"FT0950",-0.00815741715685758
"FT0951",-0.0350013179442946
"FT0952",-0.0443311107340913
"FT0953",-1.17392519729917
"FT0954",-0.369093761185014
"FT0955",-0.763242112239138
"FT0956",-1.01552699781799
"FT0957",-1.69897000433602
"FT0958",-0.733165268714235
"FT0959",-1.67778070526608
"FT0960",-1.04095860767891
"FT0961",-0.0636144043361939
"FT0962",-0.654942089765084
"FT0963",-1.18045606445813
"FT0965",-3
"FT0966",-0.966514089403765
"FT0967",-0.877395038889754
"FT0968",-1.13667713987954
"FT0969",-0.796209922304266
"FT0970",-1.05551732784983
"FT0971",-0.805782542220081
"FT0972",-0.225334962506667
"FT0973",-0.873464605911359
"FT0974",-0.462495725152113
"FT0976",-1.48148606012211
"FT0977",-0.635375992738517
"FT0978",-0.944399119730588
"FT0979",-1.14266750356873
"FT0980",-0.405160054825296
"FT0981",-1.49485002168009
"FT0982",-1.3767507096021
"FT0983",-1.17392519729917
"FT0985",-0.637495349830408
"FT0986",-2.30102999566398
"FT0987",-0.418655638958486
"FT0988",-0.0169223103543461
"FT0989",-0.216767948852631
"FT0990",-0.709420959232628
"FT0991",-0.204849640424542
"FT0992",-0.985525335501627
"FT0993",-0.104956812005768
"FT0994",-0.561602852139195
"FT0995",-3
"FT0996",-0.413307883575726
"FT0997",-0.0443311107340913
"FT0998",-0.240835977271634
"FT0999",-0.210148209565801
"FT1000",-0.247872722125092
"FT1001",-1.34678748622466
"FT1003",-0.709420959232628
"FT1004",-0.870824113295201
"FT1005",-0.903285769473295
"FT1006",-0.999910220432213
"FT1007",-1.53760200210104
"FT1008",-0.597432823074745
"FT1009",-1.53760200210104
"FT1010",-0.651262572691076
"FT1011",-1.07572071393812
"FT1012",0.000434077479318593
"FT1013",-0.852561515021091
"FT1014",-1.16115090926274
"FT1015",-0.235016516014233
"FT1016",-0.719387909807232
"FT1017",-0.0942464351250062
"FT1018",-0.219005359356199
"FT1019",-0.742217341420858
"FT1020",-0.563220457284633
"FT1021",-2.15490195998574
"FT1022",-0.0735869322841534
"FT1023",-0.219005359356199
"FT1024",-0.210148209565801
"FT1025",-0.345034863915853
"FT1026",-0.0258677458007026
"FT1027",-0.488371245202771
"FT1028",-0.396855627379818
"FT1029",-0.304390828578246
"FT1030",-0.150652860205914
"FT1031",-0.191210481943279
"FT1032",-0.854629597398924
"FT1033",-1.14266750356873
"FT1034",-0.410608976863067
"FT1035",-0.78654647007771
"FT1036",-0.532121300325553
"FT1037",-0.0538657406127805
"FT1038",-0.401095851923469
"FT1039",-0.801022942123077
"FT1040",-0.872806008860913
"FT1041",-0.175440305426086
"FT1042",-0.249106079617875
"FT1043",-0.183397189597301
"FT1044",-0.809708910972934
"FT1045",-0.0942464351250062
"FT1046",-0.8189880249361
"FT1047",-0.0636144043361939
"FT1048",-0.631474367514987
"FT1049",-1.24412514432751
"FT1050",-0.150652860205914
"FT1051",-0.1159380165294
"FT1052",-0.281714988909665
"FT1053",-0.150652860205914
"FT1054",-0.304390828578246
"FT1055",-0.469308842831061
"FT1056",0.000434077479318593
"FT1058",-0.175440305426086
"FT1059",0.000434077479318593
"FT1061",0.000434077479318593
"FT1062",-0.758758275429905
"FT1063",-3
"FT1064",-2.69897000433602
"FT1065",-0.324025367031318
"FT1066",-0.49247507754289
"FT1067",-0.127204101357308
"FT1068",-1.35654732351381
"FT1069",-0.225334962506667
"FT1070",0.000434077479318593
"FT1071",-0.418655638958486
"FT1072",-1.14266750356873
"FT1073",-0.993763237728942
"FT1074",-0.701050887955083
"FT1075",-0.255537348500936
"FT1077",-0.194546016583351
"FT1078",-0.467116341687065
"FT1079",-0.0443311107340913
"FT1080",-0.46491264993407
"FT1081",-0.162869763259263
"FT1082",-0.260729118109104
"FT1083",-0.42222621977774
"FT1084",-0.0735869322841534
"FT1085",0.000434077479318593
"FT1086",0.000434077479318593
"FT1087",0.000434077479318593
"FT1088",-0.162869763259263
"FT1089",-1.35654732351381
"FT1090",-1.72124639904717
"FT1091",-0.626216591166045
"FT1092",-1.31875876262441
"FT1093",-0.835571907400567
"FT1094",-0.505690770237747
"FT1095",-0.617071483284167
"FT1096",-0.610173244322651
"FT1097",-0.517083127631489
"FT1098",-0.853941345978895
"FT1099",-0.204849640424542
"FT1100",-1.15490195998574
"FT1101",-0.789873096586159
"FT1102",-0.175440305426086
"FT1103",-0.406685526367903
"FT1105",-0.896558452158938
"FT1106",-0.728295338385798
"FT1107",-0.551053196966883
"FT1108",-0.0258677458007026
"FT1109",-0.360399469797893
"FT1110",-0.438140023176578
"FT1111",-2.15490195998574
"FT1112",-0.0258677458007026
"FT1113",-0.0258677458007026
"FT1114",-0.260729118109104
"FT1115",-0.0942464351250062
"FT1116",-0.979612907543567
"FT1117",-0.716377261018885
"FT1118",-0.20757495583164
"FT1119",-0.191210481943279
"FT1120",-0.0837938480373
"FT1121",-0.953000021461153
"FT1122",-0.138770242092412
"FT1123",-0.247872722125092
"FT1124",0.000434077479318593
"FT1125",-0.233339338625867
"FT1126",-0.0350013179442946
"FT1127",-0.0837938480373
"FT1128",-0.398273663615577
"FT1129",-1.69897000433602
"FT1130",-0.372267949716167
"FT1131",-0.418655638958486
"FT1132",-2.69897000433602
"FT1133",-2.69897000433602
"FT1134",-0.150652860205914
"FT1135",-0.656700841621165
"FT1136",-0.341468282415748
"FT1137",-0.127204101357308
"FT1138",-0.281714988909665
"FT1139",-1.95860731484178
"FT1140",-3
"FT1141",0.000434077479318593
"FT1142",0.000434077479318593
"FT1144",-0.553422520901842
"FT1145",-0.0636144043361939
"FT1146",-1.03015518091535
"FT1147",-0.0443311107340913
"FT1148",-0.555071050148539
"FT1149",-1.13667713987954
"FT1150",-0.331132301118924
"FT1151",-3
"FT1152",-3
"FT1153",-3
"FT1154",-2.39794000867204
"FT1156",-3
"FT1157",-0.0169223103543461
"FT1158",-2.69897000433602
"FT1159",-0.374246715488139
"FT1160",-0.0636144043361939
"FT1161",-0.150652860205914
"FT1162",-0.887840401132121
"FT1163",-0.0942464351250062
"FT1164",-0.61432543036728
"FT1165",-0.450676815689466
"FT1166",-0.150652860205914
"FT1167",-0.291405687276374
"FT1168",-0.996622621898127
"FT1169",-0.179550676750589
"FT1170",-0.840633358366297
"FT1171",-0.00815741715685758
"FT1172",-0.615504454582331
"FT1173",0.000434077479318593
"FT1174",-0.382168473014089
"FT1175",-0.272187732365518
"FT1176",-0.162869763259263
"FT1177",-0.20757495583164
"FT1178",-0.308418130125346
"FT1179",0.000434077479318593
"FT1180",-0.304390828578246
"FT1181",-0.20757495583164
"FT1182",-0.0837938480373
"FT1183",-0.681406885925443
"FT1184",-0.477937647794965
"FT1185",-0.0942464351250062
"FT1186",-1.58502665202918
"FT1187",-3
"FT1188",-0.20757495583164
"FT1189",-0.00815741715685758
"FT1190",-0.191210481943279
"FT1191",-0.138770242092412
"FT1192",-0.291225122763693
"FT1193",0.000434077479318593
"FT1195",-0.0942464351250062
"FT1196",-0.537367506705039
"FT1197",-1.09151498112135
"FT1198",-0.398273663615577
"FT1199",-0.0942464351250062
"FT1200",0.000434077479318593
"FT1201",-0.685862578364181
"FT1202",-0.709420959232628
"FT1203",-0.0443311107340913
"FT1204",0.000434077479318593
"FT1206",-0.210148209565801
"FT1207",-1.43179827593301
"FT1208",-0.0258677458007026
"FT1209",-0.233339338625867
"FT1210",-1.16115090926274
"FT1212",-0.488371245202771
"FT1213",-1.20065945054642
"FT1214",-1.67778070526608
"FT1215",-0.581161904805224
"FT1216",-0.357079128246288
"FT1217",-0.351206453188803
"FT1218",-0.227275513685192
"FT1219",-0.194546016583351
"FT1220",-0.486304603647278
"FT1221",-0.104956812005768
"FT1222",-1.82390874094432
"FT1223",-0.0636144043361939
"FT1224",-0.406685526367903
"FT1225",-0.666202382048209
"FT1226",-0.0443311107340913
"FT1227",-0.975124115116121
"FT1228",-0.0942464351250062
"FT1229",-0.453024058540746
"FT1230",-0.616858132963391
"FT1231",-0.740844123916105
"FT1232",-1.13667713987954
"FT1233",-1.22914798835786
"FT1234",-1.25963731050576
"FT1235",0.000434077479318593
"FT1236",0.000434077479318593
"FT1237",-0.744087000050004
"FT1239",-1.10790539730952
"FT1240",-0.588634017882897
"FT1241",-0.150652860205914
"FT1242",-0.308578444840391
"FT1243",-0.175440305426086
"FT1244",-0.233339338625867
"FT1245",-0.162869763259263
"FT1246",-0.0350013179442946
"FT1247",-0.00815741715685758
"FT1248",-0.739397505001426
"FT1249",0.000434077479318593
"FT1250",-0.00815741715685758
"FT1251",-0.582423058722489
"FT1252",-1.88605664769316
"FT1253",0.000434077479318593
"FT1254",-0.971599848120317
"FT1255",-0.0258677458007026
"FT1256",-0.566437572619982
"FT1257",-0.291405687276374
"FT1258",-0.162869763259263
"FT1259",-0.518952948873926
"FT1260",-0.00815741715685758
"FT1261",-0.0169223103543461
"FT1262",-0.441158148974181
"FT1263",-0.266618231000474
"FT1264",-0.0636144043361939
"FT1266",-1.38721614328026
"FT1267",-0.0735869322841534
"FT1268",-0.728295338385798
"FT1269",-0.477969171154128
"FT1270",-2.52287874528034
"FT1271",-0.410608976863067
"FT1272",-1.05551732784983
"FT1273",-0.855316744161706
"FT1274",0.000434077479318593
"FT1275",-0.773836729157637
"FT1276",-0.571625414515778
"FT1277",-0.573184594450999
"FT1278",-0.0169223103543461
"FT1279",-0.0169223103543461
"FT1280",-0.729273750356085
"FT1281",-0.175440305426086
"FT1282",-0.433190138338661
"FT1283",-0.54767227506384
"FT1284",-0.00815741715685758
"FT1285",-0.127204101357308
"FT1286",-1.32790214206428
"FT1287",-3
"FT1288",-0.395432922569854
"FT1289",-0.127204101357308
"FT1290",-0.150652860205914
"FT1291",-0.191210481943279
"FT1292",-0.162869763259263
"FT1293",-1.05551732784983
"FT1294",-0.00815741715685758
"FT1295",-0.138770242092412
"FT1296",-2.39794000867204
"FT1297",-0.300162274132754
"FT1298",-0.837748427977491
"FT1299",-0.881289688839776
"FT1300",-0.150652860205914
"FT1301",-0.150652860205914
"FT1302",-0.594519805563011
"FT1303",-0.883413804178318
"FT1304",-0.50021879404582
"FT1305",-0.660288548818162
"FT1306",-0.87999540816058
"FT1307",-0.1159380165294
"FT1308",-0.563220457284633
"FT1309",-1.01053695613564
"FT1310",-0.927730748368705
"FT1312",-0.162869763259263
"FT1313",-1.2839966563652
"FT1314",-0.520212477730545
"FT1315",-2.69897000433602
"FT1316",0.000434077479318593
"FT1317",-1.18708664335714
"FT1318",0.000434077479318593
"FT1319",-0.191210481943279
"FT1320",-0.428182872079062
"FT1321",-0.0942464351250062
"FT1322",0.000434077479318593
"FT1323",0.000434077479318593
"FT1325",-0.407893105303258
"FT1326",-0.396855627379818
"FT1327",-0.225334962506667
"FT1328",-0.0837938480373
"FT1329",-0.0443311107340913
"FT1330",-3
"FT1331",-0.150652860205914
"FT1332",-0.104956812005768
"FT1333",-0.52928703560969
"FT1334",-3
"FT1335",-3
"FT1336",-0.978121891139509
"FT1337",-0.00815741715685758
"FT1338",-0.276977584472353
"FT1339",-0.504154404653831
"FT1340",-0.247872722125092
"FT1341",-0.0258677458007026
"FT1342",-0.344273069206106
"FT1343",-0.690272584322476
"FT1344",-0.216767948852631
"FT1345",-0.396855627379818
"FT1346",-0.216767948852631
"FT1347",-0.859416622631739
"FT1348",-0.909908836492275
"FT1349",-1.21467016498923
"FT1350",-1.06048074738138
"FT1351",-0.20757495583164
"FT1352",-0.345034863915853
"FT1353",-0.291405687276374
"FT1354",-0.138770242092412
"FT1355",-0.0735869322841534
"FT1357",-0.0735869322841534
"FT1358",-0.150652860205914
"FT1359",-1.42021640338319
"FT1360",0.000434077479318593
"FT1361",-0.0942464351250062
"FT1362",-1.85387196432176
"FT1363",-0.0538657406127805
"FT1364",-0.127204101357308
"FT1365",-0.380392337444951
"FT1366",0.000434077479318593
"FT1367",-0.20757495583164
"FT1368",-0.162869763259263
"FT1369",-0.175440305426086
"FT1370",-0.162869763259263
"FT1371",-1.50863830616573
"FT1372",-2.69897000433602
"FT1373",-0.334245631637038
"FT1374",-0.179550676750589
"FT1375",-0.0258677458007026
"FT1376",0.000434077479318593
"FT1377",-0.0350013179442946
"FT1378",-0.0169223103543461
"FT1379",-0.369093761185014
"FT1380",-0.0735869322841534
"FT1381",-3
"FT1382",0.000434077479318593
"FT1384",-0.104956812005768
"FT1385",-1.46852108295774
"FT1388",-0.00815741715685758
"FT1389",-0.0837938480373
"FT1390",-0.504154404653831
"FT1391",-0.227275513685192
"FT1392",-0.0258677458007026
"FT1393",-0.0169223103543461
"FT1394",-0.240835977271634
"FT1395",0.000434077479318593
"FT1396",-0.511424546537062
"FT1397",-0.0169223103543461
"FT1398",-0.0735869322841534
"FT1399",-0.127204101357308
"FT1400",-0.345034863915853
"FT1401",-0.772113295386326
"FT1402",-0.54767227506384
"FT1403",-0.595978776030194
"FT1404",-0.276977584472353
"FT1405",-1.60205999132796
"FT1406",-0.316216383739088
"FT1407",-0.1159380165294
"FT1408",-0.49247507754289
"FT1409",-0.744087000050004
"FT1410",-0.97361728200919
"FT1411",-0.191210481943279
"FT1412",-0.242278697581557
"FT1413",-0.391040524340948
"FT1414",-0.419624712062737
"FT1415",-0.1159380165294
"FT1416",-0.676904555156738
"FT1417",-0.615504454582331
"FT1418",-0.717383155735884
"FT1419",-3
"FT1421",-1.60205999132796
"FT1422",-0.175440305426086
"FT1423",-0.917408161239928
"FT1424",-1.48148606012211
"FT1425",-0.308418130125346
"FT1426",-0.138770242092412
"FT1427",-0.443557555788994
"FT1428",-0.451068909886618
"FT1429",-0.948196493695504
"FT1430",-1.11350927482752
"FT1431",-2.15490195998574
"FT1432",-1.13076828026902
"FT1433",-0.663846592725203
"FT1434",-1.95860731484178
"FT1435",-0.0443311107340913
"FT1436",-0.568490033354561
"FT1437",-0.974120151901026
"FT1438",-0.957726586851026
"FT1440",-0.545971821871748
"FT1441",-0.150652860205914
"FT1442",-1.08092190762393
"FT1443",-0.272187732365518
"FT1444",-0.498237447064761
"FT1445",-0.698932658750446
"FT1446",-0.511424546537062
"FT1447",-0.150652860205914
"FT1448",-0.894085666535327
"FT1449",-0.976625639180947
"FT1450",0.000434077479318593
"FT1451",-3
"FT1452",-3
"FT1454",-0.522042724254264
"FT1455",-1.01099302253568
"FT1456",0.000434077479318593
"FT1457",0.000434077479318593
"FT1458",-0.415990035535638
"FT1459",-0.150652860205914
"FT1460",0.000434077479318593
"FT1462",-0.295806137369351
"FT1463",-0.0837938480373
"FT1464",-0.0443311107340913
"FT1465",-0.183397189597301
"FT1466",-0.391040524340948
"FT1467",-1.22914798835786
"FT1468",-1.44369749923271
"FT1469",-1.74472749489669
"FT1470",-1.04575749056068
"FT1471",-0.950351343202414
"FT1472",-0.0837938480373
"FT1473",-0.0443311107340913
"FT1474",-1.39794000867204
"FT1475",-0.104956812005768
"FT1476",-0.242278697581557
"FT1477",-0.393957856987317
"FT1478",-0.641293922010147
"FT1479",-0.670875616171695
"FT1480",-0.844924643504291
"FT1481",-0.127204101357308
"FT1482",-0.162869763259263
"FT1483",-0.429938044483906
"FT1484",-0.0169223103543461
"FT1485",-0.857371591576896
"FT1486",-0.849173354923365
"FT1487",-0.20757495583164
"FT1488",-0.655498261927385
"FT1489",-0.0169223103543461
"FT1490",-0.127204101357308
"FT1491",-0.989421851373459
"FT1492",-0.304390828578246
"FT1493",-0.127204101357308
"FT1494",-0.759658796982171
"FT1495",-0.502191085864097
"FT1496",-0.908112701438823
"FT1497",-0.549366049402994
"FT1498",-0.138770242092412
"FT1499",-0.150652860205914
"FT1500",-0.138770242092412
"FT1501",-0.537367506705039
"FT1502",-0.225334962506667
"FT1503",-0.951942522798296
"FT1504",-0.820772154653737
"FT1505",-0.648791969195457
"FT1506",-1.10790539730952
"FT1507",-0.225334962506667
"FT1508",-0.227275513685192
"FT1509",-1.20065945054642
"FT1511",-0.640031451559675
"FT1512",0.000434077479318593
"FT1513",-0.233339338625867
"FT1514",-0.334245631637038
"FT1515",-0.316519351013964
"FT1516",-0.0538657406127805
"FT1517",-0.0942464351250062
"FT1518",-0.751485290657959
"FT1519",-0.95141278876592
"FT1520",-0.496246961653785
"FT1521",-0.484228019659705
"FT1522",-0.440593854535593
"FT1523",-0.933359499989037
"FT1524",-0.718646498223621
"FT1525",-0.561602852139195
"FT1526",-0.942213922030762
"FT1527",-0.20757495583164
"FT1528",-0.928862450742051
"FT1529",-0.703158732508446
"FT1530",-0.150652860205914
"FT1531",-0.675771570836518
"FT1532",-0.642552701073502
"FT1533",-0.138770242092412
"FT1534",-0.162869763259263
"FT1535",-0.104956812005768
"FT1536",-0.242278697581557
"FT1537",-0.492238236683006
"FT1538",-0.374246715488139
"FT1539",-0.765022615724973
"FT1540",-0.0942464351250062
"FT1541",-0.150652860205914
"FT1542",-1.42021640338319
"FT1543",-0.729273750356085
"FT1544",-2.09691001300806
"FT1545",-0.667375457659117
"FT1546",-0.104956812005768
"FT1547",-0.761454193214872
"FT1549",-1.14874165128092
"FT1550",-0.617071483284167
"FT1551",-2.22184874961636
"FT1552",-1.34678748622466
"FT1553",-1.1249387366083
"FT1554",-1.11350927482752
"FT1555",-0.696803942579511
"FT1556",-0.943307919597565
"FT1557",-1.35654732351381
"FT1558",-0.334245631637038
"FT1559",-0.382168473014089
"FT1560",-0.242278697581557
"FT1561",-0.53107926292685
"FT1562",-0.0636144043361939
"FT1563",-0.795402474730436
"FT1564",-0.20757495583164
"FT1565",-0.225334962506667
"FT1566",-0.162869763259263
"FT1567",-1.32790214206428
"FT1568",-0.347753658996677
"FT1569",-0.179550676750589
"FT1570",-0.762349083505729
"FT1571",-0.460234424878344
"FT1572",-1.08618614761628
"FT1573",-3
"FT1574",-0.427382702785309
"FT1575",-0.104956812005768
"FT1576",-0.216767948852631
"FT1577",-1.17392519729917
"FT1578",-1.67778070526608
"FT1580",-0.708383569117396
"FT1581",-1.20065945054642
"FT1582",-3
"FT1583",-0.1159380165294
"FT1584",-3
"FT1585",-0.813599647257967
"FT1586",-0.42222621977774
"FT1587",-0.0735869322841534
"FT1588",-0.0636144043361939
"FT1589",-0.553422520901842
"FT1590",-0.255537348500936
"FT1591",-0.227275513685192
"FT1592",-0.0443311107340913
"FT1593",-0.636221674739688
"FT1594",-0.395432922569854
"FT1595",-0.247872722125092
"FT1596",-0.0443311107340913
"FT1597",-0.0636144043361939
"FT1598",-0.505690770237747
"FT1599",-0.323595214027035
"FT1600",-1.00224305714855
"FT1601",-1.2518119729938
"FT1602",-0.410608976863067
"FT1603",-0.291225122763693
"FT1604",-0.291405687276374
"FT1605",-1.16749108729376
"FT1606",-0.85325198636936
"FT1607",-0.903285769473295
"FT1608",-0.475820321699244
"FT1609",-0.457961219864625
"FT1610",-0.225334962506667
"FT1611",-0.327380177570745
"FT1612",-0.127204101357308
"FT1613",-0.357079128246288
"FT1614",-0.433190138338661
"FT1615",-0.286686340925162
"FT1616",-0.179550676750589
"FT1617",-0.0538657406127805
"FT1618",-0.455675984465349
"FT1621",-2.52287874528034
"FT1622",0.000434077479318593
"FT1623",-0.1159380165294
"FT1624",-0.138770242092412
"FT1625",-0.739397505001426
"FT1626",-0.225334962506667
"FT1627",-0.651870229221269
"FT1628",-0.00815741715685758
"FT1629",-0.663846592725203
"FT1630",-1.14266750356873
"FT1631",-0.344273069206106
"FT1632",-0.648791969195457
"FT1633",-0.475820321699244
"FT1634",-1.13667713987954
"FT1635",-0.565331680952914
"FT1636",-0.219005359356199
"FT1637",-0.0636144043361939
"FT1638",-0.694664635607714
"FT1639",-0.175440305426086
"FT1640",-1.44369749923271
"FT1641",-0.00815741715685758
"FT1642",-0.194546016583351
"FT1643",-0.320138500180676
"FT1644",0.000434077479318593
"FT1645",-0.0538657406127805
"FT1646",-0.255537348500936
"FT1647",-0.0258677458007026
"FT1648",-0.0735869322841534
"FT1649",-0.0735869322841534
"FT1650",-0.0636144043361939
"FT1651",-0.49247507754289
"FT1652",0.000434077479318593
"FT1653",-0.194546016583351
"FT1654",-0.646307103321171
"FT1655",-0.383432687339199
"FT1656",-0.0350013179442946
"FT1657",-0.620893826765449
"FT1658",-0.0538657406127805
"FT1659",-0.179550676750589
"FT1660",-0.0636144043361939
"FT1661",-0.0837938480373
"FT1662",-0.127204101357308
"FT1663",-0.624892054946894
"FT1664",-0.308578444840391
"FT1665",-0.235016516014233
"FT1666",-0.498237447064761
"FT1667",-0.987964831992756
"FT1668",-0.162869763259263
"FT1669",-0.272187732365518
"FT1670",-0.0636144043361939
"FT1671",-0.316519351013964
"FT1672",-0.127204101357308
"FT1673",-0.271572427394633
"FT1674",-0.104956812005768
"FT1675",-0.44594370605604
"FT1676",-0.0258677458007026
"FT1677",-0.150652860205914
"FT1678",-2.30102999566398
"FT1679",-0.591586960728221
"FT1680",-1.85387196432176
"FT1681",-0.0735869322841534
"FT1682",-0.175440305426086
"FT1683",-0.127204101357308
"FT1684",-0.469308842831061
"FT1685",-0.755137181898458
"FT1686",-0.848468157302318
"FT1687",-0.0350013179442946
"FT1688",-0.363694503683714
"FT1689",-0.162869763259263
"FT1690",-0.150652860205914
"FT1691",-0.0538657406127805
"FT1692",-0.240835977271634
"FT1693",-0.466983104312047
"FT1694",-0.175440305426086
"FT1695",-0.913478613274186
"FT1696",-0.424812155072339
"FT1697",0.000434077479318593
"FT1698",-0.665026099570358
"FT1699",-0.636221674739688
"FT1700",-0.734132665542538
"FT1701",-0.210148209565801
"FT1702",-0.761454193214872
"FT1703",-1.18045606445813
"FT1704",-1.20760831050175
"FT1705",-0.0538657406127805
"FT1706",-0.0169223103543461
"FT1707",-0.410608976863067
"FT1708",-0.741794400635701
"FT1709",-0.748725845699274
"FT1710",-0.587149923594509
"FT1711",-0.127204101357308
"FT1712",-0.175440305426086
"FT1713",0.000434077479318593
"FT1714",-0.183397189597301
"FT1715",-0.598881979685026
"FT1716",-0.693550663334985
"FT1717",0.000434077479318593
"FT1718",-0.138770242092412
"FT1719",-0.266618231000474
"FT1720",-1.30980391997149
"FT1721",-0.374246715488139
"FT1722",-0.0443311107340913
"FT1723",-0.282099435328384
"FT1724",-0.20757495583164
"FT1725",-0.0538657406127805
"FT1726",-1.16749108729376
"FT1727",-0.490428038792517
"FT1728",-0.99615088568028
"FT1729",-0.204849640424542
"FT1730",-0.0538657406127805
"FT1731",-0.564832015820378
"FT1732",-0.0443311107340913
"FT1733",-0.204849640424542
"FT1734",-0.20757495583164
"FT1735",-0.150652860205914
"FT1736",-0.104956812005768
"FT1737",-0.255537348500936
"FT1738",-0.480107377145632
"FT1739",-0.304390828578246
"FT1740",-0.8260104120858
"FT1741",-0.0538657406127805
"FT1742",-0.902678551630328
"FT1743",-2.15490195998574
"FT1744",-0.418655638958486
"FT1745",-0.175440305426086
"FT1746",-0.183397189597301
"FT1747",-0.345034863915853
"FT1748",-1.34678748622466
"FT1749",-1.69897000433602
"FT1750",-1.09691001300806
"FT1751",-0.320138500180676
"FT1752",-1.76955107862173
"FT1753",-0.46491264993407
"FT1754",-0.435672171342813
"FT1755",-1.27572413039921
"FT1756",-1.06048074738138
"FT1757",-0.138770242092412
"FT1758",-0.242278697581557
"FT1759",-0.150652860205914
"FT1760",-1.33724216831843
"FT1761",-0.281714988909665
"FT1762",-0.312487707799028
"FT1763",-0.324025367031318
"FT1764",-0.492238236683006
"FT1765",-0.242278697581557
"FT1766",-1.01687782067179
"FT1767",-0.453024058540746
"FT1768",-0.00815741715685758
"FT1769",-0.216767948852631
"FT1770",-0.191210481943279
"FT1771",-0.233339338625867
"FT1772",-0.150652860205914
"FT1773",-0.225334962506667
"FT1774",-0.0837938480373
"FT1775",-0.899017016784341
"FT1776",-0.0636144043361939
"FT1777",-0.308418130125346
"FT1778",-0.0443311107340913
"FT1779",-0.00815741715685758
"FT1780",-0.70420879210612
"FT1781",-1.35654732351381
"FT1782",-0.506108831436826
"FT1783",-0.882777676456092
"FT1784",-0.00815741715685758
"FT1785",-0.937809670669417
"FT1786",-0.750567444434475
"FT1787",-0.104956812005768
"FT1788",-0.475820321699244
"FT1789",-0.490219824733643
"FT1790",0.000434077479318593
"FT1791",-0.503762454833265
"FT1792",-0.175440305426086
"FT1793",-0.138770242092412
"FT1794",-0.365896091693336
"FT1795",0.000434077479318593
"FT1796",-0.791526785670108
"FT1797",-0.553422520901842
"FT1798",-0.127204101357308
"FT1799",-1.29242982390206
"FT1800",-0.0942464351250062
"FT1801",-1.16749108729376
"FT1802",-0.573184594450999
"FT1803",-0.104956812005768
"FT1804",-0.1159380165294
"FT1805",-0.846997290046548
"FT1806",-1.00824926272324
"FT1807",-2.39794000867204
"FT1808",-0.380392337444951
"FT1809",-0.67349661116236
"FT1810",-0.565331680952914
"FT1811",-1.61978875828839
"FT1812",-1.13667713987954
"FT1813",-0.836298643693231
"FT1814",-0.0350013179442946
"FT1815",-0.0837938480373
"FT1816",-0.802615352658009
"FT1817",-0.76413328709981
"FT1818",-0.451068909886618
"FT1819",-0.162869763259263
"FT1820",-0.150652860205914
"FT1821",-0.690272584322476
"FT1822",-0.511424546537062
"FT1823",-0.948196493695504
"FT1824",-0.316519351013964
"FT1825",-0.0942464351250062
"FT1826",-1.20760831050175
"FT1827",-0.0942464351250062
"FT1828",-0.0636144043361939
"FT1829",-0.783193846765499
"FT1830",-0.0942464351250062
"FT1831",-0.175440305426086
"FT1832",-0.0258677458007026
"FT1833",-0.0169223103543461
"FT1834",-0.490219824733643
"FT1835",-0.272187732365518
"FT1836",-0.162869763259263
"FT1837",-0.360399469797893
"FT1838",-0.00815741715685758
"FT1839",-0.247872722125092
"FT1840",-0.210148209565801
"FT1841",-0.506108831436826
"FT1842",-0.291405687276374
"FT1843",-0.545971821871748
"FT1844",-0.0258677458007026
"FT1845",-0.576286136274476
"FT1846",-0.955632354818769
"FT1847",-0.331132301118924
"FT1848",-0.254491477749811
"FT1849",-0.353733088169085
"FT1850",-0.0837938480373
"FT1851",-0.308418130125346
"FT1852",-0.0636144043361939
"FT1853",-0.0942464351250062
"FT1854",-0.183397189597301
"FT1855",-0.240835977271634
"FT1856",-0.138770242092412
"FT1857",-0.0350013179442946
"FT1858",-0.630165929699838
"FT1859",-1.31875876262441
"FT1860",-0.503762454833265
"FT1861",-0.477969171154128
"FT1862",-0.00815741715685758
"FT1863",-0.247872722125092
"FT1864",-0.398273663615577
"FT1865",-0.490219824733643
"FT1866",-0.0636144043361939
"FT1867",-0.0538657406127805
"FT1868",-0.0258677458007026
"FT1869",-1.10237290870956
"FT1870",-0.210148209565801
"FT1871",-0.696803942579511
"FT1872",-0.216767948852631
"FT1873",-0.693550663334985
"FT1874",-1.45593195564972
"FT1875",-0.0258677458007026
"FT1876",-0.240835977271634
"FT1877",-0.0942464351250062
"FT1878",-2.22184874961636
"FT1879",-0.0942464351250062
"FT1880",-0.281714988909665
"FT1881",-0.443557555788994
"FT1882",-0.1159380165294
"FT1883",-1.16115090926274
"FT1884",-1.03102576804311
"FT1885",-0.0942464351250062
"FT1886",-0.600326278518962
"FT1887",-0.127204101357308
"FT1888",-0.385146105832459
"FT1889",-0.204849640424542
"FT1890",-0.42222621977774
"FT1891",-0.429938044483906
"FT1892",-0.477969171154128
"FT1893",-0.876742469223928
"FT1894",-0.453024058540746
"FT1895",-0.179550676750589
"FT1896",-1.08092190762393
"FT1897",-0.0258677458007026
"FT1898",-0.773836729157637
"FT1899",-0.0169223103543461
"FT1900",-0.0538657406127805
"FT1901",-0.127204101357308
"FT1902",-0.281714988909665
"FT1903",-1.13076828026902
"FT1904",-1.16749108729376
"FT1905",-0.00815741715685758
"FT1906",-0.162869763259263
"FT1907",-0.774695857640932
"FT1908",-0.175440305426086
"FT1909",-0.197682466432642
"FT1910",-0.796209922304266
"FT1911",-0.0443311107340913
"FT1912",-0.44594370605604
"FT1913",-0.0735869322841534
"FT1914",-0.0350013179442946
"FT1915",-0.225334962506667
"FT1916",-1.02928280712944
"FT1917",-0.210148209565801
"FT1918",-0.789873096586159
"FT1919",-0.405160054825296
"FT1920",-0.304390828578246
"FT1921",-1.09151498112135
"FT1922",-0.00815741715685758
"FT1923",-0.216767948852631
"FT1924",0.000434077479318593
"FT1925",-0.979612907543567
"FT1926",-0.548438777918792
"FT1927",-0.0636144043361939
"FT1928",-0.438745337904058
"FT1929",-0.312487707799028
"FT1930",-0.622230698049859
"FT1931",-0.175440305426086
"FT1932",-0.395432922569854
"FT1933",-0.632377885596415
"FT1934",-0.518952948873926
"FT1935",-0.295806137369351
"FT1936",-0.1159380165294
"FT1937",-1.88605664769316
"FT1938",-0.0350013179442946
"FT1939",-0.681406885925443
"FT1940",-0.866163677176241
"FT1941",-0.327380177570745
"FT1942",-1.00641021130098
"FT1943",-0.0258677458007026
"FT1944",-0.393957856987317
"FT1945",-0.00815741715685758
"FT1946",-0.194546016583351
"FT1947",-0.889723576987125
"FT1948",-0.507610506989132
"FT1949",-0.496246961653785
"FT1950",-0.162869763259263
"FT1951",-1.07058107428571
"FT1952",-0.428182872079062
"FT1953",-0.455675984465349
"FT1954",-0.672036036499608
"FT1955",-0.281714988909665
"FT1956",-0.0942464351250062
"FT1957",-0.693550663334985
"FT1958",-0.0538657406127805
"FT1959",-0.0735869322841534
"FT1960",-0.76514951240148
"FT1961",-0.428182872079062
"FT1962",-2.39794000867204
"FT1963",-0.127204101357308
"FT1964",-0.1159380165294
"FT1965",-0.0837938480373
"FT1966",-0.0443311107340913
"FT1967",0.000434077479318593
"FT1968",-0.341468282415748
"FT1969",-0.492238236683006
"FT1970",-1.25963731050576
"FT1971",-0.651262572691076
"FT1972",-0.233339338625867
"FT1973",-0.380392337444951
"FT1974",-0.441158148974181
"FT1975",-0.138770242092412
"FT1976",-0.254491477749811
"FT1977",-0.0735869322841534
"FT1978",-0.308418130125346
"FT1979",-0.669712057572658
"FT1980",-0.607382717094699
"FT1981",-0.686969326422555
"FT1982",-0.300162274132754
"FT1983",-0.5793655199658
"FT1984",-0.242278697581557
"FT1985",-0.48214139740793
"FT1986",-0.0636144043361939
"FT1987",-0.646307103321171
"FT1988",-0.323595214027035
"FT1989",-0.537367506705039
"FT1990",-0.0350013179442946
"FT1991",-0.341468282415748
"FT1992",-0.0538657406127805
"FT1993",-0.406685526367903
"FT1994",-0.127204101357308
"FT1995",-0.179550676750589
"FT1996",-0.861451930011558
"FT1997",-0.138770242092412
"FT1998",-0.466983104312047
"FT1999",-0.752401179255788
"FT2000",-0.320138500180676
"FT2001",-0.0735869322841534
"FT2002",-0.44594370605604
"FT2003",-0.291225122763693
"FT2004",-0.0443311107340913
"FT2005",-0.44594370605604
"FT2006",-0.240835977271634
"FT2007",-0.0837938480373
"FT2008",-0.375418998834453
"FT2009",-0.260729118109104
"FT2010",0.000434077479318593
"FT2011",-0.127204101357308
"FT2012",-0.233339338625867
"FT2013",-0.1159380165294
"FT2014",-0.428182872079062
"FT2015",-0.316519351013964
"FT2016",-0.0735869322841534
"FT2017",-0.675771570836518
"FT2018",-0.300162274132754
"FT2019",-0.138770242092412
"FT2020",-0.162869763259263
"FT2021",-0.219005359356199
"FT2022",-0.138770242092412
"FT2023",-0.714570685044356
"FT2024",-1.20760831050175
"FT2025",-0.191210481943279
"FT2026",-0.291225122763693
"FT2027",-0.488371245202771
"FT2028",-0.737980614561483
"FT2029",-0.183397189597301
"FT2030",-0.450676815689466
"FT2031",-0.0538657406127805
"FT2032",-0.0258677458007026
"FT2033",-0.1159380165294
"FT2034",-0.175440305426086
"FT2035",-0.475820321699244
"FT2036",-0.286686340925162
"FT2037",-0.477969171154128
"FT2038",-0.0443311107340913
"FT2039",-0.778965888643114
"FT2040",-0.362674592075173
