"feature","shape_cor","area_cor"
"FT0001",-0.0915944323953606,-1.84147089178291
"FT0002",0,0
"FT0003",0,-0.297353372554131
"FT0004",0,0
"FT0005",0,0
"FT0006",0,0
"FT0007",0,0
"FT0008",0,0
"FT0009",0,0
"FT0010",0,0
"FT0011",0,0
"FT0012",-0.0689872593626984,-0.637962161367195
"FT0013",-0.0486223483462348,-0.300789540865525
"FT0014",-1.44542218239042,-2.99747478406454
"FT0015",-1.14830455707751,-2.96230529186308
"FT0016",-0.589369290905291,-2.73199510376186
"FT0017",-0.472003810955223,-2.51699152113766
"FT0018",0,0
"FT0019",0,0
"FT0020",0,0
"FT0021",0,0
"FT0022",0,0
"FT0023",0,0
"FT0024",0,0
"FT0025",0,0
"FT0026",0,0
"FT0027",0,0
"FT0028",0,0
"FT0029",0,0
"FT0030",0,0
"FT0031",0,0
"FT0032",0,0
"FT0033",0,0
"FT0034",-0.748253350532882,-2.74544862128096
"FT0035",-0.773036727604919,-2.40194524983289
"FT0036",0,-2.30255184605857
"FT0037",0,0
"FT0038",0,-0.284240709461434
"FT0039",0,0
"FT0040",0,0
"FT0041",0,0
"FT0042",-0.351676678464045,-2.25023704190593
"FT0043",-0.700321416444807,-1.29701563067312
"FT0044",0,-0.497297899757072
"FT0045",0,-0.444806333942103
"FT0046",0,-0.0843412492318002
"FT0047",0,-0.442416309288506
"FT0048",0,-0.317393755362649
"FT0049",0,-0.292837152960147
"FT0050",0,-0.391605645680375
"FT0051",0,-0.84334327371993
"FT0052",0,-0.600371993568385
"FT0053",0,-0.274583890667581
"FT0054",-0.602298503856546,-0.0391709919808894
"FT0055",-1.44288162560153,-3.0460966328674
"FT0056",-0.274744018029092,-1.21940037731354
"FT0057",0,-1.71968037904817
"FT0058",-0.0198074249834379,-0.668326146426172
"FT0059",0,-0.9338547977572
"FT0060",-0.24687330754392,-1.75694422867721
"FT0061",-0.0731996604350168,-0.461665297541536
"FT0062",0,-0.96494346797937
"FT0063",0,-0.391305531371032
"FT0064",0,-0.676146960601531
"FT0065",-0.0043875072804588,-0.620274700249062
"FT0066",-0.0291112921901586,-0.689794033377551
"FT0067",0,-0.683051239426375
"FT0068",-0.0116083250858123,-0.734146490259528
"FT0069",0,-0.12449049091393
"FT0070",0,-0.0494092793934903
"FT0071",0,-0.504699404830871
"FT0072",-0.00774506064113004,-0.568707636994333
"FT0073",0,-0.459112346849873
"FT0074",0,0.0771351631714735
"FT0075",0,-0.0601701454060116
"FT0076",-2.33935887802511,-0.157737881509841
"FT0077",0,-0.983752642493287
"FT0078",0,-0.827448703563014
"FT0079",0,-0.946084198473826
"FT0080",0,-0.703458490803513
"FT0081",0,-1.03673247527804
"FT0082",0,-0.814135821527174
"FT0083",0,-0.868718968282037
"FT0084",0,-0.945542574978541
"FT0085",0,-0.826507466312043
"FT0086",0,-0.944769948202834
"FT0087",0,-0.857674962044489
"FT0088",0,-0.452067353473607
"FT0089",-0.420166179023537,-1.23142893403796
"FT0090",0,-0.206463531430615
"FT0091",0,0
"FT0092",-1.22901934679586,-0.648848896542677
"FT0093",0,-0.0909294162346582
"FT0094",-0.271322089486049,-1.33191661090669
"FT0095",-1.80251649413537,-3.04515426047452
"FT0096",-2.41258299336252,-3.28741083446041
"FT0097",-0.423471648582897,-2.69891622794845
"FT0098",0,-0.199124887031582
"FT0099",0,-0.160275696908189
"FT0100",0,-1.59622495318345
"FT0101",-2.45411889243532,-4.6877210502324
"FT0102",0,-0.378485624608031
"FT0103",0,-1.63033819279066
"FT0104",0,0
"FT0105",0,0
"FT0106",-0.937511304805207,-1.6995621786035
"FT0107",-0.402231399672403,-2.89791836268472
"FT0108",-0.210542679443173,-2.88107118355672
"FT0109",-0.204900192483939,-3.00236614575284
"FT0110",0,-2.41660947431178
"FT0111",-0.140306443410014,-2.32963587960308
"FT0112",0,-0.853562417682735
"FT0113",0,0
"FT0114",0,0
"FT0115",0,0
"FT0116",-0.784946208623842,-3.10166726509167
"FT0117",-0.670847508292834,-0.667153605287134
"FT0118",-0.565421169728658,-1.7103925278746
"FT0119",-0.447734791601515,-1.48973249240423
"FT0120",0,0
"FT0121",0,-3.54649945179579
"FT0122",0,0
"FT0123",0,0
"FT0124",0,0
"FT0125",0,0
"FT0126",0,0
"FT0127",0,-0.43259828676109
"FT0128",0,-2.58479938260907
"FT0129",0,-0.338708909524858
"FT0130",0,-3.46605422698865
"FT0131",0,-1.14102133881958
"FT0132",0,-0.753218718122294
"FT0133",0,0
"FT0134",0,0.0485355847041194
"FT0135",0,-0.648595209948351
"FT0136",-2.24759907289484,-1.22351610702793
"FT0137",0,0
"FT0138",0,-0.986662843795167
"FT0139",0,-0.0264136875794003
"FT0140",-0.699966811077398,-1.18426481546653
"FT0141",0,-1.11424655540899
"FT0142",0,-0.0941803486025354
"FT0143",0,-2.00098916065317
"FT0144",0,-1.07163901708914
"FT0145",0,-3.77899419412872
"FT0146",0,-2.53132729539983
"FT0147",0,-0.825742316002347
"FT0148",-1.00144797670942,-0.314837142556595
"FT0149",0,-1.63923613076373
"FT0150",0,-2.11220961341705
"FT0151",0,-2.67238323644256
"FT0152",0,-0.768193566515502
"FT0153",0,-1.94957921505181
"FT0154",-0.11391814839557,-1.32430474083244
"FT0155",-0.186133228530976,-1.03484395783019
"FT0156",0,-1.45172767195836
"FT0157",0,-0.365537270167432
"FT0158",0,-0.89834131608415
"FT0159",-0.0856429474702216,-1.19457703079836
"FT0160",0,-1.12432369517982
"FT0161",-1.81640113060589,-1.50881753484234
"FT0162",0,-0.53203356873259
"FT0163",0,-0.481793499823126
"FT0164",-0.0820559097632234,-0.707701150612728
"FT0165",0,-1.54719352892073
"FT0166",0,-1.16892361904905
"FT0167",0,-1.50535410873778
"FT0168",0,-1.41027076013822
"FT0169",0,-0.537566143539743
"FT0170",0,-0.730433174625949
"FT0171",0,-0.952898500732173
"FT0172",0,-0.961303780608146
"FT0173",0,-0.582487347639133
"FT0174",-0.919834601683342,-3.35790682514286
"FT0175",-0.12817225829339,-1.26706662059834
"FT0176",-0.0757763102687536,-0.649757486196487
"FT0177",0,-0.725888371568136
"FT0178",0,-0.351645498189916
"FT0179",0,-2.11801800322297
"FT0180",-0.345242828798279,-1.38425565196434
"FT0181",0,-1.88959181155565
"FT0182",0,0
"FT0183",0,0
"FT0184",-0.493420895509112,-4.19942263924933
"FT0185",0,0
"FT0186",-2.16557333588259,-0.51047251653855
"FT0187",-0.206190477033012,-1.97265636486812
"FT0188",-0.0893434782689268,-0.480663795993565
"FT0189",-0.133611821593488,-0.566812969226022
"FT0190",-0.0475175399935784,-1.68444090861584
"FT0191",0,-2.23090512491496
"FT0192",-0.425429909889291,-2.44702873384147
"FT0193",0,-0.0758149486164685
"FT0194",-0.339689234091685,-0.332679207852363
"FT0195",0,-0.304111537420125
"FT0196",0,0
"FT0197",0,-0.435082973124495
"FT0198",0,0
"FT0199",-0.372316233696062,-1.63603021343619
"FT0200",0,-0.538872391324252
"FT0201",-0.341443251529672,-2.59063420407945
"FT0202",-0.426952183129733,-2.14653593241433
"FT0203",-1.34775629247498,-0.767308754733182
"FT0204",0,-0.00838239825372668
"FT0205",0,-1.71747887696132
"FT0206",-0.0740237485176605,-0.523768378359273
"FT0207",0,-0.123961040756337
"FT0208",-0.485249531485544,-2.76659379538046
"FT0209",-0.492273407877431,-2.63119660044191
"FT0210",-0.395570170678264,-3.1760455877239
"FT0211",0,-2.4185619176853
"FT0212",0,-2.04839718435239
"FT0213",0,-0.0391305884243527
"FT0214",0,-0.544683285913293
"FT0215",-2.26173481486028,-1.01218774894524
"FT0216",0,-0.534108973714564
"FT0217",-1.57221700282381,-0.437304282635597
"FT0218",-1.49335715674168,-0.39803756751043
"FT0219",-0.275663805498419,-2.33599261972517
"FT0220",-0.227896020191899,-2.85015849474972
"FT0221",-0.188905743709204,-2.40579528067373
"FT0222",-0.120068014981285,-2.21492997299184
"FT0223",-0.197947177919775,-2.5826580339453
"FT0224",-0.160753156690896,-2.87822524868902
"FT0225",-0.203174313776559,-2.94788265169668
"FT0226",-0.180462459652093,-2.40931214611314
"FT0227",0,-2.73999166772122
"FT0228",-0.0942732566499219,-2.1004792101185
"FT0229",-0.199082444617935,-3.01414669710924
"FT0230",0,-1.15049028255723
"FT0231",-0.222956808509632,-2.61679930095233
"FT0232",-0.280847034863214,-2.34504363873034
"FT0233",-0.116968631172183,-2.40519743194167
"FT0234",-0.978865010347626,-0.954559664364589
"FT0235",-0.0714426369775353,-2.92235406465828
"FT0236",-1.66061650116771,-1.09768734944554
"FT0237",0,-1.31151410448354
"FT0238",0,-0.0521582608111229
"FT0239",0,-0.997093356074663
"FT0240",0,-0.061016805893056
"FT0241",0,-0.437057903827052
"FT0242",0,-3.69827786612332
"FT0243",0,0
"FT0244",0,0
"FT0245",0,0
"FT0246",0,-0.129027020012033
"FT0247",0,0
"FT0248",0,0
"FT0249",0,-2.36103550114618
"FT0250",0,-3.28620472280351
"FT0251",-1.27688044978584,-0.381463322589805
"FT0252",0,0
"FT0253",0,0
"FT0254",0,0
"FT0255",0,0
"FT0256",0,-0.642013086366969
"FT0257",0,0
"FT0258",0,0
"FT0259",-0.288115040029712,-2.51218676210594
"FT0260",-0.462469048786716,-3.1391326690016
"FT0261",-0.163922199163143,-2.13451429662011
"FT0262",-0.487818032886661,-1.99727788147821
"FT0263",0,-1.33228704014946
"FT0264",-0.311963675912647,-3.95704670477632
"FT0265",-2.45554499637057,-3.91690898046349
"FT0266",0,-3.53648409601541
"FT0267",0,-4.88154449995991
"FT0268",0,0
"FT0269",0,0
"FT0270",0,-1.2058269192203
"FT0271",0,-0.333338199968375
"FT0272",0,-2.41227319673733
"FT0273",0,-1.39612794821654
"FT0274",0,-1.94558034373731
"FT0275",0,-0.486011940686332
"FT0276",0,-0.177346731405867
"FT0277",-0.173929053887933,-0.878587141879509
"FT0278",-0.535320403812316,-0.728761488083359
"FT0279",-0.307542700144753,-2.31588827965692
"FT0280",-0.500651970776262,-1.34800859988257
"FT0281",-2.40043038879565,-3.89624836450514
"FT0282",0,-1.14487166187593
"FT0283",0,-0.785135927699303
"FT0284",-0.0583995398510042,-1.11119806540048
"FT0285",-0.206049670185452,-1.67476897128763
"FT0286",-0.107206253280918,-1.04859907757907
"FT0287",-0.167538959833128,-2.07665047633709
"FT0288",-1.42980446802477,-1.99708272052228
"FT0289",-0.0664614650015951,-0.836038226212969
"FT0290",-0.0981865341164555,-0.844236420549161
"FT0291",0,-0.725286093926852
"FT0292",-0.0128536318468286,-0.562469682644652
"FT0293",0,-0.914199925237473
"FT0294",-1.09302780470876,-4.47307166654064
"FT0295",-0.0288958461750353,-3.24202561562468
"FT0296",0,-0.134115612875174
"FT0297",-1.03187296329026,-2.39418071997858
"FT0298",0,0
"FT0299",0,0
"FT0300",0,-0.692329600162705
"FT0301",0,-0.0626959664750947
"FT0302",0,0
"FT0303",-1.7165234514826,-0.447084737744012
"FT0304",0,0.0127682472829709
"FT0305",0,-2.59313093038149
"FT0306",0,-0.336618956506084
"FT0307",-0.162453112129709,-0.633704394352385
"FT0308",-0.232672426498595,-2.68265909521483
"FT0309",-1.02675722163456,-0.863673738920274
"FT0310",0,-0.0339239925523703
"FT0311",0,0
"FT0312",0,0
"FT0313",-1.2915718777411,-3.38002602802593
"FT0314",-0.665077645976291,-1.79724413306251
"FT0315",-0.742069363378497,-2.72508217106854
"FT0316",-0.308641238019572,-0.995193790202333
"FT0317",-0.189203799653893,-3.13612328578883
"FT0318",-0.98741542182864,-0.737006311833992
"FT0319",0,-0.466305107460492
"FT0320",-2.05007071692863,-2.52862454882252
"FT0321",0,-0.0103558860916982
"FT0322",-1.83263986941566,-3.80813884361642
"FT0323",-0.157914542058005,-0.479011973624441
"FT0324",0,-0.42149951155843
"FT0325",0,-0.290432090461681
"FT0326",0,-0.442708700208601
"FT0327",0,-0.669980209382327
"FT0328",0,0
"FT0329",0,-0.193405891295702
"FT0330",0,0
"FT0331",0,0.100677633608788
"FT0332",0,-0.0353590589414284
"FT0333",-1.47991701167954,-0.964470840757313
"FT0334",-0.0324989580016385,-2.0340710238673
"FT0335",0,-0.823452268304076
"FT0336",NA,-2.59250550025811
"FT0337",-0.286411078819434,-1.2672039789247
"FT0338",-0.126894364692318,-2.14473374255911
"FT0339",-0.357205950551167,-1.34036029377469
"FT0340",-3.46481942982239,-4.34608351873728
"FT0341",-0.638765859814191,-2.2511690808149
"FT0342",0.0411427802812692,-0.233919372040748
"FT0343",0.0944351347849043,-0.594884680311366
"FT0344",-0.766744183203347,-2.71612819862957
"FT0345",-1.036164692478,-1.85970176957097
"FT0346",-0.103411846698299,-1.99247547264204
"FT0347",-1.03891744713823,-1.35964280573607
"FT0348",-1.68264602092872,-3.186356316112
"FT0349",0,0
"FT0350",0,0
"FT0351",0,0
"FT0352",0,0
"FT0353",0,0
"FT0354",0,0
"FT0355",0,0
"FT0356",0,-0.294829568022292
"FT0357",0,-0.221176934793623
"FT0358",-0.534145744330716,-3.10318260154116
"FT0359",-0.954535337256476,-2.31406523100025
"FT0360",0,0
"FT0361",0,0
"FT0362",0,0
"FT0363",0,0
"FT0364",0,0
"FT0365",0,0
"FT0366",0,0
"FT0367",0,0
"FT0368",-2.38267070409187,-3.82847297452737
"FT0369",-0.879299560589336,-2.68081226688764
"FT0370",0,-3.10070145794017
"FT0371",-0.00628893123933933,-2.98713676352987
"FT0372",0,-0.0627945387077192
"FT0373",0,-0.176449204831486
"FT0374",0,-0.146323652216629
"FT0375",0,-0.752983410409617
"FT0376",-0.0499252702638678,-0.734252120238777
"FT0377",-0.0818437097751525,-0.645121815831673
"FT0378",0,-0.844311878861291
"FT0379",0,-0.97870286511196
"FT0380",0,-0.50662413115883
"FT0381",-0.171569356120948,-1.1362979208595
"FT0382",-0.509375199447914,-1.59205543368621
"FT0383",0,-1.76881153452816
"FT0384",-0.139707958393086,-0.880287178646056
"FT0385",-0.0929795008585411,-0.835961154267712
"FT0386",-0.0972435178879638,-0.977816126987445
"FT0387",-0.114774496789297,-0.563852451512349
"FT0388",-0.126610054454295,-0.797135867080672
"FT0389",-0.12472898417833,-0.871969334112015
"FT0390",-0.107698490614662,-0.917026204010612
"FT0391",0,-1.0049625167756
"FT0392",0,-0.892132800479484
"FT0393",0,-0.829242362248817
"FT0394",0,0
"FT0395",0,-1.74029339505505
"FT0396",-0.596576328375906,-1.04810620160214
"FT0397",-0.817264948440393,-3.86485937679591
"FT0398",-0.206007016335672,-1.66940481951692
"FT0399",-2.15880296674157,-3.78686981574243
"FT0400",-0.873116524264892,-4.02370132075392
"FT0401",-1.75140113086914,-3.8686374478815
"FT0402",-2.56249093392236,-3.54244392250737
"FT0403",-1.58899317421155,-3.5913250871346
"FT0404",-0.709943626876672,-4.73119661749479
"FT0405",0,-1.43364667108517
"FT0406",0,-0.283497507025659
"FT0407",0,-0.0571229089575605
"FT0408",-0.65418581663453,-3.17864451820123
"FT0409",-1.00871634664364,-2.41060375703234
"FT0410",-1.92537711755837,-2.57691208843667
"FT0411",0,0
"FT0412",-1.084010885945,-4.34095510303803
"FT0413",-0.286876897999072,-3.01827328148685
"FT0414",-0.892154716811985,-3.64243937421443
"FT0415",-1.70462937355418,-3.4730342118274
"FT0416",-0.795931576105891,-3.40368336196021
"FT0417",-1.03283650965411,-3.93249934946229
"FT0418",-0.262301552498795,-3.59014897512361
"FT0419",-0.295756036924218,-3.72995999391991
"FT0420",-0.15435312613983,-2.46923340665317
"FT0421",-0.276019300328653,-3.42015394544333
"FT0422",-1.03876455862617,-3.59819278506758
"FT0423",-0.300768985091391,-3.4027314961506
"FT0424",-0.274612609622848,-3.36799882854321
"FT0425",-0.323118761488088,-3.29489234894074
"FT0426",0,-2.79264283192211
"FT0427",-0.202537202545696,-2.09930144746471
"FT0428",0,0
"FT0429",0,0
"FT0430",0,0
"FT0431",0,0.0899478325648815
"FT0432",0,0
"FT0433",0,0
"FT0434",0,0
"FT0435",0,0
"FT0436",0,0
"FT0437",0,0
"FT0438",0,0
"FT0439",0,0
"FT0440",0,0
"FT0441",0,0
"FT0442",0,-1.61553639622092
"FT0443",-0.471254970983752,-1.55769932099033
"FT0444",-2.3261293941763,-2.22189114343456
"FT0445",-2.0351847655965,-0.921870212991195
"FT0446",0,0
"FT0447",0,0
"FT0448",-0.992703503997044,-3.23912133838549
"FT0449",0,-2.11957886722829
"FT0450",-0.876820902494366,-3.71078597171519
"FT0451",-1.65575678406804,-3.64474561029315
"FT0452",-0.823936543941969,-3.5150230207458
"FT0453",0,-2.59068119079889
"FT0454",-0.227553884296843,-0.404618420023721
"FT0455",-0.0477795165673425,-2.06396483078281
"FT0456",-0.238755655203268,-1.22353351909541
"FT0457",0,-1.28745430455501
"FT0458",-0.362554855917584,-0.572934514584428
"FT0459",-0.138195648941157,-4.66387224930797
"FT0460",-0.178257567173966,-0.707406908030059
"FT0461",0,-0.442488715031716
"FT0462",0,0
"FT0463",0,-2.19527711364444
"FT0464",0,-2.76123330696087
"FT0465",-0.365166292338481,-4.47936568835301
"FT0466",0,0
"FT0467",0,0
"FT0468",0,0
"FT0469",-0.198018098005995,-2.47063598102573
"FT0470",0,-2.21711434555608
"FT0471",-1.88045870718945,-3.97976620927529
"FT0472",-2.3297877298312,-4.26120098642904
"FT0473",-0.0178214343863054,-3.09252760817404
"FT0474",-2.32828972930009,-4.15234513026855
"FT0475",0,-2.46506794846689
"FT0476",0,-1.89553610919425
"FT0477",0,-3.57030013318764
"FT0478",0,-0.837687644678114
"FT0479",0,-3.2211769805868
"FT0480",0,-2.0533721404581
"FT0481",0,-0.605876721956804
"FT0482",0,-2.37489202188265
"FT0483",0,-1.34322327971226
"FT0484",0,-2.79337795477055
"FT0485",0,-2.54986010551991
"FT0486",0,0
"FT0487",0,-0.361999278282606
"FT0488",0,0
"FT0489",0,0
"FT0490",0,0
"FT0491",-1.57554109281027,-3.37144781387208
"FT0492",0,0
"FT0493",0,-0.00351799206080586
"FT0494",0,0
"FT0495",0,0
"FT0496",0,0
"FT0497",0,0
"FT0498",0,0
"FT0499",0,0
"FT0500",0,0
"FT0501",0,0
"FT0502",-0.66911222232847,-2.35401758278628
"FT0503",-1.50184217198902,-3.30167576975016
"FT0504",0,0
"FT0505",0,0
"FT0506",0,-3.49117347247376
"FT0507",0,0
"FT0508",-0.716778886582292,-2.33516386823837
"FT0509",-0.0763779886316197,-0.418244480294731
"FT0510",-0.0315665698904586,-0.393261168379033
"FT0511",0,0
"FT0512",0,0
"FT0513",0,0.0303155128148714
"FT0514",0,0
"FT0515",0,0
"FT0516",0,0
"FT0517",-0.519239426341795,-1.82431924095972
"FT0518",0,-0.377239186474246
"FT0519",0,-1.45881065403006
"FT0520",-0.0887813203616236,-1.77702602655134
"FT0521",0,-3.10663191356911
"FT0522",-0.80917192025902,-4.45349081561949
"FT0523",-0.74127953962587,-2.9650380240543
"FT0524",-0.0901316798416648,-1.07154707181025
"FT0525",-0.0672164282029378,-0.740014305207629
"FT0526",-2.91838011019062,-4.11961752403076
"FT0527",-1.97581229565869,-2.8517876379435
"FT0528",-0.418546341368567,-1.87198310105536
"FT0529",-0.115369351615182,-2.97424202882994
"FT0530",0,0.0405983520751679
"FT0531",0,-2.44419743379523
"FT0532",0,-2.08960184345916
"FT0533",-0.666683001577776,-2.2460417313641
"FT0534",-1.71950183160485,-1.24388325251664
"FT0535",-3.17925803302743,-4.27150128317266
"FT0536",-0.235614111464255,-1.5601829045145
"FT0537",0,0
"FT0538",-0.795248363159659,-2.21654811539387
"FT0539",-1.98167112852057,-4.58316982919027
"FT0540",0,-4.34958832863229
"FT0541",0,-3.21577119358757
"FT0542",0,-0.281159302226705
"FT0543",0,-0.810879446408916
"FT0544",0,-0.0366508549824787
"FT0545",0,0
"FT0546",0,0
"FT0547",0,0
"FT0548",0,0
"FT0549",0,0
"FT0550",-1.59332682834748,-3.14754219474863
"FT0551",-1.09584066593003,-4.02716116703679
"FT0552",0,-3.07589184699757
"FT0553",0,-0.35690286888259
"FT0554",0,-0.359996481444237
"FT0555",NA,-0.877543477719006
"FT0556",NA,-0.422270748006409
"FT0557",0,-2.00499176743595
"FT0558",0,0
"FT0559",0,0
"FT0560",-2.28123623872454,-2.14658036351804
"FT0561",0,0
"FT0562",0,-0.136064404798923
"FT0563",0,0
"FT0564",0,-2.01060396450351
"FT0565",-2.47073862542389,-4.02117738791943
"FT0566",-1.85805543591836,-3.34010149312043
"FT0567",0,-0.414260612909939
"FT0568",-2.6648603096806,-3.22124869900513
"FT0569",-1.26100370408007,-3.45093985379845
"FT0570",-0.575686725385915,-3.64043772509796
"FT0571",-1.11919202798229,-2.84587625380661
"FT0572",-0.906660677509143,-3.18404687347552
"FT0573",-0.816669024313987,-3.57276758625072
"FT0574",0,-1.90055365704233
"FT0575",-0.14367782405351,-1.2750518338444
"FT0576",-0.912519794137278,-2.88830414851029
"FT0577",-0.563417368218863,-4.30485461647963
"FT0578",-0.535256585965989,-2.86354116023118
"FT0579",-0.420554182518067,-1.57093189477622
"FT0580",-0.813445529240093,-1.54317013339227
"FT0581",-2.25119673118329,-2.6335644607558
"FT0582",0,-0.825718727903317
"FT0583",0,-0.0577264317852268
"FT0584",0,-0.075657903508303
"FT0585",0,-0.226882550384079
"FT0586",0,-0.136407655152665
"FT0587",0,-0.0553358455648979
"FT0588",0,-0.508602421771163
"FT0589",0,-0.218185291906471
"FT0590",0,-0.0770035349889356
"FT0591",0,0
"FT0592",0,-0.178509646431447
"FT0593",0,-0.415861870210673
"FT0594",0,-0.0656843702592115
"FT0595",0,-0.052176706792191
"FT0596",0,-0.127795293524426
"FT0597",0,-0.126052210224425
"FT0598",0,0
"FT0599",0,-0.202239811504973
"FT0600",0,-2.48028860739688
"FT0601",0,0
"FT0602",0,-0.513117153539604
"FT0603",-0.313314779504788,-2.14268995529926
"FT0604",-1.02725058971984,-2.35929926485594
"FT0605",0,0
"FT0606",-0.140784450895361,-2.88035535865212
"FT0607",0,0
"FT0608",0,0
"FT0609",0,0
"FT0610",0,0
"FT0611",0,-0.618564006409872
"FT0612",0,0
"FT0613",0,-0.88760942780926
"FT0614",0,0
"FT0615",-1.47192319045959,-3.22074786094335
"FT0616",-0.726977239216872,-3.23026248122167
"FT0617",-0.97254669466295,-2.82782253104157
"FT0618",0,-2.15038733834305
"FT0619",-1.08728393866153,-2.27524205515128
"FT0620",-0.813214538326812,-1.46734524113377
"FT0621",0,-2.26963794405043
"FT0622",0,0
"FT0623",0,0
"FT0624",0,0
"FT0625",-0.123783741457945,-1.07099192688186
"FT0626",-0.656509369607315,-1.92828660230467
"FT0627",0,0
"FT0628",0,0
"FT0629",0,0
"FT0630",0,0
"FT0631",0,0
"FT0632",0,0
"FT0633",0,0
"FT0634",0,0
"FT0635",0,0
"FT0636",-0.237229787872435,-1.25186366072022
"FT0637",0,-1.9472549396928
"FT0638",-0.240759861386358,-2.54571147026918
"FT0639",-0.20702358634743,-3.65110512219869
"FT0640",0,-2.90819703711781
"FT0641",0,0
"FT0642",0,0
"FT0643",0,0
"FT0644",-0.725073745252215,-2.52950884358265
"FT0645",-0.815112344991994,-3.0609833776774
"FT0646",-1.33875872398925,-5.44637290371039
"FT0647",0,-3.63112183850622
"FT0648",0,-3.07672476264836
"FT0649",-1.81130809396547,-3.86467489689941
"FT0650",0,0
"FT0651",0,-0.351783404721071
"FT0652",0,0
"FT0653",-1.71245030457882,-2.4795738435333
"FT0654",0,-0.895742084291016
"FT0655",0,0
"FT0656",0,-1.33163303245238
"FT0657",0,0
"FT0658",0,0
"FT0659",0,0
"FT0660",0,0
"FT0661",0,0
"FT0662",0,0
"FT0663",0,-0.320167968577935
"FT0664",0,-1.00007382618004
"FT0665",0,-1.07575555459281
"FT0666",-1.09701408419903,-4.03542945912836
"FT0667",-0.982607157805484,-3.42122988403096
"FT0668",-0.650576872965918,-3.32126380900804
"FT0669",-0.583862752960977,-3.27540112640586
"FT0670",-0.452986137027441,-3.34289481034227
"FT0671",-0.23719115333776,-2.6034757108996
"FT0672",-0.148651329140328,-2.34077947810291
"FT0673",0,-0.911619217224503
"FT0674",-0.234964369532073,-2.81738479835281
"FT0675",-0.225422748614503,-2.7532003918333
"FT0676",-0.209235682101943,-2.83725494297504
"FT0677",-0.285225673280501,-2.39591445797406
"FT0678",-0.225773572847868,-2.53236167242019
"FT0679",-0.25144441959512,-2.48443263201983
"FT0680",-0.251849219337898,-2.69377284563022
"FT0681",-0.264640004129787,-2.5678652627496
"FT0682",-0.291359932520035,-2.39017413262674
"FT0683",0,-2.67754692659105
"FT0684",0,0
"FT0685",0,0
"FT0686",0,0
"FT0687",0,0
"FT0688",0,0
"FT0689",0,0
"FT0690",0,-3.4854146496304
"FT0691",-0.0635749801750478,-1.2757458621618
"FT0692",-0.114150439375813,-0.642232625603697
"FT0693",0,0
"FT0694",0,-0.460797326712889
"FT0695",0,0
"FT0696",-1.76536168553824,-4.56242648646087
"FT0697",-0.591412991960243,-4.38829360865582
"FT0698",-0.80053160809804,-3.76603166537459
"FT0699",-0.204610769890138,-2.7044791907508
"FT0700",-0.697689528971951,-2.69868880677977
"FT0701",-0.292001321937328,-2.77840896805034
"FT0702",-0.325019654130852,-2.39551434696026
"FT0703",-0.145956971717412,-2.40573593352774
"FT0704",-0.0622744583043163,-0.780092656364873
"FT0705",-0.156948690482186,-2.33494642487771
"FT0706",-0.115902746205509,-1.82661047068986
"FT0707",-0.298923713213532,-2.8965963242114
"FT0708",-0.123785240704493,-2.36007228908077
"FT0709",0,-0.546769194243796
"FT0710",-0.147065817446146,-2.48548723259678
"FT0711",-0.134151110977806,-2.41047536963467
"FT0712",-0.153684020766893,-2.95357998300234
"FT0713",-0.149924444595562,-2.65959366360976
"FT0714",-0.129428428421144,-2.42711121260762
"FT0715",-0.139484376953122,-2.61602977959088
"FT0716",-0.116944225603306,-2.45127643181547
"FT0717",-0.274471454819587,-2.50595783570136
"FT0718",-1.35097070211796,-2.83314195853194
"FT0719",-1.85699735767924,-3.40328434376724
"FT0720",0,0
"FT0721",0,0
"FT0722",0,-2.61623722838029
"FT0723",0,-2.29842316642648
"FT0724",0,0
"FT0725",0,-0.346753774631343
"FT0726",0,0
"FT0727",-1.5494878354049,-2.98969013180504
"FT0728",0,0
"FT0729",-1.68422159297931,-2.70603630599203
"FT0730",0,-0.0311100954838622
"FT0731",0,-0.71885896394544
"FT0732",0,-1.4320027243128
"FT0733",0,0
"FT0734",-1.76980552358703,-2.77126995301359
"FT0735",0,0.0159537372908091
"FT0736",0,-0.0676095437405109
"FT0737",-1.82939174992475,-3.57768294643556
"FT0738",0,0
"FT0739",-0.61328548312166,-1.61183085870995
"FT0740",NA,-2.29749388131482
"FT0741",0,-5.62822968341436
"FT0742",0,-1.13905378247503
"FT0743",0,0
"FT0744",0,-0.744330503640161
"FT0745",0,0
"FT0746",-0.665685634319868,-1.97190978950666
"FT0747",-1.14288577356482,-0.129631221764202
"FT0748",0,-0.0343811572320153
"FT0749",0,0.153749683184575
"FT0750",-1.05186050755133,-2.38743470256355
"FT0751",-0.97094166842343,-2.51683872376612
"FT0752",-0.665670611473927,-5.67055279309658
"FT0753",-2.56548767009832,-3.73292466901126
"FT0754",0,-0.0750443169617756
"FT0755",0,-0.752878769442266
"FT0756",-0.626110487933108,-1.85628028012138
"FT0757",0,-2.20492136364922
"FT0758",0,-1.4571919999464
"FT0759",0,0
"FT0760",-1.27739239406543,-2.25326887011614
"FT0761",-0.736602880003026,-2.28360760162144
"FT0762",-0.215821653775416,-2.6974013999251
"FT0763",-0.358157020256213,-1.98127362396383
"FT0764",-0.626393628720922,-2.04345511147638
"FT0765",0,-2.83852216948181
"FT0766",-0.263269614772441,-1.01423429529537
"FT0767",-0.32075382639793,-1.5518800367559
"FT0768",0,-0.233986926092787
"FT0769",-1.6081235657392,-2.36057612379009
"FT0770",0,-0.0508496102338395
"FT0771",0,0
"FT0772",0,0.0269768577540688
"FT0773",0,0
"FT0774",0,0
"FT0775",0,0
"FT0776",-0.833227521237174,-1.48237319304312
"FT0777",0,0
"FT0778",0,0.0625265992669546
"FT0779",-0.462367937242783,-2.19033785759656
"FT0780",0,0.0252801542645393
"FT0781",-0.0279852708861778,-0.312223712263103
"FT0782",-1.97298413619786,-2.94780272599333
"FT0783",0,0
"FT0784",-2.53119231864509,-3.60785740625456
"FT0785",0,-2.27091579876726
"FT0786",0,0
"FT0787",-0.252460852376971,-1.7705157256417
"FT0788",-0.557429399392298,-2.49944255094825
"FT0789",0,0
"FT0790",-0.932182096921758,-1.85861279024237
"FT0791",0,0
"FT0792",0,-0.445617549113828
"FT0793",0,-1.53354443299052
"FT0794",-0.669365285803897,-1.72989522400805
"FT0795",-0.758068636430172,-1.62851005316291
"FT0796",0,-2.97201103823066
"FT0797",0,-0.14337146757871
"FT0798",0,0.000491288277264517
"FT0799",0,-0.400387063590074
"FT0800",0,-0.0825416804235488
"FT0801",0,-0.288302664036784
"FT0802",0,-0.0114903712495102
"FT0803",0,0
"FT0804",0,-0.266852834402197
"FT0805",0,-0.475702661691544
"FT0806",0,0
"FT0807",0,-0.248550920474876
"FT0808",0,0
"FT0809",0,-0.372978918066338
"FT0810",0,0
"FT0811",0,0
"FT0812",0,0
"FT0813",0,-2.11780681583095
"FT0814",0,-1.01916177128276
"FT0815",0,-1.15919786314877
"FT0816",0,-0.933022271175641
"FT0817",-1.65826237511321,-0.894196520884704
"FT0818",0,-0.784950595184131
"FT0819",0,-1.1082798507282
"FT0820",0,-0.381291816872462
"FT0821",-0.355887756282194,-1.19175781834513
"FT0822",0,-0.4868527184932
"FT0823",0,-0.385648587199953
"FT0824",0,-1.96249300304295
"FT0825",0,-1.89987238213872
"FT0826",-0.131639219886823,-1.17800193341094
"FT0827",0,-2.54768269509456
"FT0828",0,-3.48201288566433
"FT0829",-1.99180785048911,-5.05931345780166
"FT0830",-1.02297406030155,-1.75096724248114
"FT0831",-1.21864062115841,-2.43818464682311
"FT0832",0,-0.124878047317252
"FT0833",0,-0.283299562049534
"FT0834",0,-0.359698900152581
"FT0835",0,-0.28276611863066
"FT0836",0,-0.0472895292693319
"FT0837",0,0
"FT0838",-0.262640298434072,-2.53047494641608
"FT0839",0,-0.571121857157548
"FT0840",-0.39686300595422,-0.64639581032576
"FT0841",0,-0.554776858561736
"FT0842",NA,-1.32737355690643
"FT0843",-0.552569619560736,-1.72078742890297
"FT0844",-1.88862137800408,-4.37836681578363
"FT0845",-2.19478050726495,-4.04050813672113
"FT0846",0,0.0599263157845417
"FT0847",0,0
"FT0848",0,0
"FT0849",0,0.0933169427489817
"FT0850",0,-0.289369180760497
"FT0851",-1.6475598648675,-2.13242894106899
"FT0852",-0.694552067548298,-2.12784977986209
"FT0853",-0.939625446769699,-2.24344283489367
"FT0854",-1.18024698650902,-2.2301073115896
"FT0855",0,-1.6083592980176
"FT0856",-0.754809098261577,-0.808456528882738
"FT0857",-0.368526869112915,-0.773212560572566
"FT0858",-1.38149381099646,-3.43841134546277
"FT0859",-0.677005716004766,-3.42259349557503
"FT0860",-0.650534711682419,-3.18907069128532
"FT0861",-0.531350080706177,-3.08868292108773
"FT0862",-0.488843541741845,-2.44327443929301
"FT0863",0,-2.04232454995912
"FT0864",-0.815418251037821,-3.0405458544227
"FT0865",0,0
"FT0866",-0.606917348618032,-1.09226715019882
"FT0867",-0.100837320729808,-0.968406450103107
"FT0868",0,-0.322416704312742
"FT0869",-0.0674073278522317,-0.85940833707068
"FT0870",0,-0.361742970237841
"FT0871",0,-0.216458006331333
"FT0872",0,-0.432789654856664
"FT0873",0,-0.171545129891216
"FT0874",0,-0.104364688986673
"FT0875",0,-0.167532343415711
"FT0876",0,-0.502806477657088
"FT0877",0,-0.165734417001057
"FT0878",0,-3.16176354172915
"FT0879",-0.404379045463005,-2.02506576477784
"FT0880",0,-2.0956841123688
"FT0881",-0.669940254259423,-2.01040753584284
"FT0882",-1.16080405272146,-2.55128617241032
"FT0883",-0.448813356043858,-2.11903027582374
"FT0884",-0.618673906031233,-2.43679595338492
"FT0885",-0.867582500366009,-1.56048885200641
"FT0886",-0.0808551018332678,-0.3679680923662
"FT0887",-0.585503641830057,-2.9926983181925
"FT0888",-0.485572051905548,-1.28170288026848
"FT0889",0,-0.213948323926337
"FT0890",0,-5.95631278616541
"FT0891",0,0
"FT0892",0,-2.4008099166965
"FT0893",0,0
"FT0894",-1.48587213983622,-1.46588603171945
"FT0895",0,-4.49017141027935
"FT0896",0,-2.09577824553972
"FT0897",-0.687917590673436,-3.05461372333658
"FT0898",-1.2582099401654,-3.07900183140863
"FT0899",-1.02925666601767,-3.56302282090083
"FT0900",0,-1.33087709771597
"FT0901",0,-0.10818741841789
"FT0902",0,-0.516255368634173
"FT0903",0,-0.647117212684989
"FT0904",0,-1.71405971237781
"FT0905",0,0
"FT0906",0,0
"FT0907",-0.594451522839659,-2.00953553349284
"FT0908",-0.457560890675074,-2.23583695920513
"FT0909",-0.60021453481666,-1.78508405114041
"FT0910",0,-0.122661672944461
"FT0911",0,-0.264534923682517
"FT0912",0,-0.0892215754330163
"FT0913",-0.313180021862662,-1.98479047538154
"FT0914",-0.0116152366283795,-0.534378134785901
"FT0915",0,-0.649509387355322
"FT0916",0,-0.325879075572758
"FT0917",-1.76699458814443,-2.30535536244106
"FT0918",0,0
"FT0919",-0.450962754035504,-2.35658521774273
"FT0920",-0.197897774429474,-1.75932491702057
"FT0921",-0.34255559512105,-1.4661073326683
"FT0922",-0.800163607290863,-2.45821554396141
"FT0923",0,0
"FT0924",-0.428893976507146,-2.56618599774415
"FT0925",-1.39302787250397,-3.1202760988763
"FT0926",-0.859768682631931,-2.65262414600493
"FT0927",-0.808670559344752,-3.80149815724558
"FT0928",0,-3.39709621163102
"FT0929",-0.905218941050031,-3.04109391504074
"FT0930",0,-2.16078814897756
"FT0931",-1.18765402524302,-2.67250901887883
"FT0932",-0.180450769704498,-1.45097896772341
"FT0933",0,-0.421574174747106
"FT0934",-0.60597667258237,-2.05615026494226
"FT0935",0,0
"FT0936",-2.15429525307348,-1.19020988349075
"FT0937",0.230557439182837,-0.330716633621962
"FT0938",-1.86105716525214,-4.28611645598215
"FT0939",-1.36384582217559,-2.87880753905735
"FT0940",-2.26618621752293,0.0837799521311159
"FT0941",0,-1.41166225018678
"FT0942",0,-1.49843093356278
"FT0943",-0.244880226600049,-1.06567285012758
"FT0944",0,0
"FT0945",-0.234440025549269,-3.08734383146555
"FT0946",-1.39771067644113,-2.83392493892588
"FT0947",0,-0.432195527291329
"FT0948",0,-0.262965734189498
"FT0949",0,0.10320296408738
"FT0950",0,0
"FT0951",0,0.114045441219152
"FT0952",-0.0489641580094245,-0.689422272237405
"FT0953",-2.5628969813979,-3.25944399378617
"FT0954",0,0
"FT0955",0,0
"FT0956",0,0
"FT0957",0,0
"FT0958",0,0
"FT0959",0,0
"FT0960",0,0
"FT0961",0,0
"FT0962",0,0
"FT0963",0,0
"FT0964",0,0
"FT0965",0,-1.90997422011425
"FT0966",0,0
"FT0967",-0.170513435307473,-0.94765159794135
"FT0968",-0.143020030938652,-0.879170054790672
"FT0969",0,0
"FT0970",0,-1.25473583038983
"FT0971",0,0
"FT0972",0,-0.200747077050718
"FT0973",0,-0.34312305817438
"FT0974",0,-1.39715960829432
"FT0975",-0.0136466631496991,-1.47486557887645
"FT0976",0,-2.28780977464716
"FT0977",-0.184705501868091,-1.08855769610429
"FT0978",-0.0575027491490528,-0.955968076247296
"FT0979",-0.0180931373553478,-0.848210132708667
"FT0980",-0.121607671512443,-0.723581061970968
"FT0981",0,-1.17633290469752
"FT0982",-0.0568854935864162,-0.749226757806676
"FT0983",-0.267295306096252,-1.28253172598749
"FT0984",-0.278465054166025,-2.27683832516395
"FT0985",0,0
"FT0986",-0.189299183243007,-1.46413340996794
"FT0987",-0.720557403103357,-0.192972772164939
"FT0988",-0.176694082136865,-1.10818236062012
"FT0989",0,-0.0426616819842479
"FT0990",0,0
"FT0991",-0.431913079512345,-0.313086152831902
"FT0992",0,-0.000455598058014289
"FT0993",0,-0.221038490556626
"FT0994",0,-1.36967562924123
"FT0995",0,-0.448466826582825
"FT0996",-0.302181924445645,-1.68285191134018
"FT0997",-1.08205641642516,-2.33706666596747
"FT0998",0,0
"FT0999",0,0
"FT1000",0,0
"FT1001",0,0
"FT1002",0,0
"FT1003",0,0
"FT1004",0,0
"FT1005",0,0
"FT1006",0,0
"FT1007",0,0
"FT1008",0,0
"FT1009",0,0
"FT1010",0,0
"FT1011",0,-0.142108667794391
"FT1012",-0.0883238591679609,-0.625571668407696
"FT1013",0,-0.389753058386125
"FT1014",NA,-0.657234894329189
"FT1015",NA,-0.601171147068225
"FT1016",0,-0.417257739609057
"FT1017",0,-0.552661251091509
"FT1018",NA,-0.410780633062232
"FT1019",0,-0.598723822033735
"FT1020",-0.955214326591791,-1.9561877775945
"FT1021",0,-0.376963392956499
"FT1022",-0.0489313235044848,-0.938655385087576
"FT1023",0,-0.343029262089306
"FT1024",-0.306843982416773,-1.60347236913983
"FT1025",0,0
"FT1026",0,-1.157884568973
"FT1027",0,0
"FT1028",0,0
"FT1029",0,0
"FT1030",0,0
"FT1031",0,0
"FT1032",0,0
"FT1033",0,0
"FT1034",0,0
"FT1035",0,0
"FT1036",0,0
"FT1037",0,0
"FT1038",0,0
"FT1039",0,0
"FT1040",0,0
"FT1041",0,0
"FT1042",0,0
"FT1043",0,0
"FT1044",-0.684116712066401,-2.024323620409
"FT1045",0,-0.714776849027554
"FT1046",0,0
"FT1047",0,0
"FT1048",0,0
"FT1049",0,-1.28524738885008
"FT1050",0,-3.95182954931062
"FT1051",0,0
"FT1052",0,-4.30196895269591
"FT1053",0,0
"FT1054",0,-0.94535420446962
"FT1055",0,-4.86007102190796
"FT1056",0,-4.2282645917884
"FT1057",0,-1.71892659684792
"FT1058",0,-3.79098359590763
"FT1059",0,0.11642920472761
"FT1060",-0.171182901973935,-2.57550548380354
"FT1061",0,-2.82701965516499
"FT1062",0,-1.2080685005795
"FT1063",-1.67600299132421,-3.19146626792752
"FT1064",-1.15970911055737,-3.30152723664051
"FT1065",-1.60772694687706,-3.20594181866783
"FT1066",0,-3.37669784079089
"FT1067",0,0
"FT1068",0,0
"FT1069",0,-0.297747334832409
"FT1070",-1.8158645423868,-2.65862608714715
"FT1071",0,0
"FT1072",0,0
"FT1073",0,-2.12300913009649
"FT1074",0,0.0780794482130668
"FT1075",0,0.143293788356061
"FT1076",0,0
"FT1077",0,0
"FT1078",0,0
"FT1079",0,0
"FT1080",0,0
"FT1081",0,0
"FT1082",0,0
"FT1083",0,0
"FT1084",0,-1.00914207997453
"FT1085",-0.388215924292472,-2.70143337624833
"FT1086",-0.583975129819072,-3.06728970758151
"FT1087",0,-2.24570872290575
"FT1088",-0.366936143859215,-2.33418205297198
"FT1089",0,0
"FT1090",0,0
"FT1091",0,0
"FT1092",NA,0.0525848702353893
"FT1093",0,0
"FT1094",0,0
"FT1095",0,0
"FT1096",0,0
"FT1097",0,0
"FT1098",0,0
"FT1099",0,0
"FT1100",0,0
"FT1101",0,0
"FT1102",0,0
"FT1103",0,0
"FT1104",0,0
"FT1105",0,0
"FT1106",0,0
"FT1107",0,0
"FT1108",0,0.0866793901732279
"FT1109",-0.68299228666867,-0.381413415364823
"FT1110",0,0.0505065766198875
"FT1111",0,0
"FT1112",0,0
"FT1113",0,0
"FT1114",0,0
"FT1115",0,0
"FT1116",-0.409377259665934,-2.62485312658676
"FT1117",0,-0.445267454978769
"FT1118",0,0
"FT1119",0,-3.44719486254853
"FT1120",0.0871114140753126,-0.322946757091981
"FT1121",0,-3.27280918242047
"FT1122",0,-1.91368907124971
"FT1123",0,0
"FT1124",0,0
"FT1125",-0.831885164384019,-4.45768067273148
"FT1126",-0.000689459696446486,-1.77369290230439
"FT1127",-0.113175724041897,-0.734361812740246
"FT1128",0,0
"FT1129",-0.381082179611038,-1.77742098041664
"FT1130",0,0
"FT1131",0,0
"FT1132",-1.20121468975125,-3.11548190591142
"FT1133",0,-2.44367835620756
"FT1134",0,-0.751119663711349
"FT1135",0,-3.85191035789649
"FT1136",0,-2.02833881911253
"FT1137",0,-3.31224490223386
"FT1138",0,-5.08461456348136
"FT1139",0,0
"FT1140",-0.268399213990363,-1.03179790276149
"FT1141",0,0
"FT1142",-1.52064902305438,-0.436964717063095
"FT1143",0,0
"FT1144",0,0
"FT1145",0,-3.15331835583891
"FT1146",-0.112348959956099,-2.08668152330722
"FT1147",-0.488304642423485,-2.09199261659385
"FT1148",0,-0.659085906591277
"FT1149",0,0
"FT1150",0,0
"FT1151",-1.12756856648823,-3.26392697381047
"FT1152",0,-0.169023976856125
"FT1153",0,0
"FT1154",0,-0.355652623265465
"FT1155",0,-0.132595414509463
"FT1156",-0.748012035177187,-1.62510043689654
"FT1157",0,-3.59036864544837
"FT1158",-0.328037165297589,-2.80408860233718
"FT1159",-0.961441752539448,-2.67906464417217
"FT1160",-0.562338529705899,-3.09410364350815
"FT1161",-0.547319113297502,-2.4464966146557
"FT1162",-0.260268789519353,-2.71799276078599
"FT1163",-0.783816120306051,-2.87479733209154
"FT1164",-0.264253924721489,-1.9687681004372
"FT1165",-0.151927518745343,-1.98769700643187
"FT1166",NA,-2.28414967823858
"FT1167",0,-1.48851867718745
"FT1168",0,0
"FT1169",0,0
"FT1170",0,0
"FT1171",-3.22708439863248,-2.82651406128138
"FT1172",-1.03059183772793,-3.26185982901154
"FT1173",-0.560057153565923,-1.54835428249598
"FT1174",-0.466753081752612,-3.16312338848324
"FT1175",-0.158271295706601,-0.448806017590159
"FT1176",0,0.140591209733231
"FT1177",0,-1.18292666097939
"FT1178",0,-0.8343936549417
"FT1179",-1.56880768124405,-0.972057778873819
"FT1180",0,-1.2505095591941
"FT1181",-0.224702740489383,-1.93222912722806
"FT1182",0,-0.532089496535974
"FT1183",0,-4.08960024945447
"FT1184",0,0.0457527636813183
"FT1185",0,0
"FT1186",0,0
"FT1187",0,-0.198380948603984
"FT1188",0,0
"FT1189",0,0
"FT1190",-0.436953695305195,-2.28700131559569
"FT1191",0,-0.00885709922663691
"FT1192",0,0
"FT1193",-0.37321191598669,-1.43433330071908
"FT1194",-1.27055946468234,-5.26522571285139
"FT1195",0,-3.39707395949564
"FT1196",0,-3.00722346238898
"FT1197",0,0
"FT1198",0,0
"FT1199",0,0
"FT1200",0,0
"FT1201",0,-2.79252206929295
"FT1202",0,0
"FT1203",0,0
"FT1204",-1.7278805961187,-3.32136423440217
"FT1205",-1.67603877707401,-0.517301579720074
"FT1206",0,0
"FT1207",0,0
"FT1208",0,0
"FT1209",0,0
"FT1210",0,0
"FT1211",0,0
"FT1212",0,0
"FT1213",0,0
"FT1214",0,0
"FT1215",0,0
"FT1216",0,0
"FT1217",-1.40270521043304,-2.10153814788479
"FT1218",0,-0.108855124091734
"FT1219",0,-0.13179755510066
"FT1220",-0.0341294722669797,-1.29373630888787
"FT1221",0,0.0286676109673156
"FT1222",-0.0305510644215699,-0.26541631363931
"FT1223",0,0
"FT1224",0,0.000159960342411465
"FT1225",0,0
"FT1226",0,0
"FT1227",0,0
"FT1228",0,0
"FT1229",0,0
"FT1230",0,0
"FT1231",0,0
"FT1232",0,0
"FT1233",0,0
"FT1234",0,0
"FT1235",-1.42588552627448,-4.51735117060817
"FT1236",-1.62960557834398,-3.41100700585993
"FT1237",0,0
"FT1238",-1.04308258654615,-3.10886764376606
"FT1239",0,0
"FT1240",0,-3.90167704801422
"FT1241",0,0
"FT1242",0,-2.47910741014395
"FT1243",-0.00760451637245502,-4.83663361838728
"FT1244",0,-1.26819304243214
"FT1245",0,0.110956019938348
"FT1246",0,0
"FT1247",0,-1.27048271160259
"FT1248",0,0.113422031299427
"FT1249",0,0
"FT1250",0,-0.112750816655823
"FT1251",0,-2.6206677200575
"FT1252",0,0
"FT1253",0.0753233077740631,-0.0142502266616852
"FT1254",-0.460203540641932,-0.0482610824849447
"FT1255",-0.235567990749531,0.0487353587097311
"FT1256",-0.0719524069827562,0.0833560149115073
"FT1257",0,-0.398861173301154
"FT1258",-0.136338069489838,0.0389720264617216
"FT1259",-0.178770320794146,0.0694211643382091
"FT1260",-0.190944033572366,0.0560926756508321
"FT1261",-0.138084036652579,0.0377455663502994
"FT1262",0,-1.84205868461365
"FT1263",0,-2.01001014239353
"FT1264",0,0
"FT1265",-0.826237398677362,-1.96591540581407
"FT1266",-1.54868004220701,-3.45461832909806
"FT1267",-1.97540049906888,-3.6330432953917
"FT1268",0,-1.17677703826801
"FT1269",-1.84578343019117,-3.78431072181533
"FT1270",0,-0.142976248048497
"FT1271",0,-1.05707814228675
"FT1272",0,-1.08469955256312
"FT1273",0,-2.36325614671373
"FT1274",0,0
"FT1275",0,-3.08763340746321
"FT1276",0,-0.809550507436106
"FT1277",0,-1.34352000671614
"FT1278",0,-1.30660140328877
"FT1279",-0.0821297594934993,-1.29113770097349
"FT1280",-0.510851106805215,-3.52148322982213
"FT1281",0,-1.21535004850328
"FT1282",0,-0.970472120002466
"FT1283",-0.0895189147991519,-2.06828133060368
"FT1284",0,0
"FT1285",0,0
"FT1286",-1.38638485589326,-3.1941623918867
"FT1287",-0.974491314191077,-2.04983169130403
"FT1288",0,0
"FT1289",0,0.068051498475176
"FT1290",0,0
"FT1291",0,-0.703472939300645
"FT1292",0,-0.468075308193288
"FT1293",0,-2.41042659795382
"FT1294",0,-1.33713456790005
"FT1295",0,-0.768033205457592
"FT1296",0,0
"FT1297",0,-4.95880882102696
"FT1298",0,0
"FT1299",0,0
"FT1300",0,0
"FT1301",0,0
"FT1302",0,0
"FT1303",0,0
"FT1304",0,0
"FT1305",0,0
"FT1306",NA,0.0434087457640927
"FT1307",0,0
"FT1308",0,0
"FT1309",NA,0.0393876729855425
"FT1310",0,0
"FT1311",0,0
"FT1312",0,0
"FT1313",0,0
"FT1314",-1.55045968358,-2.61711511575929
"FT1315",-0.296254116507034,-4.17849667209994
"FT1316",-2.02422318426005,-3.40007290213279
"FT1317",0,0
"FT1318",0,0
"FT1319",0,0
"FT1320",0,0
"FT1321",0,-0.0453747809481375
"FT1322",0,0
"FT1323",NA,-3.06684895176942
"FT1324",-0.822279884325747,-2.62741363616002
"FT1325",-1.28286796495262,-1.58083104740204
"FT1326",0,-1.27469508424853
"FT1327",-1.014768625414,-2.37215692125167
"FT1328",0,-0.172546977706995
"FT1329",0,-0.6133789222502
"FT1330",-1.06362268225991,-4.38897364732624
"FT1331",-0.489364527632295,-2.37244048927135
"FT1332",0,0
"FT1333",0,0
"FT1334",-0.470985869640587,-3.32115796025935
"FT1335",-0.154084865516644,-2.34136942023004
"FT1336",0,0
"FT1337",0,0
"FT1338",0,-2.07333826647335
"FT1339",0,-3.04980197052999
"FT1340",0,0
"FT1341",0,-1.44513058545138
"FT1342",0,-1.76209207259702
"FT1343",0,0
"FT1344",0,-0.92343996221628
"FT1345",-0.128639306352187,-1.16857199464116
"FT1346",0,-0.943561337611933
"FT1347",0,0
"FT1348",0,0
"FT1349",0,0
"FT1350",0,0
"FT1351",-1.18802289350992,-2.53419967605528
"FT1352",-1.00055346552081,-3.01408532424196
"FT1353",-0.739791419427064,-3.63625010630252
"FT1354",-0.813271424711679,-3.19490064197973
"FT1355",-1.18870645490738,-3.41224671667884
"FT1356",-2.32080170902897,-2.54199003542124
"FT1357",0,0
"FT1358",0,-3.02755982428513
"FT1359",-0.132437066989534,-4.50542290915256
"FT1360",0,0
"FT1361",0,0
"FT1362",-1.83615996588015,-4.04425921906099
"FT1363",0,0
"FT1364",0,0
"FT1365",-0.13145855904158,-1.96668101335495
"FT1366",-0.415582457157364,-2.09763601201096
"FT1367",0,-0.856897535359264
"FT1368",0,0
"FT1369",0,0
"FT1370",0,-3.63167450526797
"FT1371",0,0
"FT1372",0,-2.95223778490455
"FT1373",-1.26340387576516,-3.65301952879564
"FT1374",0,0
"FT1375",-0.788131434512563,-2.92678948960734
"FT1376",0,-0.730466385767487
"FT1377",0,0
"FT1378",0,-0.357068349762977
"FT1379",0,-0.765837768936732
"FT1380",0,0
"FT1381",-0.168974526537744,-2.78857171662002
"FT1382",0,-3.93027973494627
"FT1383",0,-1.41190462382642
"FT1384",0,-5.2485384763507
"FT1385",0,0
"FT1386",0,0
"FT1387",-0.840730503230942,-2.01282214775419
"FT1388",0,-0.971664802348065
"FT1389",-0.309855017452923,-1.05125668679734
"FT1390",-0.147295995886433,-1.39788911293324
"FT1391",-0.242759652272691,-0.738344026490637
"FT1392",-0.135078001024255,-0.717829456837621
"FT1393",0,-3.77749173526395
"FT1394",-0.22135359087162,-1.08311764561803
"FT1395",-0.21703768798721,-0.600137131605604
"FT1396",-0.0634860767878932,-0.297244457184487
"FT1397",0,-0.728120195031055
"FT1398",-0.0887521660048542,-0.197194813206522
"FT1399",0,-0.738512150298361
"FT1400",-0.027697231048521,-0.236919124075313
"FT1401",-0.011505495861418,-0.323955585157139
"FT1402",-0.0939888663018032,-0.295779144726747
"FT1403",-0.0903389860279929,-0.310743324793591
"FT1404",0,0
"FT1405",-1.80579775141747,-4.17068929677493
"FT1406",0,-0.26118016128112
"FT1407",0,-0.208464059477052
"FT1408",0,-0.597655656331169
"FT1409",0,-0.806912478924023
"FT1410",-0.227258119947961,-1.73659679150099
"FT1411",0,-0.896169229795301
"FT1412",0,-0.884922863170717
"FT1413",0,-1.05424454114521
"FT1414",0,-0.878739323197002
"FT1415",-0.219720340721325,-0.826565233578626
"FT1416",0,-0.907350406484394
"FT1417",0,-1.05442766731472
"FT1418",0,-2.57045173653309
"FT1419",-0.483138971780533,-3.26631529089368
"FT1420",-0.0149358197378242,-0.61090505353033
"FT1421",0,-1.12724917391776
"FT1422",0,-1.48081592368366
"FT1423",-0.697005122866209,-3.67977917445353
"FT1424",0,-2.50546785828676
"FT1425",-1.5082778740038,-3.52996743384608
"FT1426",-1.88869995322566,-3.59969735705259
"FT1427",-0.280049497498417,-3.47641350889489
"FT1428",0,-0.760706617778482
"FT1429",0,-1.10793360752752
"FT1430",0,-0.774094255129728
"FT1431",0,-1.15916050582181
"FT1432",0,0
"FT1433",0,-0.251253248317115
"FT1434",0,-1.81636513823215
"FT1435",-0.156186407335158,-1.68962170587476
"FT1436",-0.516724575842705,-2.05514256564584
"FT1437",0,-1.11614288580596
"FT1438",0,0
"FT1439",-1.99169387328878,-2.13029453493935
"FT1440",0,0
"FT1441",0,0
"FT1442",0,-3.77739584230512
"FT1443",0,0
"FT1444",0,0
"FT1445",0,0
"FT1446",0,0
"FT1447",0,0
"FT1448",0,0
"FT1449",0,0
"FT1450",0,-3.04140494223955
"FT1451",-0.193856346311407,-2.77960015148032
"FT1452",-0.387662822744904,-2.17338466000397
"FT1453",-2.37856761211213,-2.16207565957085
"FT1454",-0.504743047774619,-3.29219405637015
"FT1455",0,0
"FT1456",-1.52032968963703,-2.95566300112731
"FT1457",0,-0.893406987842141
"FT1458",-0.0143932492275099,-0.843103396613971
"FT1459",0,-0.676334175061755
"FT1460",0,0
"FT1461",-2.12238657118836,-2.78129098334873
"FT1462",0,-2.62956072626124
"FT1463",0,0
"FT1464",0,0
"FT1465",0,0
"FT1466",0,0
"FT1467",0,0
"FT1468",0,0
"FT1469",0,0
"FT1470",0,0
"FT1471",-0.193887144424476,-1.18766290685786
"FT1472",0,-3.75299612148027
"FT1473",0,-1.85517801638448
"FT1474",NA,0.00742315967029351
"FT1475",0,-4.09093330118937
"FT1476",-0.327780206157773,-3.48108290823886
"FT1477",-0.876069117686268,-3.24295435468581
"FT1478",-0.390328077457355,-2.81284589914113
"FT1479",-0.216125558772927,-2.86335356015144
"FT1480",-0.229254375616076,-3.26524819461311
"FT1481",-0.137603770587836,-2.39812404929875
"FT1482",-0.187572114510903,-2.80217962705172
"FT1483",-0.227034513036272,-1.64654418421866
"FT1484",-0.265640590773999,-2.98380798042151
"FT1485",-0.750353154927748,-3.96544660856217
"FT1486",-0.63495584498886,-3.39214689281899
"FT1487",-0.243884047922449,-1.59041161432712
"FT1488",-0.152279085583379,-1.74185880653202
"FT1489",-0.158708061144706,-2.00740067832975
"FT1490",-0.172642131066663,-2.01931146260528
"FT1491",-0.223110829937148,-2.10873061135274
"FT1492",-0.173386429640023,-1.86362478903259
"FT1493",-0.150045403999779,-2.05857356161171
"FT1494",-0.217028741334208,-2.00693525664538
"FT1495",-0.182808298880168,-1.58417322928944
"FT1496",-0.352663015720676,-1.6663819066752
"FT1497",-0.210746577305095,-1.93917254441925
"FT1498",-0.18501933497015,-1.92363578087048
"FT1499",-1.20349697675751,-2.961502420116
"FT1500",-0.786561905264315,-2.75984934180812
"FT1501",-0.543710020626712,-2.99809631282097
"FT1502",0,0
"FT1503",0,0
"FT1504",0,-0.762656080317556
"FT1505",0,0
"FT1506",0,-0.697349167976138
"FT1507",0,0
"FT1508",0,0
"FT1509",0,-5.03989572743995
"FT1510",0,-1.57906510282088
"FT1511",0,0
"FT1512",-0.314511180230442,-3.50266229745451
"FT1513",-1.50837250893328,-2.76270659341518
"FT1514",-0.0892674771599291,-1.33374275504989
"FT1515",-0.101385361239547,-0.983943849512514
"FT1516",-0.182906416637508,-0.81742043851349
"FT1517",-0.0761168714459574,-1.72640790565551
"FT1518",-0.219869819599836,-2.58423359860147
"FT1519",-0.0896418354128294,-0.723737334751113
"FT1520",-0.149013443620466,-1.47852009296523
"FT1521",-0.17405937209319,-1.9306431413087
"FT1522",-0.204223439816947,-2.54795197411582
"FT1523",-0.242026746708029,-2.57813673575293
"FT1524",-0.132073588436346,-0.962929741664426
"FT1525",-0.211734628499643,-1.99822100024999
"FT1526",-0.152046227764296,-1.2916923058098
"FT1527",-0.144688946887195,-1.51488997136834
"FT1528",-0.0553778374047916,-1.13838315633795
"FT1529",-0.1158822273451,-2.10202181597334
"FT1530",-0.157853425632771,-0.889297103606835
"FT1531",-0.305592471041712,-3.03018019741426
"FT1532",-0.201360653172352,-2.48801983674661
"FT1533",-0.262578947733369,-2.34605502338782
"FT1534",-0.312282888826218,-2.60922875592983
"FT1535",-0.241747691651017,-2.64371533816767
"FT1536",-0.152705460024783,-1.47207021124137
"FT1537",-0.217937673912082,-1.66170075770036
"FT1538",-0.283231564980581,-2.19777517483092
"FT1539",-0.415928491657252,-1.923723137636
"FT1540",-0.103693283152389,-0.815559571679713
"FT1541",-0.207948387108946,-0.704452423652776
"FT1542",-0.216545937520753,-0.97838870397264
"FT1543",-0.0961446233650385,-0.686553959726201
"FT1544",-0.086711221090909,-0.525697647608729
"FT1545",-0.226559084374265,-0.753856688581907
"FT1546",0,-0.388998073885052
"FT1547",0,0.142429019732185
"FT1548",0,0
"FT1549",0,0.120685361213088
"FT1550",0,0.105571212275794
"FT1551",0,0.0801585123953411
"FT1552",0,0.0179407641804691
"FT1553",0,0.101473584532986
"FT1554",0,0.148031534563326
"FT1555",0,0.140121236742972
"FT1556",0,0.119159862132494
"FT1557",0,0.12442036909454
"FT1558",0,-3.34053046573567
"FT1559",-0.1387214646968,-1.61035214974699
"FT1560",-0.359782388176054,-1.53054991864755
"FT1561",0,-0.786105107498808
"FT1562",0,0
"FT1563",0,0
"FT1564",NA,-3.13407781657921
"FT1565",-1.11502876391187,-2.86231789483141
"FT1566",0,-1.98052973985352
"FT1567",0,0
"FT1568",0,0
"FT1569",0,0
"FT1570",0,0
"FT1571",0,0
"FT1572",0,-0.541718427831055
"FT1573",0,-2.53000329329621
"FT1574",0,0
"FT1575",0,-3.4058166971216
"FT1576",0,-1.55260786635624
"FT1577",0,-2.60800436178245
"FT1578",-0.0110546412363773,-3.45866989904511
"FT1579",-1.91330384769765,-1.84564399638847
"FT1580",0,0
"FT1581",0,0
"FT1582",-1.20392579026195,-3.89006139793834
"FT1583",-0.201692746141481,-1.20781712813716
"FT1584",0,-0.0782192096162866
"FT1585",0,0.0379450719082034
"FT1586",0,-1.00531772586944
"FT1587",0,0
"FT1588",0,0
"FT1589",-0.847105647983973,-3.83588413106478
"FT1590",-1.11262651983122,-3.61963514220626
"FT1591",-0.66430273636612,-3.00588752986917
"FT1592",-0.789585272242014,-2.78248509242567
"FT1593",-0.488217361459399,-2.65722315932518
"FT1594",-0.553556436222791,-3.04371708884268
"FT1595",0,0
"FT1596",-1.33582189519099,-3.15030536051378
"FT1597",-1.6992653094045,-3.17068085354446
"FT1598",-1.34998539750156,-3.39392196044424
"FT1599",0,-0.264496295742977
"FT1600",0,-0.0270645818034566
"FT1601",0,-0.68351200846518
"FT1602",0,0
"FT1603",0,0
"FT1604",0,0
"FT1605",0,-0.931092732485265
"FT1606",-0.448436497189601,-2.07437025996978
"FT1607",0,-0.99443600205391
"FT1608",0,-1.75799640314552
"FT1609",0,-1.25348569928483
"FT1610",0,-1.21203953532022
"FT1611",0,-1.61038330179794
"FT1612",0,-0.448003416199695
"FT1613",0,-1.84791831296056
"FT1614",0,-1.24535135199916
"FT1615",0,0
"FT1616",0,0
"FT1617",0,0
"FT1618",-1.51088998249071,-2.84103076969117
"FT1619",-1.71314815255267,-2.4176388001192
"FT1620",-1.56782202564171,-1.42063560160835
"FT1621",-0.0914904419004128,-2.81261148018259
"FT1622",-0.812157118608284,-2.9268558416736
"FT1623",-0.144815792968166,-1.51913749041248
"FT1624",-0.0772938246334779,-0.646331949592361
"FT1625",-0.038934819765469,-0.688866663773555
"FT1626",-0.280075452074857,-2.67322980050741
"FT1627",-0.0729441599817876,-1.01122054401574
"FT1628",-0.145425666979566,-1.29086529792695
"FT1629",-0.144278503271943,-0.806296180543973
"FT1630",0,0
"FT1631",-0.222410986074923,-1.99735834158792
"FT1632",-0.015024361230703,-1.39528280734487
"FT1633",-0.373183452146353,-2.03937092586715
"FT1634",0,0
"FT1635",-0.208897087867149,-2.45872659912171
"FT1636",-0.436237640878721,-2.99920532268798
"FT1637",-0.203898384070938,-2.68727301731664
"FT1638",-0.16639681909017,-1.95805313229673
"FT1639",-0.166413391511397,-0.936437780281643
"FT1640",-0.206242338848298,-1.85941002408077
"FT1641",-0.24383403102825,-2.42496993775203
"FT1642",-0.191021938031401,-1.78182035141753
"FT1643",-0.0846830993815096,-1.42973347153356
"FT1644",-0.110915016777178,-1.57943302898202
"FT1645",-0.13719918899441,-1.12935036531468
"FT1646",-0.160299760344451,-1.66007277348435
"FT1647",-0.168593092260298,-1.41438330527902
"FT1648",-0.0819988642332839,-1.66132763095472
"FT1649",-0.0702249465672855,-1.4151892867396
"FT1650",-0.0555955672163696,-1.05066154677853
"FT1651",-0.168743021867644,-1.28588998685641
"FT1652",-0.185603277848784,-2.05219383028725
"FT1653",-0.173421399158848,-1.46947170992403
"FT1654",0,-0.181404246744474
"FT1655",0,-0.00247251428053289
"FT1656",-0.10182513226996,-0.733545124541554
"FT1657",-0.18585710075013,-1.6866136611325
"FT1658",-0.108564924594369,-1.06790451098492
"FT1659",-0.0760307551783111,-0.862546178759332
"FT1660",-0.0114177586778814,-0.543198831136566
"FT1661",-0.0911197546558528,-1.13728146005625
"FT1662",-0.130807841940271,-0.429970529859667
"FT1663",-0.198000730392154,-0.617121699973767
"FT1664",0,-0.700579962431926
"FT1665",0,-0.421008465846062
"FT1666",0,0.108036573238582
"FT1667",0,0.0766062404102216
"FT1668",0,0
"FT1669",-0.00775534580514082,-0.357124521804662
"FT1670",0,-0.0577408236099171
"FT1671",-0.240140954659645,-2.26952813318932
"FT1672",-0.571602982752832,-2.64341536932589
"FT1673",0,-1.66801580689716
"FT1674",0,0
"FT1675",0,0
"FT1676",-0.299141396409053,-2.32680693908899
"FT1677",-0.275013154294754,-2.07000946062065
"FT1678",-0.259102901918082,-2.2864192528261
"FT1679",0,-2.25230701742866
"FT1680",0,0.0338390077623711
"FT1681",0,-2.32452036325556
"FT1682",-1.17940453689127,-2.93912183117029
"FT1683",-1.37948210269807,-2.89435623117385
"FT1684",-1.17774021529988,-3.25024554299379
"FT1685",0,0
"FT1686",0,-0.438181367310531
"FT1687",0,0
"FT1688",0,0
"FT1689",0,0
"FT1690",-0.626884043064345,-2.4695891533063
"FT1691",-1.18592911811747,-3.1099793805639
"FT1692",-0.628064210477978,-2.02549517778932
"FT1693",0,0
"FT1694",0,0
"FT1695",0,0
"FT1696",0,0
"FT1697",0,-0.346848902756546
"FT1698",0,0
"FT1699",0,-5.21988161584587
"FT1700",0,-2.4717898885974
"FT1701",-1.44559380599052,-2.87122618192521
"FT1702",0,0
"FT1703",0,0
"FT1704",0,0.150177470182471
"FT1705",0,-0.672374596434119
"FT1706",0,-0.213278083480486
"FT1707",-0.192742909891677,-0.151375080287325
"FT1708",-0.979318672540198,-0.844591829171377
"FT1709",-0.660422891899408,-4.49610198657716
"FT1710",0,-1.64185090612604
"FT1711",-0.903352721452471,-2.90125470593115
"FT1712",0,0
"FT1713",-1.2271954574438,-2.88820258074615
"FT1714",-0.920780594875974,-2.03215153980371
"FT1715",0,0
"FT1716",0,0
"FT1717",-0.407270609198858,-2.55653590908735
"FT1718",-0.137677974272527,-1.64074351379027
"FT1719",-0.394871726533904,-0.676567029957509
"FT1720",0,0.134782730125927
"FT1721",-0.865772761279854,-2.75187050886498
"FT1722",-1.08338035998525,-2.56346025258635
"FT1723",0,-1.38520315786874
"FT1724",-0.476550920611011,-1.27497316467891
"FT1725",-0.124819807602505,-1.24130634910168
"FT1726",0,0
"FT1727",0,0
"FT1728",-1.08099630919378,-2.71813246562304
"FT1729",-1.30994243552026,-2.81538366008124
"FT1730",0,0
"FT1731",-1.41174135712726,-2.84743497669035
"FT1732",0,0
"FT1733",0,0
"FT1734",-1.31803817063862,-2.92882236805659
"FT1735",0,0
"FT1736",0,-0.0501988083697467
"FT1737",0,0
"FT1738",0,0
"FT1739",0,-1.20272264017926
"FT1740",0,-0.100197771600707
"FT1741",0,-0.247669376687665
"FT1742",-0.469730652746108,-2.42690336748349
"FT1743",-1.02892326472102,-2.96709698169098
"FT1744",-0.319954633154983,-1.25065673017746
"FT1745",-0.711231634907368,-2.47039410644867
"FT1746",-1.15635973001725,-2.94933181137615
"FT1747",-0.887920988595378,-2.41252728670811
"FT1748",0,0
"FT1749",0,0
"FT1750",0,0
"FT1751",0,0
"FT1752",0,0
"FT1753",-0.710471360976781,-2.21639981089938
"FT1754",-0.934658565800691,-2.44947825138438
"FT1755",-1.14576801012814,-1.53101056365733
"FT1756",-0.800641655576138,-2.84917040606087
"FT1757",-1.12587177476942,-2.56657252709089
"FT1758",-1.18197042770021,-2.41299066224973
"FT1759",-0.72030091365176,-2.72250551591105
"FT1760",0,0.108366547530401
"FT1761",0,0
"FT1762",0,0
"FT1763",0,0
"FT1764",-0.483873748480201,-2.22724946367677
"FT1765",-0.666710914549203,-2.20979970587666
"FT1766",0,-0.950516786237405
"FT1767",-0.646324806373902,-2.01410638897419
"FT1768",-0.948130442347476,-3.0343124566813
"FT1769",-1.33838749324651,-2.86156636697849
"FT1770",-1.0012448919952,-2.71682786182272
"FT1771",0,0
"FT1772",-0.814023986909203,-0.16416620979592
"FT1773",0,-0.0887392842633497
"FT1774",-0.22791398844723,-1.47461154560829
"FT1775",-0.793640328444275,-2.16257237584272
"FT1776",NA,-2.06477380678573
"FT1777",-0.102975386886132,-0.46451840493653
"FT1778",-0.165233246198407,-0.843282832108585
"FT1779",-0.174190031735164,-0.404868237259518
"FT1780",0,-0.669513470849329
"FT1781",-0.173980260896196,-1.46646869297131
"FT1782",0,-0.314554265212705
"FT1783",0,-0.290810518951952
"FT1784",0,-0.367214154959902
"FT1785",0,0.0653001451281774
"FT1786",NA,-0.246049390647077
"FT1787",0,-0.282829786139258
"FT1788",0,-0.111692830263804
"FT1789",0,-0.890668298440158
"FT1790",0,-0.401610694017898
"FT1791",-0.7616343892204,-2.51019635710861
"FT1792",-1.17813994497815,-2.65926168089858
"FT1793",-1.17512717581611,-1.52653250871321
"FT1794",-0.504848248387024,-2.38908752162164
"FT1795",0,0
"FT1796",0,0
"FT1797",-0.832220036505752,-2.63035828240826
"FT1798",-0.925404481645849,-2.771019032317
"FT1799",-0.957719359379141,-1.31314600521056
"FT1800",-0.943136649626549,-2.82181832749773
"FT1801",0,0
"FT1802",0,0
"FT1803",-0.067988571153364,-0.626786833219311
"FT1804",0,-0.540908065520285
"FT1805",-0.61360805214885,-1.98832177964299
"FT1806",NA,-1.80465515053646
"FT1807",NA,0.0689962336185273
"FT1808",-0.776449708401406,-2.49839391044414
"FT1809",-1.05399909635483,-2.32472425838957
"FT1810",-1.14926728403301,-1.14245543753064
"FT1811",-1.42122948130476,-0.0416720228891398
"FT1812",0,0.176548486686745
"FT1813",0,-0.632475936842092
"FT1814",0,-0.303792126897432
"FT1815",0,-0.442665392733627
"FT1816",-0.923884844407037,0.00221226420869791
"FT1817",-0.276032203529099,-0.987870387485487
"FT1818",-0.302775440552716,-0.935450751219304
"FT1819",-0.192734738371977,-0.99547772918319
"FT1820",-0.244160248273551,-0.653703195270579
"FT1821",-0.237298398387919,-1.79013573128837
"FT1822",-0.461892907367911,-1.51165831433454
"FT1823",0,-0.666216043570236
"FT1824",-0.491375120246691,-2.31510650739749
"FT1825",-0.647419135510041,-1.92636540854191
"FT1826",-1.06608916594308,-1.09810132523146
"FT1827",0,0
"FT1828",-0.33281459912793,-0.766270217008272
"FT1829",-0.241174772664416,-1.52693260773409
"FT1830",-0.24741747876812,-0.736462865330483
"FT1831",-0.175880609433165,-0.685026527353438
"FT1832",-0.422117785079587,-2.62419278737904
"FT1833",-0.981244888384317,-2.71820064926281
"FT1834",-0.944143819696905,-1.75399127111321
"FT1835",-0.214003006635645,-0.600091054498406
"FT1836",-0.0212458854754806,-0.591400305314834
"FT1837",-0.131126155334604,-0.669910302661374
"FT1838",-0.113270997539817,-0.702981127356863
"FT1839",-0.0218013604359552,-0.562482045765304
"FT1840",-0.296943738673474,-1.4620199782813
"FT1841",-0.363885493678327,-1.74044397271956
"FT1842",-0.349966873310308,-1.21593570505772
"FT1843",-0.143241824725,-0.931737135373608
"FT1844",-0.146022412572507,-0.774063856617148
"FT1845",-0.102472605732134,-0.466220715799347
"FT1846",-0.0364485631737136,-0.410520832137776
"FT1847",0,-0.366775273724453
"FT1848",0,-0.471305251632095
"FT1849",-0.900260374558517,-2.834221807579
"FT1850",-1.16047455895895,-2.75194250737575
"FT1851",-1.20229286649989,-1.32757788125091
"FT1852",-0.14538107242145,-0.898371873390497
"FT1853",-0.717231442661722,-1.69148990112239
"FT1854",0,-0.597577830446536
"FT1855",0,0.0491634732830401
"FT1856",-0.165118538105962,-0.850142016745677
"FT1857",-0.211619282184702,-0.889984699327498
"FT1858",-0.0126530612021196,-0.479285645514329
"FT1859",-0.149367811626981,-0.450069956346509
"FT1860",-0.278872855590555,-1.71830888012744
"FT1861",-0.372575105959906,-1.59223105229017
"FT1862",-0.376284448080254,-0.864731549321611
"FT1863",-0.558965214542582,-2.54601638763543
"FT1864",-0.942721841723596,-2.38366843579738
"FT1865",-1.2351673840512,-1.48827341155749
"FT1866",-0.608457024827673,-2.30814875012065
"FT1867",-0.285083457134139,-1.98577619516954
"FT1868",-0.485981830811497,-1.22124313057577
"FT1869",0,-0.574862065243629
"FT1870",-0.167813860336533,-1.38926401909438
"FT1871",-0.162029832256055,-1.40981751702988
"FT1872",-0.244223591888821,-1.00554716115235
"FT1873",0,-0.19654647200366
"FT1874",-0.113385986421147,-0.638760979230566
"FT1875",0,-0.271268010167234
"FT1876",0,-0.515091521187106
"FT1877",0,-0.289242925965812
"FT1878",-0.358591236069043,-1.94987963400053
"FT1879",-0.379237799853126,-1.75501806512592
"FT1880",-0.277855380825984,-1.53493283982578
"FT1881",-0.482315578621249,-1.94834935167552
"FT1882",-0.613989874352307,-1.81066473852442
"FT1883",-0.505316756173271,-2.10811716547227
"FT1884",-0.988244416310725,-1.12736846128531
"FT1885",-0.615784279197615,-2.01301095620572
"FT1886",-0.303064882580603,-1.43906548838788
"FT1887",-0.340151052227851,-1.94262321022318
"FT1888",-0.249384636518453,-1.25181839054517
"FT1889",-0.553063628823081,-2.64053991562413
"FT1890",-0.863640225214948,-2.59117538892762
"FT1891",-0.851404533441413,-1.46610983475527
"FT1892",-0.379617161843676,-2.41492349562875
"FT1893",-1.92602386679336,-1.06679073949255
"FT1894",-0.264612681455656,-0.889719682670497
"FT1895",-0.216936700619909,-1.31513820477073
"FT1896",-0.193990078524349,-1.56672879930593
"FT1897",-0.194073826634224,-1.08129487695193
"FT1898",-1.38460550314475,-1.95873760523876
"FT1899",0,-0.133014518885959
"FT1900",-0.280771517753573,-1.73326475409683
"FT1901",-0.474386270104608,-1.60758479459441
"FT1902",-0.306077559176337,-1.78990869227575
"FT1903",-0.445607628285079,-1.63284306734345
"FT1904",-0.213950654407741,-1.60412166228352
"FT1905",-0.310817763096807,-1.40100002265395
"FT1906",-0.265181495158664,-1.09945512752049
"FT1907",-0.152414671705319,-1.09154550645946
"FT1908",0,0
"FT1909",0,-0.198863322058554
"FT1910",-0.113772694347783,-0.680974961295666
"FT1911",-0.0543476737563207,-0.45898852127223
"FT1912",0,0.069979376134249
"FT1913",0,0
"FT1914",0,0
"FT1915",0,0
"FT1916",0,0
"FT1917",0,0
"FT1918",0,0
"FT1919",0,0
"FT1920",0,0
"FT1921",-0.834437401910799,-2.66878881091375
"FT1922",-1.21084016015177,-2.75939360307236
"FT1923",-1.44877560382075,-1.54294056485878
"FT1924",0,0
"FT1925",0,0
"FT1926",-0.322562349492103,-1.46730093252312
"FT1927",-0.500613733973303,-1.57737633405656
"FT1928",0,0
"FT1929",-0.222657112172968,-1.03237623809306
"FT1930",-0.197160279466667,-0.822502617041408
"FT1931",-0.161109645845464,-0.505749197841904
"FT1932",-0.308602529772807,-1.66770466494729
"FT1933",-0.356491010507965,-1.50099783638788
"FT1934",-0.30839366955718,-1.54262637111366
"FT1935",-0.382434983149548,-1.31745674830627
"FT1936",-0.459450048066969,-2.09706396729905
"FT1937",-0.505621293059898,-2.26017106390281
"FT1938",-0.660229912606355,-1.82509027746586
"FT1939",0,0.114745292896383
"FT1940",0,-0.188532071524756
"FT1941",0,0.0694805540053485
"FT1942",-0.185994035214176,-1.33764734087399
"FT1943",-0.192245268490442,-1.22444076067286
"FT1944",0,-0.58391453289655
"FT1945",-0.14279369563396,-0.683679883606419
"FT1946",0,-0.479003612316515
"FT1947",-0.347243687952367,-1.88699579093901
"FT1948",-0.384881492603599,-1.49910978859836
"FT1949",-0.353866555356047,-1.63265230510118
"FT1950",-0.407724144358526,-1.38988353099838
"FT1951",-0.341330778008988,-1.03269416464943
"FT1952",-0.151155664996678,-1.47385296387375
"FT1953",-0.217598494754031,-1.42074331459468
"FT1954",-0.289380619108909,-0.548347706879147
"FT1955",-0.341886185771618,-0.314707694446084
"FT1956",0,-0.152508421298802
"FT1957",-0.17658725756731,-1.3218241040958
"FT1958",0,-0.410678335013974
"FT1959",-0.117747213152173,-1.30482502801885
"FT1960",-0.262425767870489,-1.74370089653731
"FT1961",-0.369554442889994,-1.12916894451442
"FT1962",-0.334995658264385,-1.33865778442006
"FT1963",-0.311982606586535,-1.19204003268651
"FT1964",-0.295869587608656,-0.805853517814393
"FT1965",-0.397753521898467,-2.91389440051607
"FT1966",-0.455812965204304,-2.55881009034942
"FT1967",-0.71494095355685,-2.24783915657803
"FT1968",-0.32880205924213,-1.36523937430247
"FT1969",-0.160519582750302,-1.41163269502401
"FT1970",-0.204393182147405,-1.37634880219946
"FT1971",-0.2339812722717,-0.743908973643633
"FT1972",-0.133471561476224,-1.06141284765431
"FT1973",-0.219080842302257,-0.349844332745338
"FT1974",-0.17445690624588,-1.51925770468836
"FT1975",-0.351504334969747,-1.40522301373018
"FT1976",-0.230067890883429,-1.64332834514885
"FT1977",-0.318820410399764,-0.49005038752796
"FT1978",-0.232585001269977,-1.29279953259601
"FT1979",-0.080812116710048,-1.26182123600596
"FT1980",-0.146540176867361,-0.516104431579043
"FT1981",-0.020419178326881,-0.639654042241399
"FT1982",0,-0.755775235307965
"FT1983",-0.0288180472342186,-0.565912782984435
"FT1984",0,-0.267699500478203
"FT1985",-0.776748208287235,-2.74483364955417
"FT1986",-1.0459724437477,-2.55520651275469
"FT1987",-1.30692881601184,-1.50020647766865
"FT1988",-0.541198172013511,-2.42286555854979
"FT1989",-1.06441840249915,-2.27380427257819
"FT1990",-0.415841275459118,-1.32841211053417
"FT1991",-0.0112713709117174,-1.4228455888482
"FT1992",-0.141624736029903,-0.827366664065122
"FT1993",-0.101373341692733,-0.238450952284614
"FT1994",-0.13311571995842,-1.08242909964226
"FT1995",0,-0.164711716538492
"FT1996",-1.38296892065524,-2.29817982848797
"FT1997",-0.245913360536683,-1.24400747291754
"FT1998",-0.242719547838929,-1.44918214603854
"FT1999",-0.248336505536361,-1.1943291600365
"FT2000",-0.246106017115537,-1.25545590105236
"FT2001",-0.250979054848579,-1.03167897792353
"FT2002",-0.199513489202426,-0.448203653414109
"FT2003",-0.340921980335393,-1.93344803841427
"FT2004",-0.386094809450231,-1.88512455714913
"FT2005",-0.576297575368561,-1.566757972608
"FT2006",-0.568595269322674,-1.61713506601176
"FT2007",0,-0.00978524307889361
"FT2008",0,0.0323116405598228
"FT2009",0,-0.596924400221824
"FT2010",0,0.0450706193027949
"FT2011",-0.0534628255482556,-1.11811916934523
"FT2012",0,-0.23878479376644
"FT2013",-0.0525987336123734,-0.856202811385366
"FT2014",-0.0556883696435005,-0.600678161633644
"FT2015",-0.333377187054314,-2.01784357867628
"FT2016",-0.387097338820973,-1.16217620824367
"FT2017",-0.335846754989711,-1.86528024004658
"FT2018",-0.276907240336502,-1.27968722522628
"FT2019",-0.351830929423964,-1.29641739155329
"FT2020",0,0
"FT2021",0,-0.126528261756823
"FT2022",-0.275521915264941,-0.347766524732828
"FT2023",-0.241539934809966,-1.60777830682185
"FT2024",-0.339155667487427,-1.5582673443762
"FT2025",-0.30464941084657,-0.682977204535017
"FT2026",-0.158770519040305,-1.14402373255633
"FT2027",-0.308802450898948,-0.502443099067505
"FT2028",-0.209187124860424,-1.09796976541313
"FT2029",-0.450352694893261,-1.32386238798114
"FT2030",-0.134799931134201,-0.890603344298079
"FT2031",-0.458987734446803,-1.21932169845636
"FT2032",-0.0488847719286263,-0.34656003166639
"FT2033",0,-0.595427009410875
"FT2034",-0.137455573985513,-0.952669029216883
"FT2035",0,-0.0818549268018636
"FT2036",0,-1.20399250551983
"FT2037",0,-0.167354238373549
"FT2038",-0.387433845919959,-1.97862092853354
"FT2039",-0.646653821573164,-1.80678421433047
"FT2040",-0.363192469419409,-2.05345285393434
