"feature","med_cor","med_SNR"
"FT0001",0.251927836321916,4.37212653191446
"FT0002",0.237205864997327,3.08105411351792
"FT0003",0.538952091912198,8.85670310100008
"FT0004",0.180254245837834,2.91460532267461
"FT0005",0.0183718791972154,2.60977190147131
"FT0006",0.226356476643076,2.98071070248014
"FT0007",0.252067830721161,3.31587175943615
"FT0008",0.233484372704508,3.01986091488838
"FT0009",0.056282247400172,2.5418643243693
"FT0010",0.117715435962913,3.77198361590797
"FT0011",0.15134139422561,2.59914133649934
"FT0012",0.561097366245442,3.48406311297388
"FT0013",0.789259775913295,6.954397461871
"FT0014",0.645474116914162,16.1230442056507
"FT0015",0.612740728393506,10.095947979101
"FT0016",0.133540583927422,12.7962758224661
"FT0017",0.736972074100714,4.45211422722129
"FT0018",0.273910833281935,5.93454179734942
"FT0019",0.137472207750224,18.7115664847242
"FT0020",-0.0214970176011848,8.38684197361887
"FT0021",0.359347175484907,3.22740841207713
"FT0022",0.334608419931403,2.90091987338328
"FT0023",0.401477343355869,2.83589794042045
"FT0024",0.186004697454534,2.98356262454791
"FT0025",0.464755890056763,3.87770967211161
"FT0026",0.350949559743977,2.45692940512558
"FT0027",-0.0876384365190498,6.33379039640591
"FT0028",0.479546362350733,4.27871048367341
"FT0029",0.149460855938537,2.50999686514912
"FT0030",0.201901108038676,3.42580470587981
"FT0031",0.0242266460170644,2.61927045494644
"FT0032",0.174075781432022,3.22526760389524
"FT0033",0.0709085798134135,3.03060953448769
"FT0034",0.233803009567409,4.09691502065398
"FT0035",0.0462899632875121,7.29799740982045
"FT0036",0.3487059487797,2.96010715313423
"FT0037",0.283350422787158,3.35748005207223
"FT0038",0.0477368032532818,3.14699983559435
"FT0039",-0.00549245439360048,3.50603073749192
"FT0040",0.144367713951579,3.55207877301537
"FT0041",0.093340490100665,2.95700119248939
"FT0042",0.910354785419352,14.3388181883938
"FT0043",0.452143189957627,4.80219792372353
"FT0044",0.24785426257804,4.46582808975895
"FT0045",0.302945028866901,3.84842612661463
"FT0046",0.143708475092105,3.17570279215827
"FT0047",0.0967019032700749,2.61545717867085
"FT0048",0.135140379800293,3.49149096469118
"FT0049",0.235708493600013,3.50857299493255
"FT0050",0.0294879552596156,3.4344770628457
"FT0051",0.380617233618299,3.02479073733623
"FT0052",0.227018734974035,2.66099722402687
"FT0053",0.174291473875656,2.90730543139885
"FT0054",0.0452315526116582,4.47888276484273
"FT0055",0.472410846405183,5.71773219030942
"FT0056",0.917172921339316,9.3162694665903
"FT0057",0.62898673723447,4.87773495309917
"FT0058",0.400617712595924,3.90813015182944
"FT0059",0.309362366096454,5.59710807676928
"FT0060",0.466494479353358,4.44614798071406
"FT0061",0.468211238059875,4.27748972503899
"FT0062",0.30768889616753,3.82652190868911
"FT0063",0.233182914748405,3.86955734732936
"FT0064",0.144761241322775,3.69347627433314
"FT0065",0.266252467362634,4.18287352850676
"FT0066",0.323160884191184,3.32460396161222
"FT0067",0.279557368050372,3.55789593845199
"FT0068",0.264200865862739,3.11623127889165
"FT0069",0.386696580405434,4.26548438877122
"FT0070",0.396923990190338,3.16479446002217
"FT0071",0.189171762443728,2.93972205959042
"FT0072",0.226953470881937,4.05300227266722
"FT0073",0.188650995609027,3.37944957097159
"FT0074",-0.0185365144546599,1.6114185078085
"FT0075",0.213982965299387,2.66148288066551
"FT0076",-0.0490075313576514,5.05968803274964
"FT0077",0.38218564167645,3.11244238185773
"FT0078",0.111112344693981,3.16226215318252
"FT0079",0.14048011271731,2.57129326480838
"FT0080",0.0823923624579422,3.37610096102442
"FT0081",0.127350950186664,2.4384216592227
"FT0082",0.124508446933783,2.43599035881773
"FT0083",0.0196454290449933,2.74899753694288
"FT0084",0.0760279714979943,2.80503544646575
"FT0085",0.0551444994405185,2.43119599526734
"FT0086",0.0851642832203014,3.12966284712431
"FT0087",0.0868586120731658,2.39277373583843
"FT0088",-0.223229977552326,2.0084098662913
"FT0089",-0.329518857463249,2.82311781529036
"FT0090",0.239925202228632,3.06476000421605
"FT0091",0.0764308513393247,3.66482657828848
"FT0092",0.3381431887153,5.5573209608454
"FT0093",0.246612722411202,3.03001301115319
"FT0094",0.595651433963218,8.71974311027504
"FT0095",0.323157515278011,4.67838250552318
"FT0096",0.81718881642679,11.4754118155979
"FT0097",0.350529001436757,5.91664070983838
"FT0098",-0.343995770349444,2.13838491491649
"FT0099",0.761337308094731,10.1881329159561
"FT0100",0.916061437401367,10.6402414643628
"FT0101",0.851215230330232,25.1382967154703
"FT0102",0.180025714790961,3.04408211618063
"FT0103",0.922036844721839,19.9766764035461
"FT0104",0.246151828719468,4.33803942075821
"FT0105",0.259363312825785,7.61317821538532
"FT0106",0.788967994932238,6.2967852709021
"FT0107",0.264822258996674,9.95762578896323
"FT0108",0.433031313260087,7.17925758898758
"FT0109",0.652593752366889,10.2319674259711
"FT0110",0.256414344659483,7.27625979348619
"FT0111",0.847630446599873,8.70448458398337
"FT0112",-0.17537026546498,4.757541924721
"FT0113",0.124766701440128,3.89893466395845
"FT0114",0.0949245281147689,2.82411675252304
"FT0115",0.101796771763159,2.96039398231785
"FT0116",0.30200514916472,6.3821382405225
"FT0117",-0.187339114727789,3.02946187793564
"FT0118",0.918663646710874,16.0083479096876
"FT0119",0.91183247966446,16.0262470871044
"FT0120",0.0865703365935216,3.26035237758819
"FT0121",-0.131646068270264,4.01216215461681
"FT0122",0.253471765711958,3.18097279448434
"FT0123",0.111899797459439,2.76620667616695
"FT0124",0.200267465508744,2.78599223859697
"FT0125",0.150021916713295,2.20209450951514
"FT0126",0.0939956317094093,3.09689337622782
"FT0127",-0.299762574094953,1.60285442433001
"FT0128",0.221457333411629,3.57958185060653
"FT0129",-0.00951318178476792,3.08092130841621
"FT0130",0.159405700941564,2.76989837906221
"FT0131",0.474777625878307,3.38664030955226
"FT0132",0.307684899648628,2.67517748406043
"FT0133",0.547779357276022,3.17791413421466
"FT0134",0.0885723891989443,3.56721041051055
"FT0135",0.152853849833792,4.63594669452516
"FT0136",0.102169815657856,1.98360486602852
"FT0137",0.154193062201775,3.33311332068476
"FT0138",-0.257441696651326,5.6463414632791
"FT0139",0.581928981910796,3.45061858998925
"FT0140",0.333727531140873,5.83516794319815
"FT0141",0.803624694325262,6.90758058676428
"FT0142",0.110505491368804,1.30145446579421
"FT0143",0.38865935819297,7.51114266325794
"FT0144",0.184003987194153,6.7457822713384
"FT0145",0.0168649422202064,2.89526505933568
"FT0146",0.212084754228267,3.10823591075452
"FT0147",-0.22801999870435,3.29099705718855
"FT0148",0.1132533564133,4.4277017870736
"FT0149",0.655173886418392,6.61060654123599
"FT0150",0.86926766646997,8.41559782905712
"FT0151",0.0961684370780195,3.16886252411925
"FT0152",0.377559249808614,4.51705076986992
"FT0153",-0.145011253738625,4.51776177344901
"FT0154",0.211674919453129,4.94976322191524
"FT0155",0.197394071709261,4.49582258119437
"FT0156",0.0768297311067334,4.1552860008748
"FT0157",0.244918116321405,4.17698044666932
"FT0158",0.297846190485913,4.27109408849563
"FT0159",0.23968415099787,4.03556141256959
"FT0160",0.178037866654385,4.34805466633041
"FT0161",0.0305418210833041,1.91911729488041
"FT0162",-0.0532908976968891,3.73627379143904
"FT0163",0.225788700288168,4.42254728787271
"FT0164",0.157630519243415,3.56381914486379
"FT0165",0.312233216292402,4.49651727859301
"FT0166",0.13232225650225,3.62287367289794
"FT0167",0.218774153232154,3.4820021971443
"FT0168",0.0917904959740862,4.66359266276071
"FT0169",0.0152408818485835,3.92043926317917
"FT0170",0.152998761897898,3.36656191034136
"FT0171",0.0819329330356406,3.20042047824898
"FT0172",0.178982987905334,2.6641312312203
"FT0173",0.303500427770782,3.12818367748832
"FT0174",0.409163380916589,4.85386088163212
"FT0175",0.719972129730847,4.27921666278588
"FT0176",0.411808252915664,8.92374167310889
"FT0177",-0.0675827054946106,4.8495771648007
"FT0178",0.546586268936383,5.64111084379665
"FT0179",0.520747758890135,11.3417290285898
"FT0180",0.923070638531042,14.9641974992768
"FT0181",0.629717799182617,7.17909748565268
"FT0182",0.217866091601108,2.98285114633184
"FT0183",0.445311601843793,4.56232635493602
"FT0184",0.900597919522557,16.8802350511562
"FT0185",0.0308329089621995,4.34050630189299
"FT0186",-0.0337641780589798,4.88171345980816
"FT0187",0.478424535725667,4.27456876620189
"FT0188",0.449158449946602,7.6729534183518
"FT0189",0.690011060538963,4.9399570145442
"FT0190",0.121910724917065,2.9747663663114
"FT0191",0.364691348539427,2.39785283402049
"FT0192",0.297031677640725,7.2256864919512
"FT0193",0.311601248382135,3.41373328813079
"FT0194",0.952535050954526,14.5162574404216
"FT0195",0.81372504153828,5.23370480491178
"FT0196",0.255536683314681,5.39575237134225
"FT0197",0.435993623599044,3.08589002560302
"FT0198",0.303349279243427,3.45362815043356
"FT0199",0.205827486654449,6.50920327043018
"FT0200",0.258050963726551,4.35617497794559
"FT0201",0.122185651378014,8.46202161615521
"FT0202",0.497863557607658,10.4280542163423
"FT0203",-0.106065262167258,4.98108108019184
"FT0204",-0.094730843844828,2.15155628996821
"FT0205",0.446581773506192,4.43173836901772
"FT0206",-0.0468018233958763,4.27267421751752
"FT0207",0.381209883323941,3.51957967299569
"FT0208",0.253047783606105,11.8549698441086
"FT0209",0.710044945872863,14.8412720153698
"FT0210",0.531495325704662,7.95268344079403
"FT0211",0.348130209245125,5.35191913931124
"FT0212",0.275642025690867,9.97014519230395
"FT0213",-0.0412957939852571,5.95313039508117
"FT0214",0.664407563718229,3.9127168395372
"FT0215",-0.257158921333412,2.49784930439117
"FT0216",-0.331385843916576,2.10685877154375
"FT0217",0.143879575594352,5.61705359554239
"FT0218",0.0681470718021651,4.18946262646572
"FT0219",0.26061113208564,8.33558714551026
"FT0220",0.611071753182027,9.30084922771731
"FT0221",0.442306952455861,5.9663915111384
"FT0222",0.0765397266847299,3.03463337513905
"FT0223",0.0262054827638564,3.30547469303502
"FT0224",0.0843856108488052,2.86149762053814
"FT0225",0.0528565300419128,2.82955659835505
"FT0226",0.135520494438116,2.57798809765944
"FT0227",0.268640814558076,3.8442598039839
"FT0228",0.0493877518796019,10.9580765266114
"FT0229",0.0439086750823316,2.62908449397979
"FT0230",-0.167962055480393,5.1537448671979
"FT0231",0.36759269721163,8.20762785483619
"FT0232",0.474968723261923,4.8983380681694
"FT0233",0.360773124607272,3.36540051919556
"FT0234",0.00816951267553178,4.16199026404991
"FT0235",0.382008969983641,2.85198192477172
"FT0236",-0.237158370456061,2.27471196951843
"FT0237",0.12703560529337,4.13752223446656
"FT0238",0.605072985269938,4.30108112837873
"FT0239",-0.127706891274085,4.65347124827643
"FT0240",0.180195762519932,3.81934067371251
"FT0241",0.13582378113925,3.89414751258896
"FT0242",0.288519122379086,5.80595321721215
"FT0243",0.26302697123486,2.45452153583076
"FT0244",0.0308646277303263,2.39996390180979
"FT0245",0.595933793084352,3.68576040404636
"FT0246",0.8954972798868,8.43192903090215
"FT0247",0.216903814778288,2.92601817615102
"FT0248",0.0147965287914267,2.47794594906463
"FT0249",0.0316821221327744,3.3902310478276
"FT0250",0.128064326927712,2.72185052861359
"FT0251",0.204007838450499,1.56106782097941
"FT0252",0.0389117820716033,2.46034914473445
"FT0253",0.590018737621101,4.74876616870237
"FT0254",0.124905430497417,2.18286995110585
"FT0255",0.044186344483641,2.72008227394437
"FT0256",0.708915090390607,5.21153162881722
"FT0257",0.141010136045306,1.99826087638373
"FT0258",-0.0259365793365058,2.50320363061768
"FT0259",0.686070799893907,5.84748397171325
"FT0260",0.852604513847313,9.8877663759041
"FT0261",0.0956193120207498,10.9143846212448
"FT0262",0.784082164808124,7.52589278013179
"FT0263",0.434713175973307,6.45729994466605
"FT0264",0.730683945947728,4.76529340159253
"FT0265",0.803855860368823,8.42903254135648
"FT0266",0.646998467911417,4.39010332438067
"FT0267",0.112952071547916,3.14181806315029
"FT0268",0.214894650637769,1.89331534536754
"FT0269",0.178708968838276,1.75968520116159
"FT0270",0.193247597094965,2.69337569936369
"FT0271",0.0737139403253989,4.6657274560031
"FT0272",0.364501197090503,3.72124830102388
"FT0273",0.968540011561503,10.1065818995148
"FT0274",0.613246056569996,5.22320087230624
"FT0275",-0.0417899954146463,4.73395805715874
"FT0276",0.619679636959029,3.58322512595758
"FT0277",0.713715624372356,6.34041969925944
"FT0278",0.329781300060598,2.05422573873749
"FT0279",0.0343343459063943,4.46179739619239
"FT0280",0.467066377543612,9.54705768865636
"FT0281",-0.0717667452543605,5.24792123927753
"FT0282",0.23003506213748,4.69059755256981
"FT0283",0.173286492843931,3.75172208069947
"FT0284",0.00812891109606961,3.55458466535873
"FT0285",0.262074419350147,3.89483668152457
"FT0286",0.165663750581272,3.22892825767218
"FT0287",0.292641002159953,3.01206775808503
"FT0288",0.0189086791168865,1.93275757122757
"FT0289",0.167438444188877,3.84838869130905
"FT0290",0.157485870378481,3.57173593501761
"FT0291",0.12033002392372,3.32160257935265
"FT0292",0.18771588537113,3.60824341779353
"FT0293",0.164373651757184,3.13139939483167
"FT0294",0.915053725556908,19.1307358703098
"FT0295",0.923203064874821,8.877467540157
"FT0296",0.618643657968461,3.83704222788481
"FT0297",0.409240760594067,13.5515239545671
"FT0298",0.492350176415266,3.68775055012994
"FT0299",0.393322072624031,3.28780718689137
"FT0300",-0.0972753430377353,3.82626411941322
"FT0301",0.0794741723750549,2.97542560523093
"FT0302",0.280939217742138,2.66352725628196
"FT0303",-0.194887623451007,2.16954681794938
"FT0304",-0.119887445424285,5.46348269705546
"FT0305",0.304467566014204,4.73494650618186
"FT0306",0.552741823806019,2.13156989667397
"FT0307",0.300495039810915,3.94299101340635
"FT0308",0.46421843449387,4.97833031925694
"FT0309",-0.0635763629978616,2.04777028035906
"FT0310",0.412262555396152,4.08322226006693
"FT0311",0.150170001163624,4.7584928371927
"FT0312",0.0538540012952911,3.43270862264334
"FT0313",0.0158972501280802,5.08059550648371
"FT0314",0.756525218904346,7.5121682895842
"FT0315",0.340556872280503,5.32568323378804
"FT0316",0.353499896814635,5.87270538937369
"FT0317",0.488107980418911,3.94850432814638
"FT0318",0.485114569372283,7.52127088895724
"FT0319",0.289112759144098,3.73734131351585
"FT0320",-0.0644760475221455,6.39118335615671
"FT0321",0.605390561009728,6.28998052326371
"FT0322",0.865136848157126,16.8631294212568
"FT0323",0.799120790275112,6.48625648665287
"FT0324",0.250448029043148,3.29094700067103
"FT0325",0.416804562597322,3.4229631902285
"FT0326",0.343160812832003,3.66705788870043
"FT0327",0.148863601957969,2.75741873617205
"FT0328",0.182075390589206,2.82246671148431
"FT0329",0.0232653460607165,1.07394824012172
"FT0330",0.0873805027868217,2.35881124605714
"FT0331",0.320908051798211,4.16462124811526
"FT0332",0.129573907488782,2.79221148556143
"FT0333",0.881357367458509,11.8597399633858
"FT0334",0.913514735237693,10.1171329319341
"FT0335",0.9416156637228,11.0525815716376
"FT0336",0.912513114264251,12.4097546180859
"FT0337",0.437715398656363,3.84170551981645
"FT0338",0.0950824661651715,2.81905845016776
"FT0339",0.441803562757106,6.9273916069665
"FT0340",0.921296096657776,19.004003793452
"FT0341",0.411238180895254,8.50090790800821
"FT0342",0.598825859254842,8.1062530293741
"FT0343",0.68619480318155,8.20238473682291
"FT0344",0.167291544937543,4.45712887150394
"FT0345",0.595142203796617,6.87072086266894
"FT0346",0.278119054536153,8.38346606324806
"FT0347",0.92148576000803,16.5018908649946
"FT0348",0.884730930071839,20.4076958927957
"FT0349",0.318464086577964,3.82647112810542
"FT0350",0.342847945887121,3.66086340145214
"FT0351",0.36145530777979,3.46979095005468
"FT0352",0.119929843399298,2.48815193762202
"FT0353",0.114613341397189,3.02414208373359
"FT0354",0.0826725808429219,2.73342114989498
"FT0355",0.116587349213617,2.7139230102614
"FT0356",0.650243630423967,6.35281972995847
"FT0357",-0.0875593998433127,4.25373567823184
"FT0358",0.889263772944414,14.8960776104291
"FT0359",0.940788951497121,14.5816462112536
"FT0360",0.725576502857976,10.8179075173507
"FT0361",0.5034501296166,5.74577137658573
"FT0362",0.0946352724636598,3.89107418562609
"FT0363",0.102582610017761,3.27883396616842
"FT0364",0.103669286382747,2.75967986780391
"FT0365",-0.0528804674862248,5.94907279155758
"FT0366",0.0697467190000825,3.07249717179132
"FT0367",0.0556177962634963,2.96029114904689
"FT0368",0.867761707797874,17.7364709756454
"FT0369",0.925283855822781,16.5858171748561
"FT0370",0.546251727312619,2.20427205930168
"FT0371",0.061809966869253,3.33253897912414
"FT0372",0.591352296348942,4.12532740560887
"FT0373",0.16237960150169,2.86164451629248
"FT0374",0.483983297580747,3.97967818207944
"FT0375",0.75005451005605,9.00536282675931
"FT0376",-0.0572009521525508,3.50728002923021
"FT0377",0.639184810489153,4.97461570424293
"FT0378",0.147232216984204,2.57667341173172
"FT0379",0.0286911884595857,2.38311270415349
"FT0380",0.0676114056482511,2.74747513838921
"FT0381",0.239534534632481,6.75522058191887
"FT0382",0.80263500250954,11.0067546719685
"FT0383",0.455502197571097,5.09872473233843
"FT0384",0.0856379790069758,3.61267003530212
"FT0385",0.167411053581585,2.6364707450402
"FT0386",0.172500927215666,2.42332146628584
"FT0387",0.435926242964358,8.07313525866007
"FT0388",0.0898570661936632,2.64460267164381
"FT0389",0.0782316330655506,2.47457893886228
"FT0390",0.649608112884389,5.05993648215241
"FT0391",0.228520481711618,2.72130276436469
"FT0392",0.18538764202969,2.86689580529404
"FT0393",0.235783810803595,2.61253627903522
"FT0394",0.932085578855139,15.5892448264831
"FT0395",0.960129035873743,1.49054692792839
"FT0396",0.92422416813515,16.0221907095328
"FT0397",0.282385897889935,7.04761399229388
"FT0398",0.966379864340234,11.8292635737227
"FT0399",0.714243581473066,14.5226214479113
"FT0400",0.309091874074765,14.5994094228524
"FT0401",0.856490631602068,12.7934571714545
"FT0402",0.262024409278963,13.3772371422642
"FT0403",0.455359108925636,9.80733430193716
"FT0404",0.93287673895299,13.4924665765187
"FT0405",0.235689247396863,1.55573451613105
"FT0406",0.241632138880932,1.17696624277032
"FT0407",-0.07591539177561,0.839101725602732
"FT0408",0.148245115724014,4.67768360678346
"FT0409",0.511836592393565,10.5463477983762
"FT0410",0.929463443061063,18.9195698165143
"FT0411",0.138147891078014,4.51166021485001
"FT0412",0.965152558567164,15.0327183697049
"FT0413",0.948629494990648,10.8701098484093
"FT0414",0.439523505878559,9.29731642408225
"FT0415",0.258036991039196,11.5196765948717
"FT0416",0.683284071968328,12.1335515785283
"FT0417",0.847088601448937,11.1471219338331
"FT0418",0.282881392398049,2.64864103048927
"FT0419",0.240404174924774,2.0439081268712
"FT0420",0.181119771756239,4.22467726345943
"FT0421",0.126016154883798,2.08272183940744
"FT0422",0.370801705859357,9.35336200931297
"FT0423",0.147462504579485,2.2059412210981
"FT0424",0.159123006124434,2.00243743788019
"FT0425",0.102249959425951,1.62601956679526
"FT0426",0.348465692370573,4.26000973059123
"FT0427",-0.0509662771390984,2.93388223786592
"FT0428",0.404459248610662,8.20163013305658
"FT0429",0.287639184644967,10.0067146982789
"FT0430",0.580194781682488,10.655573062087
"FT0431",0.792446449881065,8.61998811606126
"FT0432",0.207247885563958,2.72501086665949
"FT0433",0.0502655908878776,3.10065307048489
"FT0434",0.0626621075062637,1.93797499423366
"FT0435",0.00720506125183538,5.73443344430054
"FT0436",0.131736573365203,2.09224928357202
"FT0437",0.108770570648493,3.72019094758418
"FT0438",0.149579218904822,2.4187277370712
"FT0439",0.0901386871417811,3.66566679931094
"FT0440",0.151297270602639,2.99545593859925
"FT0441",0.104300545105321,2.14993313175286
"FT0442",0.474592719074386,3.29969008882179
"FT0443",0.784883051877631,5.25770241614208
"FT0444",-0.124571680052307,4.71685651559316
"FT0445",-0.432993607031802,2.38975974886909
"FT0446",0.863147778742263,23.1516667905125
"FT0447",0.249555513950493,2.82988454716175
"FT0448",0.803248190143168,11.2663187583664
"FT0449",0.335848758741286,8.3066283278943
"FT0450",0.452557920765158,9.15471502656979
"FT0451",0.261265724098741,12.176732581006
"FT0452",0.634898022718822,12.5224980664104
"FT0453",0.826212569783698,4.0872199021119
"FT0454",-0.0182791514873397,3.5134348073478
"FT0455",0.119230177941825,3.32483746322186
"FT0456",0.697920511491525,5.39522970964638
"FT0457",0.956633942277301,12.6874063427923
"FT0458",-0.173854668336243,5.49710605579492
"FT0459",0.500078653676878,5.4264567705677
"FT0460",0.520398884526073,4.38106149443092
"FT0461",0.0196296532314003,1.06109587542181
"FT0462",-0.109195283252534,4.15304280756835
"FT0463",0.205154864735302,3.68719172410041
"FT0464",0.350083056331732,1.82420944962145
"FT0465",0.891768587249807,14.8663493360217
"FT0466",0.318522751735297,2.48474014316706
"FT0467",0.244946427320933,2.16909791610419
"FT0468",0.686394215630153,4.21988849547184
"FT0469",0.951590813123593,9.91051953597708
"FT0470",0.749441457584665,2.44057886862437
"FT0471",0.313477185630516,4.39378191828657
"FT0472",-0.132672291882692,12.3923133529141
"FT0473",0.296400859494463,3.0968863063301
"FT0474",-0.017865581011887,7.5193683028369
"FT0475",0.376223316299632,2.95277150737966
"FT0476",0.423923297159283,3.35674546421712
"FT0477",0.622837607775814,5.26953769470885
"FT0478",-0.177865707508969,7.80660825334554
"FT0479",0.480861766666578,3.58006534152174
"FT0480",0.417944811553723,5.61544126934542
"FT0481",0.3078979383501,3.30916232656984
"FT0482",0.197618987834062,2.72883740377659
"FT0483",0.155782190866468,3.70789893457844
"FT0484",0.0728564937575839,2.9500776204996
"FT0485",0.0640502353371794,3.55488761957502
"FT0486",0.0388797673865361,3.03781118048281
"FT0487",0.00294159436843708,3.07112417752099
"FT0488",0.0459223854398699,2.45177435130415
"FT0489",0.167793312406562,3.07439035282528
"FT0490",0.475903422586289,3.7805687250292
"FT0491",0.903449386978978,17.2548276290498
"FT0492",0.279536294728969,3.15798343127682
"FT0493",0.242681971378295,12.2804072410052
"FT0494",0.339644742493375,6.03053610255167
"FT0495",0.0264409842007455,5.64880359872526
"FT0496",0.552824409342508,3.7588673057779
"FT0497",0.37189153038408,3.16713008475296
"FT0498",0.316065477386611,3.41494943306263
"FT0499",0.297410753864422,2.69993341150064
"FT0500",0.184081512132374,2.81612339234201
"FT0501",0.320822400528878,3.46946767149082
"FT0502",0.925592903252875,13.5689497442094
"FT0503",0.926346330438847,15.5060218893186
"FT0504",0.0994046335200878,2.91574244164203
"FT0505",0.459986608171928,3.77271141483135
"FT0506",0.0343696325163261,2.04707978529044
"FT0507",0.046563035416809,0.805997631387027
"FT0508",0.918764035008059,11.2336288764414
"FT0509",0.0961387200410217,3.49885748454979
"FT0510",0.325964358146695,3.06552439101233
"FT0511",0.207333341288683,10.5706004188163
"FT0512",0.315003114054764,4.7217445404346
"FT0513",0.0454780400188327,6.13869728981554
"FT0514",0.156611356306939,3.29945658935214
"FT0515",0.288709608480441,2.69090169411786
"FT0516",0.558959426555884,4.35393754651514
"FT0517",-0.381674047614136,10.7030434487863
"FT0518",0.377267209634827,5.09319246677163
"FT0519",0.313433955570716,3.01739322935528
"FT0520",0.0170428593814512,5.16161309098482
"FT0521",0.575554109272953,3.46657234450906
"FT0522",0.926968134948271,14.767553793281
"FT0523",0.313889040257157,7.40211353824366
"FT0524",0.422218713896112,2.77387267947623
"FT0525",0.167021319292309,2.9679324331326
"FT0526",0.859654110913914,18.5985411599997
"FT0527",0.866601849981587,21.1941585442318
"FT0528",0.664685078122957,5.93768814399565
"FT0529",0.211691965817085,3.76641828970102
"FT0530",0.856979954656001,14.5598464369754
"FT0531",0.73383378027037,3.89323943349471
"FT0532",0.739857672226146,4.36730985748758
"FT0533",0.902591456160555,15.9416909453552
"FT0534",0.645170262335662,9.42691929240687
"FT0535",0.870285947994155,18.5691428591157
"FT0536",0.381720785667503,4.60860718932815
"FT0537",0.935921336683559,12.6963376388202
"FT0538",0.931090073049917,16.8310083915748
"FT0539",0.82007116283946,19.0637179992132
"FT0540",0.896340877051264,7.44952861585279
"FT0541",0.707027964534952,4.42920601860738
"FT0542",0.365247162478936,2.344097515894
"FT0543",-0.105440798426618,3.19597183302161
"FT0544",0.131102750595124,4.10163112175728
"FT0545",0.231805452758102,2.22230976827706
"FT0546",0.164461481682454,1.47929046743454
"FT0547",0.158061772812172,2.02933039515691
"FT0548",0.1208973705719,1.86861564108735
"FT0549",0.088896162212789,1.798931815263
"FT0550",0.929079902568196,16.2324033876172
"FT0551",0.956123870846228,18.7816253145397
"FT0552",0.9381734874027,10.4410346452318
"FT0553",0.870606096036594,7.62625477113508
"FT0554",0.964586919708768,9.46853959431126
"FT0555",0.500871749513252,4.46407670491852
"FT0556",0.2761637275962,2.04449908049605
"FT0557",0.920432441680346,11.4340018713267
"FT0558",0.889337747799385,6.87749055219043
"FT0559",0.784277656545532,4.61901799719339
"FT0560",0.655587197575829,10.6817127756007
"FT0561",0.825273265974371,7.64415590223697
"FT0562",0.665338426905479,5.66230575915466
"FT0563",0.0550256372409773,3.20197265339169
"FT0564",0.746411949465286,4.24803299042575
"FT0565",0.903313764033354,20.620912717567
"FT0566",0.356701839081291,15.1810454149997
"FT0567",0.306170381238188,3.63283230332684
"FT0568",0.852758815954172,16.0790283088926
"FT0569",0.516911228565805,5.7430936656881
"FT0570",0.289249552377478,4.66171741427865
"FT0571",0.26038624410023,10.7507911408858
"FT0572",0.576060203858347,9.21316098246071
"FT0573",0.477393317803773,6.92123283547344
"FT0574",0.382471352945163,5.00436303322361
"FT0575",0.115930561746335,5.27363967584769
"FT0576",-0.0812653364455201,8.23270232444752
"FT0577",0.871030130991114,14.3259109758657
"FT0578",0.560225646781795,13.62870672262
"FT0579",0.94381476005579,16.6433599077564
"FT0580",0.947570231028466,15.1582519793744
"FT0581",-0.0535464123245344,5.02331058995419
"FT0582",0.144602516062641,4.66057258718395
"FT0583",0.198728791804664,3.32813827821166
"FT0584",0.0454325509900967,3.13827123510569
"FT0585",0.162328258679862,3.07479135552017
"FT0586",0.289834198890362,4.62150724325086
"FT0587",0.10696773788567,2.59710955331496
"FT0588",-0.205892889934354,4.65270625949266
"FT0589",-0.127615985501342,3.18989293614972
"FT0590",0.515743960784117,6.64773581856313
"FT0591",-0.0317305262106074,3.89604894616755
"FT0592",0.640402721861519,4.5378394654505
"FT0593",0.220747934263035,2.90987210071749
"FT0594",0.112592303348125,2.4536345577715
"FT0595",0.182981511644658,3.95820933317611
"FT0596",0.0838077973908333,2.69534227443697
"FT0597",0.131156823146925,2.6266309193036
"FT0598",-0.013426576669557,3.37830728257488
"FT0599",0.486754134574591,3.70253076379958
"FT0600",0.682945687982087,4.88755458689009
"FT0601",0.174818970381366,1.77783742466502
"FT0602",0.43325035779392,3.40795517787496
"FT0603",0.560066623234332,9.36643524609555
"FT0604",0.830383233642446,12.3985684196668
"FT0605",0.25403017604415,4.05624309986433
"FT0606",0.0837642385396406,2.45638626236249
"FT0607",0.157785606480186,2.09611044007994
"FT0608",0.229081882959891,2.04145534219988
"FT0609",0.173387285484673,1.9191184325609
"FT0610",0.237588121776893,2.14595765902303
"FT0611",0.488139680927139,5.00031226851202
"FT0612",0.367524812409917,2.83437422740602
"FT0613",0.449841819857556,2.77249984730672
"FT0614",0.225897352855538,2.6511238149667
"FT0615",0.333598122485275,11.709631893351
"FT0616",0.39032141213199,7.34172974040262
"FT0617",0.691935641005689,12.1000735904659
"FT0618",0.409477252579864,4.90970099386879
"FT0619",0.0407279535337722,17.8195084047983
"FT0620",0.889151407911376,15.6766675493831
"FT0621",0.227580005025788,5.72705509848123
"FT0622",0.137341120329592,3.31038953924149
"FT0623",0.231765810002382,3.63418913579547
"FT0624",0.221437036101472,2.7975775013451
"FT0625",-0.107362759389631,3.28126081934007
"FT0626",0.862047257331975,10.7777238683682
"FT0627",0.403840465337192,4.20921746805813
"FT0628",0.315441292347354,3.1045732903249
"FT0629",0.212593823734609,2.93288681729929
"FT0630",0.348247101252944,3.26769798776709
"FT0631",0.221616031855826,2.64280777537552
"FT0632",0.0878156347836074,2.56110747405858
"FT0633",0.182730627862568,2.42680815303031
"FT0634",0.190601050516641,2.46701113138527
"FT0635",0.23752881557833,2.63981917806942
"FT0636",0.534166251673707,8.58282804437854
"FT0637",0.216243003697868,2.38103262508357
"FT0638",0.291535027515546,11.5843671392758
"FT0639",0.0597343020751521,10.0206913155848
"FT0640",0.303882126513414,3.84768423618604
"FT0641",0.0199165886986432,2.23128309230458
"FT0642",0.189038400825023,2.10329946434624
"FT0643",0.127061378176323,2.52178928358594
"FT0644",0.210643412898684,10.0191819902011
"FT0645",0.919556461737282,9.22670474206897
"FT0646",0.735308028341059,13.2678195192118
"FT0647",0.933747224790713,13.6309639246635
"FT0648",0.666967383355748,6.43179208747445
"FT0649",0.893579621259537,20.4181054531344
"FT0650",0.460174386271499,3.43877074875367
"FT0651",0.0965467614359012,2.61426626423448
"FT0652",0.152703209438845,2.70170748533649
"FT0653",0.835033127621918,17.3456220565569
"FT0654",0.369479916670461,3.45704511903996
"FT0655",0.282700380384096,2.9154105648314
"FT0656",-0.0607879094663065,6.89460116753402
"FT0657",0.38973131770108,2.88052964948021
"FT0658",0.132835019155202,8.98639227963151
"FT0659",0.355396535772756,4.38080770035863
"FT0660",0.23922662263183,2.73720750086046
"FT0661",0.23256472525379,2.6047383630813
"FT0662",-0.0635107510917649,2.53000043920374
"FT0663",0.486744461166162,2.89603252713237
"FT0664",0.343062139685346,5.03582493300112
"FT0665",0.0423240416701743,13.5345820403798
"FT0666",0.877594480884931,7.4917509437865
"FT0667",0.709495615649349,8.03690578696556
"FT0668",0.374376559074919,12.226421880056
"FT0669",0.255014885674194,9.42053094614198
"FT0670",0.393492799043397,3.15401443980574
"FT0671",0.245807237334026,2.58192248752043
"FT0672",0.40677180070472,2.25544679366864
"FT0673",0.604570473541961,7.5990855408984
"FT0674",0.13911041513336,2.42652160271372
"FT0675",0.0539872159931233,1.92864219266855
"FT0676",0.121239662366595,2.16984377082331
"FT0677",0.206492099459619,2.33915730188989
"FT0678",0.195542567616023,2.11792979744158
"FT0679",0.134997680691035,2.05033320022731
"FT0680",0.166771459723431,2.38520271786457
"FT0681",0.0844223748691964,2.3839563485815
"FT0682",0.168632964177348,2.00929811909045
"FT0683",0.953903295697097,11.8799255764055
"FT0684",0.645912304562165,4.69963664048648
"FT0685",0.14499689455524,2.77747860387469
"FT0686",0.212782621811166,1.97257085973796
"FT0687",0.0239372524162539,2.86541168456387
"FT0688",-0.0106642031551946,2.77765695350218
"FT0689",0.800894546978293,6.54729586619811
"FT0690",0.224715359293751,1.20780054540754
"FT0691",0.0169895360533914,3.06524255081916
"FT0692",-0.273965527683264,3.41352214864207
"FT0693",0.314140491986565,3.56229178408981
"FT0694",0.00393109315217585,3.66543932277137
"FT0695",0.166614508813964,1.37912457585239
"FT0696",0.942799174589018,18.9731564120704
"FT0697",0.939649642296203,15.9994373916518
"FT0698",0.883071939545639,7.79539469836109
"FT0699",0.232829710418035,4.3124870833328
"FT0700",0.674839856679605,7.48298023802423
"FT0701",0.330036538381282,9.36229474456559
"FT0702",0.786693677228413,9.2681103571254
"FT0703",0.293042361019497,3.05482356340668
"FT0704",0.532273732866116,2.80893966664126
"FT0705",0.155834968686027,2.36938796060383
"FT0706",0.350785415986589,2.49642463621086
"FT0707",0.396578784033433,4.45866066152099
"FT0708",0.183648350756373,2.24905856985966
"FT0709",0.535917191982036,4.50235636718219
"FT0710",0.0809969530375543,2.39677860649911
"FT0711",0.129022040895194,2.26707625427111
"FT0712",0.323134735294535,2.8835688760585
"FT0713",0.17496287267359,2.78613003743328
"FT0714",0.206931351738782,2.48384418044355
"FT0715",0.194863548477607,2.39743177472644
"FT0716",0.0368412838019314,2.34877470921941
"FT0717",-0.3458940870853,9.93035670240376
"FT0718",0.924874591215028,16.4030262087578
"FT0719",0.924674908601647,14.5237139276061
"FT0720",0.248228545909259,2.31920613361566
"FT0721",-0.0359980327762482,2.41717739607026
"FT0722",0.948472144819935,10.7057917406534
"FT0723",0.700002692257948,3.08588377748286
"FT0724",0.137589225402595,2.85861068313428
"FT0725",0.522984197428088,3.75356755569988
"FT0726",0.126755184866097,2.03669028890517
"FT0727",0.917214502661533,16.1441131741186
"FT0728",0.3319838333622,3.29950802775799
"FT0729",0.8705621941976,20.2056175205482
"FT0730",-0.00404048008615109,3.49984162383749
"FT0731",0.202395120743373,2.94316851050424
"FT0732",0.0766589662969597,3.5184757634282
"FT0733",0.0799802290555577,3.22406007868645
"FT0734",0.972545045786356,20.1884405945659
"FT0735",0.257082643824441,2.51597667707449
"FT0736",0.357791995666791,2.89596397157521
"FT0737",-0.234489806836414,9.40345574086512
"FT0738",0.261717206646219,2.94100965883446
"FT0739",0.198678349408144,3.35693249020235
"FT0740",0.795082725702015,5.22706376727356
"FT0741",0.386428291261106,3.07155417202668
"FT0742",0.330794444743677,1.37898571804963
"FT0743",0.281151699574886,1.00169972461109
"FT0744",0.854456213956099,4.34200344980918
"FT0745",0.247404955605994,2.07459826022066
"FT0746",0.944983640242324,17.0091741382934
"FT0747",0.974368580283186,15.2344341652104
"FT0748",0.139527206551857,4.3665474791513
"FT0749",0.46669733724609,3.30904758451202
"FT0750",0.939894555246338,18.8227688370577
"FT0751",0.848848434635724,9.65376299351612
"FT0752",0.945228696574787,12.5551739112381
"FT0753",0.880137498676095,16.3863113865339
"FT0754",0.527694894178795,4.1124903589816
"FT0755",0.796965890376773,4.97318177973603
"FT0756",0.197262405594077,7.95163090312999
"FT0757",0.122077841878652,2.7599800640515
"FT0758",0.60571580167481,3.68712403324094
"FT0759",0.0919665901532304,2.04148272083515
"FT0760",0.861608510211581,10.9750462970626
"FT0761",0.845222647644876,6.52042846667566
"FT0762",0.218645255844522,6.06022686915435
"FT0763",0.762108856629503,4.1149983701795
"FT0764",0.482864888239188,7.70293021751836
"FT0765",0.863179566385356,4.23671629100467
"FT0766",0.116961500796512,10.2904880768881
"FT0767",0.573500712457204,8.42008774027874
"FT0768",0.942207019951499,15.6342200353879
"FT0769",0.906587364774079,14.2023149229664
"FT0770",0.439867679458723,3.50848609129652
"FT0771",0.642601122583533,4.59989246589741
"FT0772",0.170818926141768,2.81983327900761
"FT0773",0.431920454632235,3.92024485293475
"FT0774",0.82398032292905,7.04756851011166
"FT0775",0.14742554578035,3.21207257688584
"FT0776",0.916880662300794,17.1797518701704
"FT0777",0.330574995974662,3.01330841619047
"FT0778",0.18838617283369,2.99658193407644
"FT0779",0.933409018342512,16.396003675716
"FT0780",0.137153403268839,10.9106453069747
"FT0781",0.525742135949536,7.76135140057917
"FT0782",0.905968045399366,16.4282573921903
"FT0783",-0.0436749683282233,1.3752122100293
"FT0784",0.863607463027209,18.2822946848049
"FT0785",0.889054906339398,10.1639164497566
"FT0786",0.937288544588388,16.8197181175526
"FT0787",0.219123646308991,11.1990712072203
"FT0788",0.76545754252028,9.77917043361817
"FT0789",0.105152585755823,2.11296798837088
"FT0790",0.922840462088416,15.3403803203185
"FT0791",0.251387364547669,1.81462605447362
"FT0792",-0.0149954035556884,3.54692425046294
"FT0793",0.195625854995347,3.37329036324285
"FT0794",0.91181597668115,11.3604994989545
"FT0795",0.472431399908531,13.4048617425779
"FT0796",-0.163294267362196,5.06010802241111
"FT0797",0.0907902706064599,2.81744091412169
"FT0798",0.14214233079341,2.95873099795354
"FT0799",0.0567851559036373,2.80646762109475
"FT0800",0.00897888063365452,2.95640934187513
"FT0801",0.109301392389539,3.18213816871222
"FT0802",0.0820745078435071,2.71632240603479
"FT0803",0.258056114155098,3.45658817815138
"FT0804",0.141435161272975,3.73610952014687
"FT0805",0.170440000194751,2.73370002149394
"FT0806",0.471176906763478,3.14852386921712
"FT0807",0.473103625415563,6.0340502103731
"FT0808",0.168115320276245,3.28799412013852
"FT0809",0.244268260317349,2.80998859869486
"FT0810",0.194579883701823,2.49390686948931
"FT0811",0.47719750674272,4.52523323654102
"FT0812",-0.0161247754883301,2.67235201401584
"FT0813",-0.317021391239334,1.5313454576318
"FT0814",0.144596806158547,3.05780771936352
"FT0815",0.0666177604241689,3.01654403127639
"FT0816",0.169439847715762,2.5176765324906
"FT0817",0.16976086385752,4.33071170167069
"FT0818",0.40480468812972,2.9609927338301
"FT0819",0.223516402864979,2.41944349331999
"FT0820",0.112315649545105,2.64112753723137
"FT0821",0.89800370804952,12.7607664889443
"FT0822",0.131328665423182,3.89974191726895
"FT0823",0.894830971228021,10.5015232488058
"FT0824",0.964695138412513,9.64856234330191
"FT0825",0.892995466110568,7.9148786026295
"FT0826",0.450459088137714,8.85638483894044
"FT0827",-0.505405031763817,7.75932278526339
"FT0828",0.597416063724352,4.47625676603028
"FT0829",0.888364964371223,16.1370231901211
"FT0830",0.896333216247876,11.3498079041174
"FT0831",0.806844151322508,13.7027784345721
"FT0832",0.697761286802374,5.05753713831341
"FT0833",0.434036690108342,3.54022680948451
"FT0834",0.0713685155835042,3.28378842453561
"FT0835",0.133319908429728,3.18839083677732
"FT0836",0.160128442537941,2.56578751417995
"FT0837",0.194157019624491,1.90265014047223
"FT0838",0.823764937950028,9.39145651814446
"FT0839",-0.0788723059239601,3.42402026962198
"FT0840",0.940546066455483,10.0107028568429
"FT0841",0.876329482350553,12.6674826496628
"FT0842",-0.173979234390798,5.09515312759795
"FT0843",0.96449080483273,14.4657761701019
"FT0844",0.935815486026132,19.6422312948187
"FT0845",0.863703443620825,20.1246700959986
"FT0846",0.680521638156448,10.4719231761703
"FT0847",0.273712382465502,3.35823901496823
"FT0848",-0.0429357508547115,3.79415528626581
"FT0849",0.940781862008229,13.5219654628113
"FT0850",0.951335845270405,11.054305348586
"FT0851",0.322292188715135,10.2406341923428
"FT0852",0.432329029809336,6.89210143486802
"FT0853",0.702312667856034,9.74327049236423
"FT0854",0.811095284668479,9.09871819500309
"FT0855",0.436885605216953,5.55674169090631
"FT0856",0.0351548702587385,6.63451705974823
"FT0857",0.918171506640582,12.0495060240604
"FT0858",0.299409878484375,9.34461575215976
"FT0859",0.428650006275217,6.44421502285713
"FT0860",0.644920865979291,7.57266752012394
"FT0861",0.775447927930789,4.90380098087499
"FT0862",-0.0438001515692942,8.9942183412832
"FT0863",0.176678206009319,2.68485724334819
"FT0864",-0.0341408356583337,5.8129205969099
"FT0865",0.146645796666568,4.14296481233828
"FT0866",0.870395005078234,11.452444045837
"FT0867",0.421979017356682,9.99674932828842
"FT0868",0.599880425550841,7.37557178606573
"FT0869",0.688119629920013,9.72246659642426
"FT0870",0.493381438047438,7.45162696605348
"FT0871",0.700536177930462,4.43356389183025
"FT0872",0.21590112613871,3.27779228879034
"FT0873",0.210323204451252,3.26207612319814
"FT0874",0.393497461427792,3.72538563643762
"FT0875",0.100401114638605,2.8869727643743
"FT0876",-0.34082207928976,5.7500955678693
"FT0877",0.0443642940828296,3.33059438006926
"FT0878",0.721631902001961,2.20485874100761
"FT0879",0.778235378556683,6.47512723880771
"FT0880",0.260283167816222,4.03068036139983
"FT0881",0.24840735300715,5.81733687101331
"FT0882",0.241712279748335,9.516657073922
"FT0883",0.397584194822934,5.89724421081485
"FT0884",0.632686320439694,8.37887446325134
"FT0885",0.904612563030329,14.0284549664415
"FT0886",0.550298638800273,4.06489212043426
"FT0887",0.896270268147573,12.422586734983
"FT0888",0.918224186561911,8.72528730799561
"FT0889",0.0505968137090562,3.59522457931838
"FT0890",0.131269347528378,2.86473701975472
"FT0891",0.0572145759995754,1.33912105041832
"FT0892",0.11669740778276,1.87346221560965
"FT0893",0.692115731939716,1.90588241836989
"FT0894",0.929376755389356,20.6164542032179
"FT0895",0.703939558159899,2.29117207075584
"FT0896",0.847070757581864,12.5572480900109
"FT0897",0.305261239593812,4.37079778744842
"FT0898",0.0620861905879773,15.8291455675129
"FT0899",-0.0794193457081982,8.78909813688627
"FT0900",0.276288548062729,2.81304750712112
"FT0901",0.327182550372885,3.59478962723243
"FT0902",0.298684045992464,2.37925495984358
"FT0903",0.377671698703953,3.23078581498966
"FT0904",0.502336332763581,4.03740537728541
"FT0905",0.263559190067665,4.37850198944686
"FT0906",-0.0556620122567008,2.55942685441163
"FT0907",0.685397554435233,4.02340744360337
"FT0908",-0.000202209288682776,8.65909497646141
"FT0909",0.478891974158382,8.35428792697185
"FT0910",0.304216936705976,7.57298679683183
"FT0911",0.297260436201022,2.92169070284176
"FT0912",0.381311359725104,9.35729801166164
"FT0913",0.41470862263318,6.62853712271087
"FT0914",0.111825360360022,2.73916039047442
"FT0915",-0.0448729737218591,4.59307712726279
"FT0916",0.366141913981964,2.24343877315401
"FT0917",0.913092519915944,18.2416828171653
"FT0918",0.0980685531491105,2.58797856315284
"FT0919",0.740376501387321,5.58346475377011
"FT0920",0.132800776353401,5.78451576103895
"FT0921",0.542164143251301,7.35004458165806
"FT0922",0.895059261901457,16.6632183146648
"FT0923",0.254642271360241,2.14841254553455
"FT0924",0.943077770459284,12.1211834280413
"FT0925",0.949378834011461,17.1169296122261
"FT0926",0.935809776071017,16.08182786715
"FT0927",0.9476879731684,15.8818441103402
"FT0928",0.952086978168918,12.4305648509363
"FT0929",0.823409675107301,13.4793113761372
"FT0930",0.940563172748243,7.83645158990979
"FT0931",0.716204149760322,15.3561015209652
"FT0932",0.793681592437738,10.4969499976688
"FT0933",0.591907277847619,4.41071967765421
"FT0934",0.967187306058194,15.6614778528628
"FT0935",0.388383432690718,14.564136349339
"FT0936",0.914648347810021,16.5639946067595
"FT0937",0.375234032415587,13.9593942647949
"FT0938",0.934542573641882,15.3598328048074
"FT0939",0.949310084603418,18.0989416625447
"FT0940",0.934013905674477,14.5066695180586
"FT0941",0.231961170099228,4.54283243197625
"FT0942",0.412391841097594,6.12079110658298
"FT0943",0.50363675728179,5.80881819064798
"FT0944",0.917455445043781,8.51861017764765
"FT0945",0.953465654528395,14.9335223775356
"FT0946",0.90877977342677,15.5460448665508
"FT0947",0.138160821536483,3.24855053957456
"FT0948",0.296627872011083,2.95906830980345
"FT0949",0.200715112446531,2.70025140016701
"FT0950",0.273322798764503,2.96081226388805
"FT0951",0.215520942623672,3.16373046747462
"FT0952",0.598826566928549,4.19763676450114
"FT0953",0.859727155377504,18.5279239946178
"FT0954",0.258115085623071,2.71323516677576
"FT0955",0.473539424667482,8.56336288207889
"FT0956",0.277463680431657,9.32265586615177
"FT0957",0.607673291629566,9.53192541096289
"FT0958",0.478710740801641,10.3055036562582
"FT0959",0.187860444656312,2.62300914651022
"FT0960",0.228692916914928,2.56090035329671
"FT0961",0.153205340240447,2.3079054429065
"FT0962",0.0997425493776628,2.41401847324148
"FT0963",0.795799992523785,13.6180052064661
"FT0964",0.340487976140465,5.2534073074399
"FT0965",0.879059096485494,6.5968153654093
"FT0966",0.928485693820826,16.0751372253599
"FT0967",0.350231419439917,2.66949307881964
"FT0968",0.30903768812766,3.06869140047925
"FT0969",-0.0357385174951163,2.44149517104803
"FT0970",0.168914280762965,4.65895282046855
"FT0971",0.0690505156606976,2.27459593379013
"FT0972",0.733136626687466,3.02119703810542
"FT0973",-0.00286665350633951,1.99054479134066
"FT0974",0.627218277919023,5.96459043988333
"FT0975",0.504249575005997,6.72016084391516
"FT0976",-0.238774861809975,1.09093757767182
"FT0977",0.249199417457468,2.1606858583258
"FT0978",0.209771738587186,2.55270115281446
"FT0979",0.113630582869027,2.34770272588766
"FT0980",0.118306426111437,2.27840222185156
"FT0981",0.18301563784848,2.40968318720766
"FT0982",0.150977178156115,2.19655470957941
"FT0983",0.303263759373808,5.85984843401048
"FT0984",0.125736215525655,1.76155945134554
"FT0985",0.137263511312642,2.1519121409698
"FT0986",0.449263040974217,4.53540213018197
"FT0987",0.855076885741265,11.4863963800966
"FT0988",0.284072047521969,2.07267248610033
"FT0989",0.348066018182774,1.13764041580974
"FT0990",0.246567205608728,5.24787562807724
"FT0991",0.456818729657895,8.55535814286733
"FT0992",0.130309603020977,2.15094239204508
"FT0993",0.172995000338642,1.86569016691032
"FT0994",0.876922646210066,5.27688338460302
"FT0995",0.321767497070008,3.05567183366734
"FT0996",0.734288926253451,7.7955294928144
"FT0997",0.934431622816645,12.9409705519028
"FT0998",0.051716357368666,3.353489706378
"FT0999",0.298615950992922,3.10960345065304
"FT1000",0.0621816693308109,2.8620353718821
"FT1001",0.719626424800078,5.8923396601216
"FT1002",0.463864146335633,7.45039168403253
"FT1003",0.662756701597784,7.84380424061817
"FT1004",0.32868521698363,3.61677383440475
"FT1005",0.434759062703853,3.68647789380254
"FT1006",0.512531627934023,5.46177485765132
"FT1007",0.177662864752876,2.59263680192476
"FT1008",0.180419280221161,4.2691676171191
"FT1009",0.0880089254557525,2.60453442331427
"FT1010",0.130595703360009,2.7400724595003
"FT1011",0.114421360774553,2.66944353199082
"FT1012",0.235364872229343,2.26558855654952
"FT1013",0.152774466588854,2.36266492299694
"FT1014",0.452558416061207,5.61451707649263
"FT1015",0.276489335469817,2.83126555358579
"FT1016",0.207800903561084,2.08697042986406
"FT1017",0.209568803198949,2.20793084845447
"FT1018",0.244301770581861,1.84953287571369
"FT1019",0.146325808382862,2.40072570168237
"FT1020",0.871998005605721,11.2827144517861
"FT1021",0.308348087611914,3.58576905479157
"FT1022",0.368653753204992,2.88808422881458
"FT1023",0.223357257747625,2.02216301038879
"FT1024",0.392929134180602,8.95082959696047
"FT1025",0.382581746458806,8.92049330797904
"FT1026",0.288287879354251,3.76718518479829
"FT1027",0.560242809334634,11.3896690989989
"FT1028",0.484845268911298,6.33393977612594
"FT1029",-0.0648419945648315,5.25108135384578
"FT1030",0.124450200177376,3.18861036451967
"FT1031",0.044862417316031,5.34478334008646
"FT1032",0.119687666584874,2.51114549602365
"FT1033",0.256687608784765,3.29215768983967
"FT1034",0.352339724066395,3.0298993840245
"FT1035",0.357767664130601,3.46001831859413
"FT1036",0.29243184125164,2.78373704691231
"FT1037",0.0671910698478297,2.7885111988613
"FT1038",0.0691969018124411,2.56653631150836
"FT1039",0.438544391553642,3.43339484790045
"FT1040",0.369313547114063,2.73542093606388
"FT1041",-0.00945376402498653,2.75847712027373
"FT1042",0.103637321934224,2.49425070409998
"FT1043",0.183353123305635,2.11489216500691
"FT1044",0.460468869471822,8.80326513052279
"FT1045",0.451167454237631,4.33214581912159
"FT1046",0.427716384017477,4.84761805598319
"FT1047",0.510614496109312,8.71468016788948
"FT1048",0.0930260460376365,2.23216718010306
"FT1049",0.777249987104615,9.27724121225681
"FT1050",0.111448364166953,1.50800104243078
"FT1051",0.496913043432322,2.86644857871249
"FT1052",-0.120743178550875,3.69076982529204
"FT1053",0.662491589074337,3.74934202711856
"FT1054",0.836215364252461,7.48338984201567
"FT1055",-0.123632954764356,3.92893751084605
"FT1056",0.900875799161392,6.54626181245253
"FT1057",0.366021231671511,4.11510703564024
"FT1058",0.621065449794882,2.50172199362007
"FT1059",0.832629134715925,15.2956230555562
"FT1060",0.375764830535777,10.2325242811441
"FT1061",0.480018030528027,1.92769064646321
"FT1062",0.769861366005874,9.14081441589366
"FT1063",0.932615691136606,15.7117999105038
"FT1064",0.968824768613427,12.7324914305426
"FT1065",0.899542943206208,9.92828959178738
"FT1066",0.579943268768595,4.04857291315081
"FT1067",0.127162055582696,10.4319772354791
"FT1068",0.652759089485459,9.75362744380995
"FT1069",0.0618324698770657,2.41317944682755
"FT1070",0.588123322710699,6.71677341071738
"FT1071",0.0926275920137521,10.8003530928214
"FT1072",0.6282593552639,9.48297846696339
"FT1073",0.942027020508508,7.40300113677965
"FT1074",0.0666340143582665,2.72831773884693
"FT1075",0.437536724843642,3.23931586847797
"FT1076",0.372900238909214,5.41120685098889
"FT1077",0.196248986021931,3.56381949786454
"FT1078",0.110149507560219,3.96904323900406
"FT1079",0.255130071909816,2.71481813984035
"FT1080",0.144114968334066,2.60159514941944
"FT1081",0.0379270208700121,2.10151430482275
"FT1082",0.050875395982583,2.47852559005553
"FT1083",0.722409522694867,8.44882715203165
"FT1084",0.200210042143155,2.01988623726719
"FT1085",0.173913234184351,9.00417784599021
"FT1086",0.754686832615816,8.41054510912148
"FT1087",0.763275414796274,3.80917153017675
"FT1088",0.82481002500541,9.7241905861043
"FT1089",0.401827032231996,4.04993717790195
"FT1090",0.849360213188373,6.36501038450994
"FT1091",0.175090451823737,3.2492939760733
"FT1092",0.803023064160794,5.61158724212894
"FT1093",0.26003861414511,3.22359387474272
"FT1094",0.100667668664754,5.87419450063019
"FT1095",0.0769816982755217,2.85853826324526
"FT1096",0.155844213928218,2.30158685133044
"FT1097",0.0834378140232221,3.09658850058247
"FT1098",0.101078153855806,2.11374373528384
"FT1099",0.178281897717158,6.66951331507102
"FT1100",0.436433476858502,3.78858790109287
"FT1101",0.0727431546843011,2.7878899196542
"FT1102",0.11489376911761,2.42068353469281
"FT1103",0.233535099892578,2.18891661102903
"FT1104",0.457655087924334,5.7965590201102
"FT1105",-0.0177464399511174,4.44480392296333
"FT1106",0.638828925967183,7.1868675960127
"FT1107",0.270071773886231,3.61197738811346
"FT1108",0.524965387881297,6.10990663072627
"FT1109",0.652350691063832,6.5727061763256
"FT1110",-0.0221646252872225,2.47447327404567
"FT1111",0.880096780656992,11.9764451453587
"FT1112",0.488969720410002,3.65261282627909
"FT1113",0.48040441279147,3.28722792552101
"FT1114",0.450816910830833,3.28116891346271
"FT1115",0.264327592841022,2.98555896550197
"FT1116",0.654058469975643,6.68095829432458
"FT1117",0.208132555893958,2.0740350434185
"FT1118",0.183756185916752,2.28841354426689
"FT1119",0.419970540496397,1.68123227978533
"FT1120",0.278893656437079,2.25767525417755
"FT1121",0.128298474796953,3.73483621340541
"FT1122",0.415941451941685,0.885247413685152
"FT1123",0.0390921944016591,1.05034879298669
"FT1124",0.491378089290025,2.91346864261378
"FT1125",0.869567488314845,11.1080998472406
"FT1126",0.277254699247665,2.55337125737504
"FT1127",0.797173357964419,6.3042465834635
"FT1128",0.287967804248111,3.57950791077576
"FT1129",0.776700410260792,9.71348840481422
"FT1130",0.333691990288644,2.77923560188013
"FT1131",0.184194531134423,2.46526962878117
"FT1132",0.693972534307844,8.54703930758015
"FT1133",0.39888012432484,10.6366784127692
"FT1134",0.686382543332489,2.08425834389242
"FT1135",0.380619666662916,1.9301619269498
"FT1136",0.183884208381785,1.53070418359184
"FT1137",0.173080488647519,1.19259745531885
"FT1138",0.567353907997464,5.34075816378888
"FT1139",-0.042810722508162,2.02920551687092
"FT1140",0.936277116484841,8.40182005376291
"FT1141",0.0971000354846931,5.64024057136256
"FT1142",0.971676223631973,14.9455010066298
"FT1143",0.751077546149348,5.40374978041022
"FT1144",0.76993976853853,9.40004798711056
"FT1145",0.317882850278175,1.45011128363228
"FT1146",0.349576583718863,5.23825024307603
"FT1147",0.196436026973241,12.6534430480022
"FT1148",0.0966814781581673,6.94853834079223
"FT1149",0.305021516046044,2.50534109008466
"FT1150",0.0805360553638112,2.63094744544872
"FT1151",0.891757275302285,12.9717177923571
"FT1152",0.113889984021921,2.34879016854593
"FT1153",0.300924342901022,2.79506769310263
"FT1154",0.476478973104725,3.45994718621802
"FT1155",0.837997836682064,12.7629643480366
"FT1156",0.940985563894374,11.1996826372308
"FT1157",0.261710192123539,8.56963590697018
"FT1158",0.708195234159379,5.99149776978359
"FT1159",0.758516678985307,9.0828695757911
"FT1160",0.682115960008146,3.9630617213796
"FT1161",0.361368169394641,4.61603825387583
"FT1162",0.196910446642888,4.78073172942002
"FT1163",0.339163711796688,6.63867856912779
"FT1164",0.194668290591123,3.66266932860871
"FT1165",0.336596598836064,4.90162256516659
"FT1166",0.238316661574961,11.2449402974294
"FT1167",0.0957877991792875,10.1708379873679
"FT1168",-0.00332182317807472,2.81950240359498
"FT1169",0.16996793925596,2.25655930143181
"FT1170",0.146285036161454,2.88846464747999
"FT1171",0.21437690774417,4.63581580012751
"FT1172",-0.328936355591294,2.69256557476161
"FT1173",0.529394916919846,4.14654227355244
"FT1174",0.140631459760985,2.25161063340318
"FT1175",0.205898283951732,4.00232497315436
"FT1176",0.16266598851134,4.69816660290395
"FT1177",-0.115521721324732,3.01766863514186
"FT1178",0.134056642756316,2.76404388254353
"FT1179",0.245848654792805,3.74771963027888
"FT1180",-0.263883270892372,1.98953537710632
"FT1181",0.541156284901992,4.29075406137127
"FT1182",0.138645226210992,4.99415211253026
"FT1183",0.762797159131361,5.42811154763168
"FT1184",0.551695208507226,5.13603517380612
"FT1185",0.187313996685495,2.93808508695141
"FT1186",0.0890593305221301,2.36189734030311
"FT1187",0.466615891554808,6.1528777401773
"FT1188",0.496090725575394,4.40966635244224
"FT1189",-0.0113660529376636,3.08554106798892
"FT1190",0.771398139692519,9.05942158873228
"FT1191",0.373872937116107,3.35432107953574
"FT1192",0.321673515115648,3.30952143318989
"FT1193",0.862255164814399,7.96918727819424
"FT1194",0.974290275740518,18.6170255482194
"FT1195",0.877630798769256,8.88821762641634
"FT1196",-0.234515825941679,2.9114053704957
"FT1197",0.82007338943156,10.1389669253954
"FT1198",0.472696676624351,3.50828938731407
"FT1199",0.424830093725469,3.66249882523315
"FT1200",0.324204063939414,1.59879148604926
"FT1201",0.582005250653236,9.01614673338782
"FT1202",0.159434933047849,1.19496663500002
"FT1203",0.595211404288364,2.89296074550541
"FT1204",0.960728098220718,11.1543644421224
"FT1205",0.803698206444239,10.8525738656545
"FT1206",0.533042740018506,6.87971261038372
"FT1207",0.397428332611004,5.73899926262398
"FT1208",0.310002853281764,3.34005931436601
"FT1209",0.296537414842303,2.77977848686329
"FT1210",0.215090923534313,3.26420231463926
"FT1211",0.431529804721052,5.86700537991228
"FT1212",0.185628465503291,8.89586859488995
"FT1213",0.52767613586257,8.44696994727956
"FT1214",0.738896941306237,8.23250827802258
"FT1215",0.227161392845889,2.48386298923442
"FT1216",0.976482987971548,13.7858714571598
"FT1217",0.79051467425994,10.3997111834445
"FT1218",0.131226076114469,2.8430552204
"FT1219",0.150046273040099,2.82402988239111
"FT1220",-0.01150406090219,3.43995049936514
"FT1221",0.333616133583368,3.91965355820135
"FT1222",0.13605648762547,2.31823827546922
"FT1223",0.288691791880591,2.99858437486281
"FT1224",0.146939116481146,2.85212061216367
"FT1225",0.185440210229101,2.01775498758632
"FT1226",0.579758246096964,5.87528910760503
"FT1227",0.345347472863869,10.6496091090216
"FT1228",-0.0301838766250554,4.34758837876432
"FT1229",0.0343506390007699,5.03014091812273
"FT1230",0.201498242585959,2.51025727901205
"FT1231",0.390600572431801,3.29624425109702
"FT1232",0.0914908563373913,4.07095957104884
"FT1233",0.0536259570540978,2.62697671640321
"FT1234",0.208822497497683,2.41951579391455
"FT1235",0.516544490484613,9.74467058697866
"FT1236",0.273897521913673,9.39208490289249
"FT1237",0.971062750303869,13.260598198025
"FT1238",0.906694044293374,8.53693002722349
"FT1239",0.430179073311296,4.02407796451161
"FT1240",0.900023347072118,11.032252312189
"FT1241",0.932670145111213,13.8372382621179
"FT1242",0.287652060600504,3.23543880832228
"FT1243",0.375409982862,2.91843865837293
"FT1244",0.180974678230706,2.4692389790554
"FT1245",0.427033610949245,3.64422520579987
"FT1246",0.362845498620717,3.24226997575499
"FT1247",0.182568273180132,2.21947637688061
"FT1248",0.429628448251885,3.20134562089264
"FT1249",0.117563063549416,2.67859657343404
"FT1250",0.113905674669509,2.82031708039641
"FT1251",0.916914115516084,14.9921317215901
"FT1252",0.187872661525496,2.35928535687283
"FT1253",0.0584680738851205,3.48582436475725
"FT1254",0.847496565676289,8.92037764131532
"FT1255",0.401256415335829,3.20993176994981
"FT1256",0.286920803551424,2.82784821642335
"FT1257",0.451693784030781,2.84527263101104
"FT1258",0.278687629052456,2.73670770754661
"FT1259",0.163453212541108,1.91499749674629
"FT1260",0.216445193899746,2.9153485796628
"FT1261",0.502797101931552,5.91219944178412
"FT1262",-0.0251072391939219,2.46446256405545
"FT1263",0.122770348601926,3.44761612744599
"FT1264",-0.042828814883655,3.02764601962589
"FT1265",0.945642447735717,12.0976527293131
"FT1266",0.31641909219972,4.1976057973594
"FT1267",-0.100055986607436,13.3126311414382
"FT1268",0.117664422650532,3.46507378896735
"FT1269",-0.0853176610501575,8.57003561898257
"FT1270",0.156228720238886,2.47663108472532
"FT1271",0.317543340957362,2.94329923779924
"FT1272",0.292706601317966,2.80789102368506
"FT1273",0.532374925753444,3.76176978167977
"FT1274",-0.0777952749166744,2.72957717110045
"FT1275",0.415425199866115,3.42815298005364
"FT1276",0.184516396018603,2.89389673392746
"FT1277",0.50542374299929,2.73318875553888
"FT1278",0.0964843336266318,3.72417156176847
"FT1279",0.512565511652506,6.11302755627166
"FT1280",0.86484181024511,9.10585719735767
"FT1281",0.37679152580892,3.19103260289391
"FT1282",0.234787799959883,2.75409719217678
"FT1283",0.203430102592517,2.43495986324279
"FT1284",0.256208589254137,10.3354520398939
"FT1285",0.312049139728371,5.11496970550604
"FT1286",0.885293704699054,14.6552489762297
"FT1287",0.881058890000896,16.2063123737376
"FT1288",-0.0235818744428472,2.58210647113411
"FT1289",0.261087308166036,8.99008315927824
"FT1290",0.332108813979496,4.82996296522329
"FT1291",0.234142336954461,2.7890027731939
"FT1292",0.0538029908756525,3.05371300849049
"FT1293",0.830408233713079,6.23795509230441
"FT1294",0.0890578921679721,2.73831653264776
"FT1295",0.272676747978991,2.44902364395629
"FT1296",0.131950085099934,1.39131002540372
"FT1297",-0.0173459042838164,2.78565504918601
"FT1298",0.249307526663405,2.83453550020073
"FT1299",0.0591793672765805,2.45153018152499
"FT1300",0.338778859663395,3.07553253639117
"FT1301",-0.0312744935686085,4.69380524997409
"FT1302",0.0719802912375557,5.2827713724178
"FT1303",0.0970392465999773,2.64673225757898
"FT1304",0.0829830878435676,2.52604443345255
"FT1305",0.070553733352051,2.86154838997624
"FT1306",0.501768033599045,5.55672245676435
"FT1307",0.130999650485494,2.24800695809434
"FT1308",0.0512166133858942,2.18668775508246
"FT1309",0.180121909321279,4.66242032646621
"FT1310",0.448701101638548,6.86254423922918
"FT1311",0.442589510853931,3.76709369028113
"FT1312",0.319676431245524,2.0131667712208
"FT1313",0.568935827041922,3.01399109959372
"FT1314",0.650477897826884,8.56432649611011
"FT1315",0.333737953167699,10.0843870596147
"FT1316",0.554189318025666,11.6633547718153
"FT1317",0.877275326846046,10.6895888265528
"FT1318",0.445681512147251,3.19240256463714
"FT1319",0.454153940992497,3.30203630911948
"FT1320",0.366877352962399,2.6667210363105
"FT1321",0.463428874363927,3.32129945198887
"FT1322",0.417214229861882,3.27980394297387
"FT1323",0.908217189650988,5.93415379792883
"FT1324",0.856401150707426,11.0879942471927
"FT1325",0.80041699077101,10.0487461065404
"FT1326",0.0169219925736118,3.11927482263325
"FT1327",0.782240330792456,9.40786822386539
"FT1328",0.204982606880506,2.54063318123975
"FT1329",0.4676249220487,3.6324059690988
"FT1330",0.882294455443713,12.3899154760295
"FT1331",0.825959759551507,9.14908280907412
"FT1332",0.405220364308102,3.39890148484614
"FT1333",0.343103081916948,2.97044665346211
"FT1334",-0.28855060097284,6.10382838508278
"FT1335",0.751824606460669,5.50467254953605
"FT1336",0.876695202889263,7.30454499574899
"FT1337",0.925057619895958,10.6684365090532
"FT1338",-0.0666601155741387,3.00004068074401
"FT1339",-0.0347838246828861,2.90538369868633
"FT1340",0.947457100781196,13.0470645901865
"FT1341",-0.12999669846104,3.64037326418457
"FT1342",0.147873197716592,4.692082119686
"FT1343",0.0321287303170728,2.76309920931855
"FT1344",0.331125919229142,4.80899054634819
"FT1345",0.210632200681902,11.154557037579
"FT1346",-0.00925980005901949,5.70189793264107
"FT1347",0.256788465294652,2.79717318671463
"FT1348",0.0971456111718058,2.78622269105067
"FT1349",0.503984298910502,3.52236118624036
"FT1350",0.243204613239141,3.21647596912869
"FT1351",0.80670052158659,9.27038582501739
"FT1352",0.350854252716453,7.29315191119405
"FT1353",0.109376596770016,8.20531945327643
"FT1354",0.570546334929778,9.37413767993677
"FT1355",0.663003979379916,5.75612537683295
"FT1356",0.961327792125264,15.6678205423095
"FT1357",0.240697368898048,4.52205196237836
"FT1358",0.565641230721532,1.40917936696731
"FT1359",0.938607727371724,11.0357357475177
"FT1360",0.132522363671531,3.03678209078335
"FT1361",0.398431592906356,3.35863407898728
"FT1362",0.812492771764784,13.6888346265397
"FT1363",0.219912760106041,6.886619453738
"FT1364",0.486170203407836,4.34803525287824
"FT1365",0.328373288227107,5.14614763288085
"FT1366",0.156871359745511,10.437054658209
"FT1367",-0.0477216658444008,4.08620793637189
"FT1368",0.346965901152777,1.86014162307715
"FT1369",0.80495366100264,6.33074028224469
"FT1370",0.894391206755842,6.16619906955621
"FT1371",0.846122129865687,7.81813743150889
"FT1372",0.631610462603317,3.2282888995476
"FT1373",0.959790287799763,13.2452376273791
"FT1374",0.924227336312868,4.63560801610592
"FT1375",0.758367777844067,8.88923442162484
"FT1376",0.40658727707328,3.04925312888066
"FT1377",0.296724267854389,2.38627410021133
"FT1378",0.282661246935734,2.57277646240684
"FT1379",0.371585990423484,2.82593981071683
"FT1380",0.252009556401355,2.78980005714038
"FT1381",0.809790920375646,9.4436350059499
"FT1382",0.624662798818233,10.5176341231738
"FT1383",0.236402600467281,2.22946291236142
"FT1384",0.206533049825357,2.42737080539718
"FT1385",0.176112741248984,2.03208616462624
"FT1386",0.918732626480693,13.8327126110532
"FT1387",0.901923131371323,11.4014899139125
"FT1388",0.572906239431205,5.54593363353318
"FT1389",0.592951504090045,6.05400306532526
"FT1390",0.245272363467834,6.27960069559924
"FT1391",0.782595083383174,7.22521826259189
"FT1392",0.314246828224343,6.99715058106674
"FT1393",0.158411919956366,2.1893285304358
"FT1394",0.443108422759927,4.59251093104924
"FT1395",0.796674745418434,7.47034309858362
"FT1396",0.278922546407581,7.32379593036214
"FT1397",0.0463158606346774,7.07685087035066
"FT1398",0.170350295610487,2.69381175134073
"FT1399",0.536134830281093,6.04480540033506
"FT1400",0.143966114842818,2.29827696544295
"FT1401",0.458565094272679,4.34807266628787
"FT1402",0.228067802357181,3.20032494628087
"FT1403",0.177689790372288,2.99450730545222
"FT1404",0.108397006258447,2.79626813436384
"FT1405",0.936504621548633,14.4472729486893
"FT1406",0.406845520613942,9.43653443036826
"FT1407",0.542351342783048,5.3676567539083
"FT1408",0.578351311751464,4.49650263302392
"FT1409",0.236114079253433,2.87512361379206
"FT1410",0.483552038457939,4.46321093980192
"FT1411",0.317972911957295,2.58685935174736
"FT1412",0.296814559521583,2.87422658266321
"FT1413",0.161411314201067,2.56792254089508
"FT1414",0.24251997335881,2.88924106956314
"FT1415",0.45434161052375,3.72304822356324
"FT1416",0.25398539663224,2.4172013087684
"FT1417",0.508922291102325,4.18406999031288
"FT1418",0.82610361420582,4.19702883027509
"FT1419",0.941059726469697,10.0316069532615
"FT1420",0.900369991044313,7.64518960912637
"FT1421",0.955734889192142,10.1105741743579
"FT1422",0.162136932940437,2.84419912817474
"FT1423",0.96695584170845,8.38275450130465
"FT1424",0.40779688546886,6.0827153358475
"FT1425",0.283100871106748,4.43016454073426
"FT1426",0.0531314373202945,13.4961086356484
"FT1427",-0.0382819063631684,6.64369619475648
"FT1428",0.307426567933166,5.33992728639061
"FT1429",0.27754522394284,2.67005057170944
"FT1430",0.412214533817684,3.56980734667967
"FT1431",0.376548748096155,3.90936374048261
"FT1432",0.226715216494519,2.56794387790819
"FT1433",0.318268815896808,2.64952850162031
"FT1434",0.551288938728189,5.41439769944053
"FT1435",0.289225313877653,5.30390683115011
"FT1436",0.119314553794569,8.91535652158371
"FT1437",0.179350696382244,4.94499324634659
"FT1438",0.385590952696509,3.18567300942734
"FT1439",0.846624580689779,11.4811855715628
"FT1440",0.352789685316681,5.56454005013198
"FT1441",0.219652788061769,9.51475467195747
"FT1442",0.312414894903212,0.826112208912927
"FT1443",0.229995139271844,8.17011808003375
"FT1444",0.303691447559349,4.91268118801942
"FT1445",0.772032634658518,10.0958175008044
"FT1446",0.334746018628713,2.44989414528823
"FT1447",0.238700964308437,2.39513370550816
"FT1448",0.769217161973479,8.34910325531291
"FT1449",0.118892715790284,5.39162819272879
"FT1450",0.817936564165658,3.65900781473659
"FT1451",0.860623434416122,9.35988379574993
"FT1452",0.909432054341357,9.049428353449
"FT1453",0.799783237266878,12.5665606590285
"FT1454",0.8876273888964,10.4692323206034
"FT1455",0.162566981941655,8.32332157148555
"FT1456",0.932176117006153,13.7246693783922
"FT1457",0.310483231167121,4.75319923174692
"FT1458",0.0791741435757565,11.0706954560053
"FT1459",0.351327158996151,5.43245774263242
"FT1460",0.0849073209257533,2.60480296583955
"FT1461",0.715556183344506,11.1522819993818
"FT1462",0.206005886081398,2.79653712099099
"FT1463",0.545501249084743,6.20199325424387
"FT1464",0.293970020889795,10.3065705265226
"FT1465",-0.020335692155258,3.68439542483599
"FT1466",0.117748417252451,5.16430595523097
"FT1467",0.0497626582907469,3.03515559456447
"FT1468",0.0952591888654327,2.76086474732603
"FT1469",0.221409206633217,3.52170442045893
"FT1470",0.290019968667284,2.91848957999469
"FT1471",0.881095031229302,11.0879741422796
"FT1472",0.32545320437018,11.7646921888841
"FT1473",0.402946960985536,3.20541866055928
"FT1474",0.86253948711216,9.2619510083521
"FT1475",0.9349522555489,14.7416756918765
"FT1476",0.433060241187471,3.02311313028411
"FT1477",0.423402167068018,3.47519728551721
"FT1478",0.597693355240978,5.71584355394604
"FT1479",0.358120354809011,2.77863731308649
"FT1480",0.237633266962533,2.90889800164725
"FT1481",0.341452138171867,2.97586610891545
"FT1482",0.379626335252451,3.0053298903767
"FT1483",0.753493914769844,10.2074052214022
"FT1484",0.236090517465867,2.50456509004927
"FT1485",0.579113565049557,4.80341417375386
"FT1486",0.536176774714231,3.69283110250478
"FT1487",0.586345132507434,8.31849758281191
"FT1488",0.204451192517298,2.87876820946988
"FT1489",0.121906398150712,2.32926521130394
"FT1490",0.22634672346335,3.07604629345629
"FT1491",0.15429722604838,2.84325338645076
"FT1492",0.203163935210452,2.87579464482291
"FT1493",0.161677016164557,2.4375763507052
"FT1494",0.120394601844818,2.58888535774893
"FT1495",0.0956246204153801,2.76369498717552
"FT1496",0.271421198892196,9.06611828699226
"FT1497",0.45038700314113,6.63329986868658
"FT1498",0.322719229916291,7.98416970477099
"FT1499",0.1498320206291,12.2300019431997
"FT1500",0.36167004385865,4.60001040596448
"FT1501",-0.0403068428426794,5.87885427298186
"FT1502",0.282505707480021,3.74233468271506
"FT1503",0.284574748806232,2.84823122238724
"FT1504",0.266464440614129,2.62614390968819
"FT1505",0.276185417559931,2.35234762871206
"FT1506",0.513789346140066,4.02318337983143
"FT1507",0.237674257049483,2.97111506605895
"FT1508",0.381360460663701,2.97514558467861
"FT1509",0.759272754066945,4.86937478811839
"FT1510",0.17861499370029,3.03139483033653
"FT1511",0.705613727065575,10.8285859720241
"FT1512",0.925781575119231,10.0116979201257
"FT1513",0.762087368145711,8.36824281046741
"FT1514",0.189235734600477,3.26257956696548
"FT1515",0.198754842411862,2.76751927032698
"FT1516",0.420465093073057,4.5379616656331
"FT1517",0.091042834379484,2.62085876152248
"FT1518",0.404628462291145,3.45338458931167
"FT1519",0.340339558918587,2.97355456948192
"FT1520",0.197372246913841,3.02770258429439
"FT1521",0.161412938521498,2.82308220053366
"FT1522",0.273959393658728,3.14123517253546
"FT1523",0.263225684313774,2.45150510272714
"FT1524",0.49859604091807,3.94949085696235
"FT1525",0.340313924946816,3.07106561193938
"FT1526",0.386560890001655,3.52064597845912
"FT1527",0.0702354419547985,2.33268081230989
"FT1528",0.243275630936929,2.7337640522409
"FT1529",0.0802983431276721,2.47232914096158
"FT1530",0.630905729522115,6.55707409298368
"FT1531",0.37814865253038,3.33146479125335
"FT1532",0.0940281077187464,2.99656163361735
"FT1533",0.0525467046903508,5.67937037364096
"FT1534",0.552638077449105,3.82053405638658
"FT1535",0.283624957511176,2.943194834881
"FT1536",0.288817518839653,2.78480970966084
"FT1537",0.771600421167214,9.58524749273675
"FT1538",0.29535860554699,2.63050181721108
"FT1539",0.572023233995373,5.56951017314185
"FT1540",0.224329954667159,2.95474008111167
"FT1541",0.248756102149019,5.3433424291964
"FT1542",0.50460964033094,5.3528683107685
"FT1543",0.211905412000952,2.31992124966298
"FT1544",0.240471522891547,2.56935643946938
"FT1545",0.401294443740265,9.00087374656244
"FT1546",0.116462365825422,3.02414427019085
"FT1547",0.195431583302166,3.19952111042283
"FT1548",0.470705005793061,5.40756523946358
"FT1549",0.111244946212205,2.7095000595863
"FT1550",-0.0207809538369881,8.19915170489594
"FT1551",0.776183687532031,6.50503655417554
"FT1552",0.0382961625410504,3.76731425574867
"FT1553",0.420080551204077,6.71599947345188
"FT1554",0.266052589863615,2.9823695184044
"FT1555",0.0857459380559807,2.60851843442512
"FT1556",0.106457286373172,3.15224294977238
"FT1557",0.106882502272424,3.0440373759108
"FT1558",0.767472646892939,2.73852322854795
"FT1559",0.35046663838562,5.12660935014141
"FT1560",0.1631920107866,11.2240966877074
"FT1561",0.0385443522460988,5.53150167816124
"FT1562",0.244600786447568,3.14803765663047
"FT1563",0.812782310010177,10.0008840830368
"FT1564",0.199193544154863,11.7242545584419
"FT1565",0.395652121516299,3.8614435424538
"FT1566",-0.031232734416883,5.94599988041456
"FT1567",0.307400128166743,2.70809927776981
"FT1568",0.297505732393866,4.2241852360371
"FT1569",0.3193092952567,2.85533753044007
"FT1570",0.222784205445167,2.6594062476682
"FT1571",0.243256218211046,3.57589059980598
"FT1572",0.447312104562942,3.87144728595704
"FT1573",0.847810030371544,3.69033228497943
"FT1574",0.219232260051943,2.45827558165071
"FT1575",0.600837603708492,2.65203211784903
"FT1576",0.358753544494922,2.62613971353888
"FT1577",0.763947378787512,9.09499366667769
"FT1578",0.855696751757041,6.01932110612589
"FT1579",0.743476114817547,17.9259996934376
"FT1580",0.400384744651529,4.31845549089268
"FT1581",0.586485711722299,7.81494425313373
"FT1582",0.918356687931892,10.5581344934617
"FT1583",0.700043760806894,6.42922313416985
"FT1584",0.940793550190678,9.20406356586338
"FT1585",0.45480104347892,6.83438822162501
"FT1586",0.27942609906788,3.48834624594945
"FT1587",0.594557672470571,12.5854734217732
"FT1588",0.607394345502485,12.7420769753442
"FT1589",0.0044379723452865,4.27920666028037
"FT1590",0.296874093569731,3.69587206723006
"FT1591",0.48696478127343,3.83324221040712
"FT1592",0.387486260277986,6.36933012647286
"FT1593",0.0019308679298238,2.77347354766392
"FT1594",0.232648672479572,3.05833830735999
"FT1595",0.556223366745051,12.167528854586
"FT1596",0.33590663913403,4.65585280395842
"FT1597",0.0810651846763126,13.2635055329135
"FT1598",-0.0404671113808962,5.50558279395134
"FT1599",0.448050984372562,3.65214520726896
"FT1600",0.304684491642804,2.84053697704568
"FT1601",0.412056701344166,3.20981569397552
"FT1602",0.390234328318707,5.38283680889586
"FT1603",0.426122693156687,3.66478963416367
"FT1604",0.168458094707139,2.78741288313105
"FT1605",0.539217708448665,3.97882635625062
"FT1606",0.443554070067515,5.6173604726896
"FT1607",0.199767893831591,3.1924258872489
"FT1608",0.409341537890841,2.99442259557929
"FT1609",0.196940782117642,2.7099521259752
"FT1610",0.284769133110925,2.76581574814868
"FT1611",0.220931915401445,2.76427596876578
"FT1612",0.431324543863681,2.40479541830031
"FT1613",0.535748736758863,4.30410019123541
"FT1614",0.179914552460544,2.59141734229045
"FT1615",0.301072627468794,4.67611244274227
"FT1616",0.150718153939591,9.00874135201774
"FT1617",0.658350679326215,11.0367692327351
"FT1618",0.781965327259803,9.29735543577679
"FT1619",0.924113733839566,14.8962257742994
"FT1620",0.954171721820111,14.580161313207
"FT1621",0.774979445469365,6.71064071619437
"FT1622",0.943686653327131,10.9657112435461
"FT1623",0.271806411661996,2.83756746881315
"FT1624",0.283368425950384,2.70217899688073
"FT1625",0.21930294110268,2.96772044983632
"FT1626",0.361560523797698,3.25433542501756
"FT1627",0.183374862387892,3.05418606716063
"FT1628",0.0497472287115374,2.72917744883218
"FT1629",0.374230387564713,3.99324436167211
"FT1630",0.841384863534546,9.70710675264523
"FT1631",0.457584964231404,3.43079841025673
"FT1632",0.125209536245758,2.38710893083345
"FT1633",0.286288159489651,3.51742715711063
"FT1634",0.81335666341894,9.74930168665405
"FT1635",0.15874100081272,3.8479876732595
"FT1636",0.576420060426843,4.97887315661454
"FT1637",0.206035637699075,2.68274416608956
"FT1638",0.79310953532032,8.30016278843784
"FT1639",0.465019590587388,3.05536096796873
"FT1640",0.26964157198685,4.01685263853652
"FT1641",0.290492062508017,2.9853531953184
"FT1642",0.401383102049001,5.30321531473163
"FT1643",0.475216954852264,5.32838997230125
"FT1644",0.16705300724806,2.87770803990114
"FT1645",0.221471743703963,2.88569312261251
"FT1646",0.134558761208784,2.99816126870023
"FT1647",0.351049490709429,3.40498248628794
"FT1648",0.290898901583505,2.7245648942133
"FT1649",0.197063225614642,2.76008574693676
"FT1650",0.185337765624725,2.61183059809768
"FT1651",0.247141473079401,2.61522686028576
"FT1652",0.379290518935661,3.41555387063713
"FT1653",0.0859503379127451,2.83249608829377
"FT1654",0.325662672494674,5.59050268219499
"FT1655",0.0994108984031876,9.02534661079792
"FT1656",0.272138277318366,8.4903129560313
"FT1657",0.591002203367263,4.00257381967373
"FT1658",0.229696386417411,2.34979840319141
"FT1659",0.188443665951034,2.58575391702746
"FT1660",0.187781217714596,5.43619770754241
"FT1661",0.164568910438085,2.62997129389498
"FT1662",0.104140277029702,2.92496294566955
"FT1663",0.465432025226998,3.46725700953231
"FT1664",0.343241573686013,4.31821313578652
"FT1665",0.335676290467088,9.06134084558864
"FT1666",0.551147044217389,6.09241313390113
"FT1667",0.440168566422527,10.6910139126878
"FT1668",-0.123968676681569,2.49886968036114
"FT1669",0.382395252531884,5.1525650038333
"FT1670",0.130802647649659,7.04022305484482
"FT1671",0.349232600233118,4.35738858562921
"FT1672",0.20328600431382,9.88396593962179
"FT1673",0.0597782280547231,6.70394471215629
"FT1674",0.92260645063952,12.4811577918463
"FT1675",0.902120638091712,10.3603952306209
"FT1676",0.198230133259673,4.40787347047327
"FT1677",0.324388594422817,5.0459362014321
"FT1678",0.41215457942757,4.71954726716353
"FT1679",0.365176882998789,6.05901410936116
"FT1680",0.891672048812317,10.4214259568653
"FT1681",0.726807461090483,2.58375614919034
"FT1682",0.371410128317154,4.92229792400698
"FT1683",0.0149389076808225,11.4253008378446
"FT1684",0.036823587524388,5.83180899177409
"FT1685",0.183280246506399,2.77486856228763
"FT1686",0.377729868276827,2.94587753210463
"FT1687",0.340360164641421,3.4828049067464
"FT1688",0.356010460306392,3.60420911033298
"FT1689",0.147869073059879,2.96376228880876
"FT1690",0.3424632505948,5.10494077348557
"FT1691",0.0118816196558175,9.39507894835392
"FT1692",-0.00141767764412478,6.79335686595408
"FT1693",0.0468784813401076,3.13981151952554
"FT1694",0.119183822769789,2.37700439873216
"FT1695",0.303227022934656,2.70715847493033
"FT1696",0.298120816821031,2.65388420197562
"FT1697",0.179701645605835,6.9687585906917
"FT1698",0.185094913104782,3.45921583660902
"FT1699",0.857676303931374,12.3352385120953
"FT1700",0.916747412053675,5.09254510399413
"FT1701",0.829623945274469,8.03355612303432
"FT1702",0.832297270507433,10.6898109709112
"FT1703",0.913263052193499,10.5211419922307
"FT1704",0.896038928188192,10.43354687335
"FT1705",0.354600991394933,4.72420278081056
"FT1706",0.338374121707598,7.63351382661164
"FT1707",0.554326084979939,5.73053511729734
"FT1708",0.535369911265282,8.82840548011272
"FT1709",0.946481323452207,9.91881134793855
"FT1710",0.896081504999948,4.89537680344641
"FT1711",0.344503841825432,5.25805243085687
"FT1712",0.271741840846926,2.52874064803978
"FT1713",0.0347689198918611,10.9126858683628
"FT1714",-0.0324257109925286,5.67843909061194
"FT1715",0.229334316539779,2.72716716235451
"FT1716",0.241846828626186,3.28808994000526
"FT1717",0.960937845983295,10.1089513889039
"FT1718",0.337362086561564,4.91246317031488
"FT1719",0.073381208266999,9.12723245549146
"FT1720",0.699794587480012,5.3562534938885
"FT1721",0.304323621940873,4.54928437894926
"FT1722",0.0967842372412279,10.4125244756397
"FT1723",0.0503009251199956,5.88915465821309
"FT1724",0.192395794343514,7.61328245892394
"FT1725",0.334641286821728,4.85723147952704
"FT1726",0.695114041444011,9.47707583777986
"FT1727",0.648965751288542,10.0791423341146
"FT1728",0.379511674604173,4.70069777034085
"FT1729",0.0439792924696651,11.3174540497779
"FT1730",0.326271090819173,2.90064088418326
"FT1731",-0.00841054976456954,5.14143941240077
"FT1732",0.421267091227119,2.52606813590365
"FT1733",0.323620825470552,2.88248827222087
"FT1734",0.12146599449394,11.5876228190632
"FT1735",0.20126676792777,2.88282657854093
"FT1736",0.120571098325397,6.95567028452521
"FT1737",0.102499895324847,2.53396829270416
"FT1738",0.685273680676598,9.5850670448258
"FT1739",0.208747094619384,2.98179765362898
"FT1740",0.174802750041703,6.85485617141589
"FT1741",0.309751796468447,5.13963635042548
"FT1742",0.563138665976348,5.33268647100227
"FT1743",0.505372674374555,8.86045609133056
"FT1744",0.406747178705517,3.07573522422774
"FT1745",0.37044770283699,4.77022405862214
"FT1746",0.159323248982802,10.3377997156458
"FT1747",0.079668762663018,6.07332850271211
"FT1748",0.823531676292234,11.119076311874
"FT1749",0.874236723957183,10.9722335830484
"FT1750",0.90270084111416,10.9377479401735
"FT1751",0.910393117467748,10.3952704447721
"FT1752",0.912992179112067,10.1770842194218
"FT1753",0.422623862419207,5.93834102054227
"FT1754",0.0453175882808364,10.102068146417
"FT1755",0.0565469479020046,6.00485151402055
"FT1756",0.382417414194253,5.23697112949927
"FT1757",0.0495463745109312,10.7493654955751
"FT1758",0.0601975285866996,6.4213347625363
"FT1759",0.378670837971733,5.00354757338717
"FT1760",0.875711034027775,8.00263616382914
"FT1761",0.734462713545673,7.77265318015829
"FT1762",0.733696028438684,8.57428099777584
"FT1763",0.746154760334239,8.38022717775157
"FT1764",0.370336175704492,4.92084552853229
"FT1765",-0.167244638639942,8.04884942335211
"FT1766",0.113505314150943,6.08006474941959
"FT1767",0.083380688608855,9.12834700387716
"FT1768",0.295120975746857,3.65449386070964
"FT1769",0.0309572793582467,9.47834983711339
"FT1770",0.210861263174122,5.80500224236307
"FT1771",0.378150136708944,2.54162488017528
"FT1772",0.202839932799426,6.84364075836971
"FT1773",0.359887106807268,3.92174904430176
"FT1774",0.316707894257995,2.02047940507582
"FT1775",0.641628994990374,6.38064184614344
"FT1776",0.418995603952239,2.24640104254856
"FT1777",0.217788673409291,2.18772484914778
"FT1778",0.273938149266558,2.47735975771463
"FT1779",0.148134270884658,4.59904912950716
"FT1780",0.24341598460156,3.9211216357679
"FT1781",0.242626184632408,3.17873623308845
"FT1782",0.306183945147504,3.22102674731989
"FT1783",0.237627380510961,3.02322109637244
"FT1784",0.0314029189592192,3.11166350952151
"FT1785",0.00489381329812788,3.59726503561118
"FT1786",0.444187354713089,2.71930113673787
"FT1787",0.143351663369541,3.04761526589279
"FT1788",0.201900403796827,2.60430186376768
"FT1789",0.312858697728229,3.35166449753943
"FT1790",0.179037362408871,5.4221746308178
"FT1791",0.336382044676843,4.85748486708908
"FT1792",0.0705425471967783,9.84139443451567
"FT1793",0.0394626305133344,6.47408010350838
"FT1794",0.225715718018036,3.36446844323249
"FT1795",0.744862862865094,8.31749317729443
"FT1796",0.749949879923342,8.658650787291
"FT1797",0.354354842869587,5.07929589325105
"FT1798",-0.0104675234452358,10.0332855542348
"FT1799",0.0894732353622334,5.36906465572949
"FT1800",0.0335449583260012,10.2085681698174
"FT1801",0.572345733676394,8.25937970370027
"FT1802",0.690453376658798,8.9484508385283
"FT1803",0.209984702178423,3.5716907443982
"FT1804",0.093858128879725,5.12921374200264
"FT1805",0.511275571490346,7.43917363601478
"FT1806",0.419591899037088,4.25417708893085
"FT1807",0.344918690192857,2.84573569794072
"FT1808",0.337395897140255,4.61968712487724
"FT1809",0.109393372134712,10.094414316822
"FT1810",0.100857019248389,5.70321688792457
"FT1811",0.906503697160021,10.9441717412466
"FT1812",0.928635438464433,11.9516230092553
"FT1813",0.223327266447769,3.62907526400589
"FT1814",0.0574332072830525,5.18317972810623
"FT1815",0.136004970228429,3.00017163188221
"FT1816",0.905034691191788,10.1707133271441
"FT1817",0.287988228222758,3.97901558088459
"FT1818",0.11969473410358,5.43720148062956
"FT1819",0.351187319679307,3.97066799340505
"FT1820",0.0656454057564106,5.44478512176078
"FT1821",0.391314589788608,5.39184654335882
"FT1822",0.0567703596865918,8.50170069531743
"FT1823",-0.139036071684684,5.71255758266013
"FT1824",0.367152895976961,5.12432327663179
"FT1825",0.0562898876352427,8.742773068924
"FT1826",0.185726756929553,5.48132996663533
"FT1827",0.904368794126501,10.026457881695
"FT1828",0.926787073765556,9.54208322561795
"FT1829",0.428775735758556,4.3118293941748
"FT1830",0.118800808762393,5.79719780446852
"FT1831",0.0519340406810564,2.84845680745759
"FT1832",0.342852037933158,4.97145400499099
"FT1833",0.0913249730116124,8.91704187269738
"FT1834",0.0454863969221999,6.30217802974135
"FT1835",0.106645865085966,4.82638449158067
"FT1836",0.495244681196652,3.24422868349269
"FT1837",0.372074569348591,4.18531954312089
"FT1838",0.0358679844416241,5.10538781348265
"FT1839",0.136753149359771,2.48667764335468
"FT1840",0.213529200796258,3.85422779342173
"FT1841",0.0760015831768741,4.50917881563387
"FT1842",0.448754149507225,5.30297964347608
"FT1843",0.412250708148925,4.24933290908348
"FT1844",0.152005207350897,5.33038213967899
"FT1845",0.292141007922894,3.21373824032654
"FT1846",0.323225344601566,3.58432121216186
"FT1847",0.073242209728538,4.59759141896948
"FT1848",0.140093141223041,3.09420684101242
"FT1849",0.306819423207933,4.93834485048916
"FT1850",0.00827448589142066,9.30380268910923
"FT1851",0.107283986300739,5.72276579230855
"FT1852",0.409746172517275,2.91344296409387
"FT1853",0.142273087939337,6.01625002302353
"FT1854",0.183389077346576,2.72538680322823
"FT1855",-0.0161959389863096,3.99983214046669
"FT1856",-0.0323320851305397,2.07712671456214
"FT1857",0.391098775892602,3.77744570992226
"FT1858",-0.0840757183016022,3.04738972916813
"FT1859",0.0117548677816118,3.38201388520938
"FT1860",0.398775272530245,4.27156027707625
"FT1861",0.0254252878274605,6.44635043195052
"FT1862",-0.0369461491882816,6.00520160252169
"FT1863",0.3346828978342,4.58290210855237
"FT1864",0.0429701980578105,8.98618270220532
"FT1865",0.115677115964245,5.98224206908801
"FT1866",0.411349898628877,4.76945273020796
"FT1867",0.377734277331462,4.78568208216203
"FT1868",-0.018970161105888,8.83186058495148
"FT1869",-0.0902294839220387,3.77619462020433
"FT1870",0.326406012844833,3.93509875374424
"FT1871",0.30309268768916,4.04324597780209
"FT1872",0.090052846979373,5.81177999118583
"FT1873",0.119926724369728,4.32262363424785
"FT1874",0.330020256548873,3.70246861362829
"FT1875",-0.00527719627458286,4.07851485442546
"FT1876",0.128247828517806,2.74275862959226
"FT1877",0.0113355131710146,2.20657553771107
"FT1878",0.423065928859302,4.77389953247269
"FT1879",0.0112214894267868,7.10017751631051
"FT1880",0.297763109152703,3.74848797927439
"FT1881",0.473882731253592,4.69727823894694
"FT1882",0.0720881135156504,8.20855060076751
"FT1883",0.383854405942385,4.68158389594484
"FT1884",0.133656988351917,5.24237678224943
"FT1885",0.0328536969231056,7.42701741909339
"FT1886",0.35987162833268,4.92322849534261
"FT1887",0.0291440484554338,6.55472427980446
"FT1888",0.335387946123553,3.6529751008804
"FT1889",0.351011152311131,4.87387492672025
"FT1890",0.0510871019746078,8.61783399969386
"FT1891",0.0030519710355622,6.32438981234163
"FT1892",-0.0836133198643756,2.75230788985139
"FT1893",0.909577234788319,10.325230184976
"FT1894",0.0948944712710224,5.20691842640382
"FT1895",0.0688972307501447,4.875339916095
"FT1896",0.405089601105036,4.51845617725377
"FT1897",0.207290309162966,2.93093316362204
"FT1898",0.901582316175112,9.96836560569439
"FT1899",0.189662560659386,3.21437968994681
"FT1900",0.3524176638519,5.15545177139329
"FT1901",0.0839739699474127,8.48236134550718
"FT1902",0.43742779865504,4.20017815239562
"FT1903",0.0818483915362072,7.85953658884901
"FT1904",0.371705300485167,4.49889293084737
"FT1905",0.0782649895265951,5.81400547725061
"FT1906",0.00552295008283648,5.77492961574063
"FT1907",0.185325469807721,3.05929646679189
"FT1908",0.650170402463201,7.96164965919351
"FT1909",0.0130475402658416,4.065042804577
"FT1910",0.289177787124698,3.8263988377818
"FT1911",0.104769059884818,3.58378318824511
"FT1912",0.936459024846414,10.4478574307337
"FT1913",0.561679109945761,10.3902202455169
"FT1914",0.677204634595408,8.80731297753442
"FT1915",0.665454343392119,7.43424198158548
"FT1916",0.723417292805188,9.87239520913333
"FT1917",0.68497514203426,7.97716274432898
"FT1918",0.757378893920701,8.23913499443685
"FT1919",0.639426728551125,6.69542478194762
"FT1920",0.72764818394802,8.62311493299379
"FT1921",0.345639334372525,4.7693593153732
"FT1922",0.0157708934849167,9.65580438644391
"FT1923",0.0758210055507729,5.79567288536168
"FT1924",0.732905894085929,8.66414034922846
"FT1925",0.603006422175693,8.78352101937003
"FT1926",0.355996634714603,3.63122888762043
"FT1927",0.0996953593909447,6.32703195893784
"FT1928",0.637187927340243,8.79819709250802
"FT1929",0.151122249888298,3.192480641504
"FT1930",0.352594798916022,4.5128016523132
"FT1931",0.045840572745282,5.44973063453597
"FT1932",0.451460591369062,4.34990233395599
"FT1933",0.0605710427857915,6.39783164376854
"FT1934",0.388326064053355,4.77457127486719
"FT1935",-0.0384832839626691,5.74387662638428
"FT1936",0.420855429709678,5.20751536129594
"FT1937",0.400552733845327,5.16085741425253
"FT1938",0.0520553182651674,8.2854910579216
"FT1939",-0.0374228305595983,2.53010089312949
"FT1940",0.173608158644168,3.58163165490662
"FT1941",0.146994556766238,2.00441727072437
"FT1942",0.381279622225713,4.11278399346563
"FT1943",0.0217191556532173,5.61111456461239
"FT1944",0.058658683098506,3.22418215903526
"FT1945",0.152076650325065,3.33895358937548
"FT1946",0.0449897646322764,3.33355868502651
"FT1947",0.388888236421231,4.77736054138363
"FT1948",-0.0679577607526339,6.23922353503916
"FT1949",0.224476681283821,3.10254560455293
"FT1950",-0.101366086339547,6.30075801862444
"FT1951",0.0923804437125255,5.79901400741208
"FT1952",0.383041679178899,4.06207079277932
"FT1953",0.394221896467487,4.17971862824497
"FT1954",0.0567111535931757,5.61522883422125
"FT1955",-0.0455117534310665,5.59521958718729
"FT1956",0.0242888921912697,6.34102059092169
"FT1957",0.379136361138447,4.79180834397135
"FT1958",0.0414004372792778,6.92906946705979
"FT1959",0.385408391302598,3.16767897621031
"FT1960",0.464083325860682,4.42503710813626
"FT1961",0.00882600032747249,6.74679113896792
"FT1962",0.362310935977584,4.57830477782005
"FT1963",-0.0432828446272965,5.80476805087171
"FT1964",0.175594689640734,2.57988385782701
"FT1965",0.405366988340173,4.7443162643131
"FT1966",0.372156793823095,4.79638665778187
"FT1967",0.0510490905756242,8.23911101657115
"FT1968",0.0539053815203647,5.11780794728847
"FT1969",0.420864398539407,4.03877376421421
"FT1970",0.372347065298731,4.43644326959542
"FT1971",-0.0102434109063608,5.14563328709625
"FT1972",0.200657506773819,2.25963564266179
"FT1973",0.101482923544216,3.73676809569765
"FT1974",0.409268535677036,4.63464416114896
"FT1975",0.0354291547134328,6.53599810247392
"FT1976",0.329159114770135,4.14542995646033
"FT1977",-0.0802895536502615,6.13319048141616
"FT1978",0.222594992621594,2.96925005706817
"FT1979",0.329399498908379,3.93951538358027
"FT1980",0.0536989857296349,4.70925877734679
"FT1981",0.228154417166627,2.55119774191556
"FT1982",0.0018795547946678,3.92255430658248
"FT1983",0.23727427086548,2.96095025234954
"FT1984",0.00357942672830638,3.55955474886489
"FT1985",0.406870816397037,5.50221867906981
"FT1986",0.0182382342183005,9.41813643272081
"FT1987",0.114213974563105,5.78527235191651
"FT1988",0.268499260716529,3.09646588397967
"FT1989",0.0166066101501506,9.11448096446112
"FT1990",0.0419989012825882,5.77130186563006
"FT1991",0.300637550791294,2.50421828486908
"FT1992",0.400380395422766,3.63881696237543
"FT1993",0.0606760828410144,5.05000949396665
"FT1994",0.287915467757699,4.1995570283016
"FT1995",0.0317432651643577,4.9512537061935
"FT1996",0.905286420778652,9.69242399413655
"FT1997",-0.01516956542711,5.5628882120404
"FT1998",0.404657875476286,4.56683710924997
"FT1999",0.375694129748736,4.32037318782413
"FT2000",0.0130156734297127,6.00594224432903
"FT2001",0.0911498513042007,3.26878503363577
"FT2002",-0.130352911541927,4.52915878872275
"FT2003",0.440204968485853,3.97945550572212
"FT2004",0.391045844731149,4.67352631865063
"FT2005",0.00233733317083374,7.659916788597
"FT2006",-0.0800126841167327,6.99180347610092
"FT2007",0.941361413079194,9.02797658562629
"FT2008",-0.040278794963833,4.2921327410178
"FT2009",0.309078075745676,3.64623747931479
"FT2010",-0.113783738511937,4.17286841224844
"FT2011",0.358217700604843,3.0759198346995
"FT2012",0.00889800902825726,3.99868374313247
"FT2013",0.256245904671594,2.30759186193908
"FT2014",0.28299207629603,3.69079672774069
"FT2015",0.380907700427727,4.62830337990309
"FT2016",-0.0163343520933104,6.65061013570098
"FT2017",0.366811038727737,4.93629105888263
"FT2018",-0.00396414676966921,6.07225516637644
"FT2019",0.187321987145748,3.40283543039387
"FT2020",-0.0153078340978966,3.94426398544566
"FT2021",0.282894907469678,3.48892745916988
"FT2022",-0.0165440373602125,4.76092327420197
"FT2023",0.420241790461913,4.44592747946699
"FT2024",0.304645456961361,4.60155750110865
"FT2025",-0.0352694593354117,5.28278669004531
"FT2026",0.185306685238743,2.11456543053651
"FT2027",-0.130668331421015,5.44669364309032
"FT2028",0.34912993298189,4.11749170032444
"FT2029",0.118535464790597,6.55489657994722
"FT2030",0.2319085748015,3.03113343077923
"FT2031",0.0978897439613767,6.70430178016822
"FT2032",0.00401695456386448,3.99594012269192
"FT2033",0.0364232679691339,3.9261340047019
"FT2034",0.331454071247451,3.23744996856591
"FT2035",0.00768787942705473,3.78595248378053
"FT2036",0.409626037713186,2.64883815467736
"FT2037",-0.00844474420341005,3.58202916523583
"FT2038",0.393663891602008,4.73558872817829
"FT2039",-0.0102164419763957,7.79142063670654
"FT2040",0.182500293673055,3.38905987299684
