"feature","smp_to_std"
"FT0001",0.80302293337562
"FT0002",0.0301123453577932
"FT0003",0.602205418774768
"FT0004",0.29853048757302
"FT0005",0.0418086537740302
"FT0006",0.164237562959412
"FT0007",0.202604398635019
"FT0008",0.153018593459008
"FT0009",0.195920565650254
"FT0010",0.222849130941055
"FT0011",0.137566849039568
"FT0012",0.180861570625767
"FT0013",0.0498432827017162
"FT0014",-0.113420663114766
"FT0015",-0.0721836380125232
"FT0016",-0.163052155338789
"FT0017",-0.144663160953905
"FT0018",0.704358308704834
"FT0019",1.86956909353683
"FT0020",0.427446219842067
"FT0021",0.981239820493793
"FT0022",0.71273019506244
"FT0023",0.936101413414122
"FT0024",0.745269309948776
"FT0025",1.32689570879778
"FT0026",0.778677085675402
"FT0027",-0.0410659448379693
"FT0028",0.970975827229535
"FT0029",0.752694561468548
"FT0030",0.968506649497767
"FT0031",1.19548718647631
"FT0032",0.804146723639709
"FT0033",0.782642284323435
"FT0034",1.10538833038811
"FT0035",1.55837185919524
"FT0036",0.796127947387188
"FT0037",0.346741839379594
"FT0038",0.14615466312681
"FT0039",0.212544377357707
"FT0040",0.399924020176823
"FT0041",0.275026394383334
"FT0042",-0.333758313978966
"FT0043",0.484555500901401
"FT0044",0.149628539934173
"FT0045",0.224765921877015
"FT0046",0.129986633788755
"FT0047",0.15420537272703
"FT0048",0.0510797417649876
"FT0049",0.10837779075328
"FT0050",0.0213222372536633
"FT0051",0.265900506777653
"FT0052",0.116670869414046
"FT0053",0.146509267615983
"FT0054",-0.0124460914208859
"FT0055",0.81464174287253
"FT0056",-0.244656505236475
"FT0057",-0.660584852454796
"FT0058",0.153715236134828
"FT0059",0.247464222818396
"FT0060",0.337387712825702
"FT0061",0.339273265985465
"FT0062",0.20344970186498
"FT0063",0.0964247495597915
"FT0064",0.239319538073279
"FT0065",0.215135080472872
"FT0066",0.254471327257896
"FT0067",0.228622771134039
"FT0068",0.283740434107024
"FT0069",-0.0389993635592786
"FT0070",0.0114399249121112
"FT0071",0.168554857351383
"FT0072",0.113350946793305
"FT0073",0.202627348053087
"FT0074",-0.437649942949284
"FT0075",-0.114297324224363
"FT0076",-0.069371038860647
"FT0077",0.166851882120127
"FT0078",0.231417211849324
"FT0079",0.197416948242774
"FT0080",0.222179159867968
"FT0081",0.254420424800394
"FT0082",0.20747082876976
"FT0083",0.232700386464724
"FT0084",0.20973829168629
"FT0085",0.199464380464541
"FT0086",0.211838579674544
"FT0087",0.196511317548518
"FT0088",-0.360928472659099
"FT0089",-0.368539249132437
"FT0090",-0.295099976549526
"FT0091",-0.424749451756553
"FT0092",-0.204852797945667
"FT0093",-0.187339455943767
"FT0094",-0.233401978832239
"FT0095",0.33742902909192
"FT0096",0.485648922198517
"FT0097",-0.243619224565263
"FT0098",-0.480566497893473
"FT0099",0.480323692846306
"FT0100",3.53470070265769
"FT0101",0.808901274073954
"FT0102",3.53470070265769
"FT0103",3.53470070265769
"FT0104",3.53470070265769
"FT0105",2.35461370678129
"FT0106",0.60687217339928
"FT0107",-0.673955203255234
"FT0108",-0.416157742792096
"FT0109",-0.493023948307397
"FT0110",-1.01881808043094
"FT0111",-0.769851111663179
"FT0112",-0.358842273569746
"FT0113",-0.408301598249487
"FT0114",-0.532994728868654
"FT0115",-0.563509387769754
"FT0116",0.262877301627023
"FT0117",-0.205823512391603
"FT0118",-0.0433709913111091
"FT0119",-0.195929797502413
"FT0120",-0.073913111167879
"FT0121",-1.2543819945424
"FT0122",0.0658935801063499
"FT0123",-0.033173496281993
"FT0124",-0.334404600998113
"FT0125",-0.798445872857676
"FT0126",-0.188958198476872
"FT0127",-0.756704944480786
"FT0128",-0.773531753958778
"FT0129",-0.676865644607155
"FT0130",-1.4790933283894
"FT0131",-0.638964990939615
"FT0132",-0.753644768238999
"FT0133",-0.149879720709403
"FT0134",0.17737309789236
"FT0135",0.113313041568518
"FT0136",-0.367390238489006
"FT0137",0.116297077704312
"FT0138",-0.494144455558408
"FT0139",-0.23335218826707
"FT0140",-0.0136437266577766
"FT0141",-0.442852180671752
"FT0142",-0.620815594378202
"FT0143",-0.840918560900478
"FT0144",-0.495822578091393
"FT0145",-2.0418901589863
"FT0146",-1.29362871564661
"FT0147",-1.01895629127451
"FT0148",-0.0604828018880845
"FT0149",-0.842482514731527
"FT0150",-0.955676691604999
"FT0151",-1.41999182135956
"FT0152",0.0700116421430961
"FT0153",0.34262367590274
"FT0154",0.0986326258260898
"FT0155",0.219825166749677
"FT0156",0.219781626028537
"FT0157",-0.0734697626993918
"FT0158",0.0553216389091125
"FT0159",0.0586715204349648
"FT0160",0.299987265921382
"FT0161",-0.274235924393612
"FT0162",0.366749572603567
"FT0163",0.0958635472346381
"FT0164",0.269913610143982
"FT0165",0.366343607338996
"FT0166",0.350738253865059
"FT0167",0.288945902701714
"FT0168",0.338369705133604
"FT0169",-0.00444048128484683
"FT0170",0.394178565859544
"FT0171",0.421964783906155
"FT0172",0.474324401125974
"FT0173",0.43029282192749
"FT0174",0.425101351087525
"FT0175",0.122706734978951
"FT0176",-0.0824794592363007
"FT0177",0.0951215112338063
"FT0178",0.476136474799272
"FT0179",-0.763952339498515
"FT0180",-0.265124786880745
"FT0181",-0.759196364383347
"FT0182",0.215517460738512
"FT0183",-0.296651353243849
"FT0184",-1.28834429085511
"FT0185",-0.119806417761879
"FT0186",-0.0106312839043228
"FT0187",-0.0761871529247521
"FT0188",0.0263240041967745
"FT0189",0.0879759287217513
"FT0190",-0.176889336128751
"FT0191",-4.36715947560173
"FT0192",-0.0611221044877858
"FT0193",-0.850677119049652
"FT0194",3.53470070265769
"FT0195",-0.144248231493233
"FT0196",-0.286102536309192
"FT0197",-0.260631791744884
"FT0198",-0.186404060298355
"FT0199",0.700104370316653
"FT0200",0.344282648053493
"FT0201",0.04155459408554
"FT0202",0.147296019769689
"FT0203",-0.145098674890032
"FT0204",-4.36715947560173
"FT0205",-0.746678493940941
"FT0206",0.123575401130909
"FT0207",0.0749854966165002
"FT0208",-0.481130969658884
"FT0209",-0.0899207983450807
"FT0210",-0.162120266999751
"FT0211",-0.857398083497472
"FT0212",-0.775855030253278
"FT0213",0.244462475486517
"FT0214",-0.137311773398467
"FT0215",-0.180385412662182
"FT0216",-0.417699737240676
"FT0217",-0.0641500685075461
"FT0218",-0.0547833977206738
"FT0219",-0.721468186144659
"FT0220",-0.56199468897421
"FT0221",-0.448027940227968
"FT0222",-0.488539310089749
"FT0223",-0.550446260917415
"FT0224",-0.462421101292351
"FT0225",-0.458434955112126
"FT0226",-0.442668657146927
"FT0227",-1.32113970141504
"FT0228",-1.06246416809409
"FT0229",-0.434343067995579
"FT0230",-4.36715947560173
"FT0231",0.235547202216071
"FT0232",0.257411053993006
"FT0233",0.220751174770658
"FT0234",-0.0196861574492205
"FT0235",-0.450028497413013
"FT0236",-0.401356257294888
"FT0237",-0.233444865337457
"FT0238",0.0211653161795403
"FT0239",-0.223658358871069
"FT0240",-0.206219273986777
"FT0241",-0.0208760955292243
"FT0242",-1.46922027066501
"FT0243",-0.447087233300885
"FT0244",-1.00314744883103
"FT0245",-0.342658273065521
"FT0246",-0.0760493257297929
"FT0247",-0.542085575627682
"FT0248",-0.203386406137391
"FT0249",-1.20676475685496
"FT0250",-1.35930832423957
"FT0251",-4.36715947560173
"FT0252",-0.255041289131306
"FT0253",-0.470260795982927
"FT0254",-0.413389422084881
"FT0255",-0.360558377725892
"FT0256",-0.745717670399476
"FT0257",-0.403046901858147
"FT0258",-0.506362478672504
"FT0259",-0.160153259306734
"FT0260",-0.494111317377835
"FT0261",-0.261884897223157
"FT0262",-0.206999681728026
"FT0263",-0.790150666998832
"FT0264",-0.888186135988774
"FT0265",-0.398289686356854
"FT0266",-1.63372740998483
"FT0267",-2.37757233936094
"FT0268",-0.889307497377122
"FT0269",-4.36715947560173
"FT0270",3.53470070265769
"FT0271",3.53470070265769
"FT0272",-0.827943731650168
"FT0273",3.53470070265769
"FT0274",-4.36715947560173
"FT0275",-0.236636029230499
"FT0276",-0.196001673993807
"FT0277",-0.474630208824886
"FT0278",-0.564531444017029
"FT0279",0.0427378634843256
"FT0280",0.0864349954282115
"FT0281",1.02958292431642
"FT0282",0.27595719920173
"FT0283",0.157524684434643
"FT0284",0.384228620760832
"FT0285",0.309840056180963
"FT0286",0.324986440568052
"FT0287",0.368531460321673
"FT0288",-0.32905213726615
"FT0289",0.292240523781581
"FT0290",0.237458304016328
"FT0291",0.253517497701327
"FT0292",0.209879715136536
"FT0293",0.210763172203356
"FT0294",-1.16999599865869
"FT0295",-1.21959221853126
"FT0296",-0.189829188771644
"FT0297",-0.23875813463518
"FT0298",-0.206575872385402
"FT0299",-0.0420353815321111
"FT0300",-0.170641660480053
"FT0301",-0.280198362372321
"FT0302",-0.399837153137294
"FT0303",-0.494974184063363
"FT0304",1.12542053018792
"FT0305",3.53470070265769
"FT0306",-4.36715947560173
"FT0307",0.00901766569062504
"FT0308",0.266735967228314
"FT0309",-0.417913152842319
"FT0310",-0.266812453870511
"FT0311",-0.189727478028826
"FT0312",-0.131179396020973
"FT0313",0.988287827471532
"FT0314",-0.0111829933511907
"FT0315",0.202372736554205
"FT0316",0.0366630043095482
"FT0317",-0.265317555998316
"FT0318",0.367897709907921
"FT0319",-0.172910545746514
"FT0320",1.15942499894369
"FT0321",0.569226559656837
"FT0322",-0.4195343316675
"FT0323",0.136271093196852
"FT0324",-0.227740267959618
"FT0325",-0.212911862763577
"FT0326",-0.132077954251743
"FT0327",-0.0702460824244527
"FT0328",-0.344638297538391
"FT0329",-0.752068792567391
"FT0330",-0.0933106396709434
"FT0331",-0.094309305181746
"FT0332",-0.0244892437209555
"FT0333",3.53470070265769
"FT0334",-0.665549935990362
"FT0335",-0.460270063780274
"FT0336",-4.36715947560173
"FT0337",-0.0836084696708953
"FT0338",-0.205608667131045
"FT0339",-0.13017193720992
"FT0340",0.284606944351008
"FT0341",0.0893653267024865
"FT0342",-0.00350007198011641
"FT0343",0.135803704970537
"FT0344",-0.141630953676999
"FT0345",-4.36715947560173
"FT0346",-4.36715947560173
"FT0347",3.53470070265769
"FT0348",0.291503079886193
"FT0349",0.115742954188909
"FT0350",-0.162123962743049
"FT0351",0.0904479281210562
"FT0352",0.167199529451407
"FT0353",0.0463619749197408
"FT0354",0.0969201151156224
"FT0355",0.156606705637568
"FT0356",-1.01221215629909
"FT0357",3.53470070265769
"FT0358",-0.86064555014566
"FT0359",3.53470070265769
"FT0360",0.785442675414352
"FT0361",-0.309378076577797
"FT0362",0.254878487298714
"FT0363",0.462179685119017
"FT0364",0.447302942707093
"FT0365",-0.0786536311206001
"FT0366",0.19793292156945
"FT0367",0.428161062733866
"FT0368",3.53470070265769
"FT0369",0.590852752612795
"FT0370",-4.36715947560173
"FT0371",-1.33082774144103
"FT0372",0.00618176842909608
"FT0373",0.157707175414891
"FT0374",-0.00232355660989489
"FT0375",-0.422312309932333
"FT0376",-0.0343351431902158
"FT0377",-0.0942470657406514
"FT0378",0.0195041602235028
"FT0379",0.000642263202895788
"FT0380",-0.0729849951292127
"FT0381",0.00158796027493427
"FT0382",0.00755153423057927
"FT0383",-0.803908973779243
"FT0384",0.118915028400085
"FT0385",0.0399774966250919
"FT0386",0.0244222916479543
"FT0387",-0.220821450485128
"FT0388",0.00998289507156067
"FT0389",0.127892551079894
"FT0390",-0.0809040229775789
"FT0391",-0.0562249044234503
"FT0392",-0.0525327956179444
"FT0393",-0.0560512913246927
"FT0394",3.53470070265769
"FT0395",3.53470070265769
"FT0396",0.325819557424993
"FT0397",0.162538515763408
"FT0398",3.53470070265769
"FT0399",-0.401765602088259
"FT0400",-0.854021652935962
"FT0401",-0.647493777207784
"FT0402",-0.494214981509668
"FT0403",-0.304408048457146
"FT0404",-1.27368185721398
"FT0405",-0.956192070045678
"FT0406",-4.36715947560173
"FT0407",-4.36715947560173
"FT0408",0.0198667778580882
"FT0409",0.127553276198777
"FT0410",3.53470070265769
"FT0411",-0.124549037318631
"FT0412",3.53470070265769
"FT0413",-4.36715947560173
"FT0414",-0.1865920422946
"FT0415",-0.454589962619135
"FT0416",-0.219060608995736
"FT0417",-0.633771007003483
"FT0418",-0.545248542171875
"FT0419",-0.308370608277227
"FT0420",-0.294324905149645
"FT0421",-0.308252717953083
"FT0422",-0.174257454705625
"FT0423",-0.264792223171791
"FT0424",-0.241664481920788
"FT0425",-0.307063508039295
"FT0426",-4.36715947560173
"FT0427",-0.52596766045945
"FT0428",-0.142372484021305
"FT0429",-0.452246777071662
"FT0430",-0.123270154632675
"FT0431",-4.36715947560173
"FT0432",-4.36715947560173
"FT0433",-0.340531632001074
"FT0434",-4.36715947560173
"FT0435",-0.954780704706031
"FT0436",-4.36715947560173
"FT0437",-4.36715947560173
"FT0438",-0.305917706537004
"FT0439",-0.474897682494768
"FT0440",-0.5116095687672
"FT0441",-0.416907001330322
"FT0442",3.53470070265769
"FT0443",-0.133364256136942
"FT0444",-0.0405853521122011
"FT0445",-0.205543441193531
"FT0446",3.53470070265769
"FT0447",3.53470070265769
"FT0448",-0.674335057974618
"FT0449",-0.997835091343257
"FT0450",-0.298326986741634
"FT0451",-0.506363629341664
"FT0452",-0.379879930930549
"FT0453",-4.36715947560173
"FT0454",-0.118092288238128
"FT0455",-0.522339281717866
"FT0456",-0.137280455113631
"FT0457",3.53470070265769
"FT0458",-0.212460246519075
"FT0459",-1.82138613235792
"FT0460",-0.196289412119851
"FT0461",-0.615583159696694
"FT0462",-0.238697360843249
"FT0463",-0.946855086787351
"FT0464",-2.70689516618247
"FT0465",-1.52068998711584
"FT0466",-0.696747143719175
"FT0467",3.53470070265769
"FT0468",-4.36715947560173
"FT0469",-4.36715947560173
"FT0470",-4.36715947560173
"FT0471",0.593765738116815
"FT0472",2.05353550886167
"FT0473",0.881443592583804
"FT0474",0.555326483329233
"FT0475",0.873385654807713
"FT0476",1.47196580908875
"FT0477",0.924900311763953
"FT0478",0.297636352939767
"FT0479",1.22595043905229
"FT0480",1.56823429966609
"FT0481",-4.36715947560173
"FT0482",1.17832372828654
"FT0483",3.53470070265769
"FT0484",-4.36715947560173
"FT0485",3.53470070265769
"FT0486",3.53470070265769
"FT0487",3.53470070265769
"FT0488",3.53470070265769
"FT0489",-0.165609011028279
"FT0490",-0.187379142560645
"FT0491",0.615795928211626
"FT0492",-0.0118357125331414
"FT0493",3.53470070265769
"FT0494",3.53470070265769
"FT0495",-4.36715947560173
"FT0496",-4.36715947560173
"FT0497",-4.36715947560173
"FT0498",-4.36715947560173
"FT0499",-4.36715947560173
"FT0500",-4.36715947560173
"FT0501",-4.36715947560173
"FT0502",-0.394059151819858
"FT0503",-0.0822534568342492
"FT0504",0.905057045540262
"FT0505",1.05078510908468
"FT0506",-1.95809116040973
"FT0507",-4.36715947560173
"FT0508",0.365037546017543
"FT0509",-0.175912411621658
"FT0510",-0.0501617649677571
"FT0511",3.53470070265769
"FT0512",3.53470070265769
"FT0513",-4.36715947560173
"FT0514",-4.36715947560173
"FT0515",-4.36715947560173
"FT0516",-4.36715947560173
"FT0517",-0.760456555827502
"FT0518",-0.0202456127483549
"FT0519",-0.53489097139173
"FT0520",0.318078179294994
"FT0521",-1.69282638005573
"FT0522",-1.31393576481572
"FT0523",-0.501940387199481
"FT0524",0.0843461001105553
"FT0525",0.0396079966000584
"FT0526",-0.205199515622034
"FT0527",0.0732656485096259
"FT0528",0.142717004843464
"FT0529",0.333234446167392
"FT0530",3.53470070265769
"FT0531",-4.36715947560173
"FT0532",-4.36715947560173
"FT0533",-0.208315108520725
"FT0534",-4.36715947560173
"FT0535",3.53470070265769
"FT0536",0.308886381508633
"FT0537",3.53470070265769
"FT0538",3.53470070265769
"FT0539",-1.05862392469068
"FT0540",-1.90002492283617
"FT0541",-1.67312784555917
"FT0542",-4.36715947560173
"FT0543",-4.36715947560173
"FT0544",-4.36715947560173
"FT0545",-1.03091589829482
"FT0546",-1.38773452801133
"FT0547",-1.10991777905259
"FT0548",-1.29349827250131
"FT0549",-1.08172511404544
"FT0550",3.53470070265769
"FT0551",-1.05126850763484
"FT0552",3.53470070265769
"FT0553",-0.319491263502956
"FT0554",-0.368885987734165
"FT0555",3.53470070265769
"FT0556",-4.36715947560173
"FT0557",-1.11112556421676
"FT0558",-4.36715947560173
"FT0559",-4.36715947560173
"FT0560",-4.36715947560173
"FT0561",3.53470070265769
"FT0562",0.577195817066094
"FT0563",0.382233431033032
"FT0564",3.53470070265769
"FT0565",0.0904703364846291
"FT0566",0.466685360234362
"FT0567",-0.361456034106095
"FT0568",3.53470070265769
"FT0569",0.296156147072546
"FT0570",0.179259176701825
"FT0571",-0.241344381546441
"FT0572",0.16558368173449
"FT0573",0.0583510194720082
"FT0574",-0.813685657959712
"FT0575",0.231790380442875
"FT0576",-0.0933059365159356
"FT0577",-1.51169650733208
"FT0578",3.53470070265769
"FT0579",0.109385758228389
"FT0580",3.53470070265769
"FT0581",0.73686986111049
"FT0582",0.31766092612142
"FT0583",-0.637264098637044
"FT0584",-0.643300229083131
"FT0585",-0.618602255102264
"FT0586",-0.787823009507328
"FT0587",-0.723873910804448
"FT0588",-4.36715947560173
"FT0589",-1.51253456860925
"FT0590",-4.36715947560173
"FT0591",-4.36715947560173
"FT0592",-4.36715947560173
"FT0593",-0.698285023137701
"FT0594",-0.708016198046061
"FT0595",-4.36715947560173
"FT0596",-0.670695821836676
"FT0597",-0.621372927969458
"FT0598",-4.36715947560173
"FT0599",-1.47136260283129
"FT0600",3.53470070265769
"FT0601",-4.36715947560173
"FT0602",3.53470070265769
"FT0603",3.53470070265769
"FT0604",3.53470070265769
"FT0605",3.53470070265769
"FT0606",3.53470070265769
"FT0607",-4.36715947560173
"FT0608",-4.36715947560173
"FT0609",-4.36715947560173
"FT0610",-4.36715947560173
"FT0611",-4.36715947560173
"FT0612",3.53470070265769
"FT0613",-4.36715947560173
"FT0614",-4.36715947560173
"FT0615",-0.433622591399101
"FT0616",-0.266184943849439
"FT0617",-0.326314649928759
"FT0618",-1.10877186283661
"FT0619",-0.732785257101514
"FT0620",0.21616046193566
"FT0621",-4.36715947560173
"FT0622",3.53470070265769
"FT0623",3.53470070265769
"FT0624",-4.36715947560173
"FT0625",3.53470070265769
"FT0626",3.53470070265769
"FT0627",3.53470070265769
"FT0628",3.53470070265769
"FT0629",3.53470070265769
"FT0630",3.53470070265769
"FT0631",3.53470070265769
"FT0632",3.53470070265769
"FT0633",3.53470070265769
"FT0634",3.53470070265769
"FT0635",3.53470070265769
"FT0636",3.53470070265769
"FT0637",-4.36715947560173
"FT0638",-0.422354377697201
"FT0639",-0.735259075626144
"FT0640",-1.08304338875143
"FT0641",-0.96359353002151
"FT0642",-0.587152651344859
"FT0643",-0.224335577538655
"FT0644",0.409007334861661
"FT0645",0.640162375992825
"FT0646",-1.58503633181752
"FT0647",-4.36715947560173
"FT0648",3.53470070265769
"FT0649",-0.359494851692671
"FT0650",0.112380107340185
"FT0651",-0.643704778110315
"FT0652",-0.0895827930683619
"FT0653",0.489043649659763
"FT0654",-0.180096222709794
"FT0655",3.53470070265769
"FT0656",0.973848605298417
"FT0657",-4.36715947560173
"FT0658",2.13868791441892
"FT0659",-4.36715947560173
"FT0660",-4.36715947560173
"FT0661",-4.36715947560173
"FT0662",3.53470070265769
"FT0663",3.53470070265769
"FT0664",3.53470070265769
"FT0665",3.53470070265769
"FT0666",-0.74470903675438
"FT0667",-0.392900353117307
"FT0668",-0.216986244684397
"FT0669",-0.126144439888473
"FT0670",-0.288614834550352
"FT0671",-0.0576580677724722
"FT0672",-0.062652681313965
"FT0673",-0.388507182012084
"FT0674",-0.0540198294966187
"FT0675",-0.0818269331871299
"FT0676",-0.0542122672317291
"FT0677",-0.0637487595750101
"FT0678",-0.0497927166609951
"FT0679",-0.112053029453682
"FT0680",-0.068141629914424
"FT0681",-0.0599945895783281
"FT0682",-0.0592172909239318
"FT0683",-4.36715947560173
"FT0684",-0.301730934861416
"FT0685",-0.109273114229697
"FT0686",-0.415020253106896
"FT0687",-0.121200122848106
"FT0688",-0.211789041950874
"FT0689",-0.639539079228889
"FT0690",3.53470070265769
"FT0691",-0.459111703410229
"FT0692",-0.0433116512109046
"FT0693",-0.516651653520161
"FT0694",0.137236316084697
"FT0695",-1.2078719257915
"FT0696",-0.876106194583527
"FT0697",-1.50478643614687
"FT0698",-0.746129654438923
"FT0699",-0.184109941362764
"FT0700",-0.355000676355959
"FT0701",-0.274602032782384
"FT0702",-0.622516088038558
"FT0703",-0.11919261765384
"FT0704",-0.0816450154507142
"FT0705",-0.117752655856196
"FT0706",-0.210623205970428
"FT0707",-0.384431274430148
"FT0708",0.0126156412211544
"FT0709",-0.356045357050744
"FT0710",-0.0539786589386023
"FT0711",-0.0560442717764087
"FT0712",-0.227396157910904
"FT0713",-0.0805862176546857
"FT0714",-0.0316666930489443
"FT0715",-0.0381017386220264
"FT0716",-0.21862521082698
"FT0717",-1.09875407021015
"FT0718",3.53470070265769
"FT0719",3.53470070265769
"FT0720",3.53470070265769
"FT0721",3.53470070265769
"FT0722",-0.976644071323671
"FT0723",3.53470070265769
"FT0724",3.53470070265769
"FT0725",3.53470070265769
"FT0726",3.53470070265769
"FT0727",-0.0614890535731149
"FT0728",3.53470070265769
"FT0729",0.138957995486973
"FT0730",-0.302654277452785
"FT0731",-0.730062370213057
"FT0732",-0.443121586398835
"FT0733",-0.0514061663054294
"FT0734",3.53470070265769
"FT0735",3.53470070265769
"FT0736",3.53470070265769
"FT0737",3.53470070265769
"FT0738",3.53470070265769
"FT0739",-0.511957529393011
"FT0740",-4.36715947560173
"FT0741",-3.36715947560173
"FT0742",-4.36715947560173
"FT0743",-1.25804119799835
"FT0744",-0.18899167652035
"FT0745",-4.36715947560173
"FT0746",0.159487103668348
"FT0747",-4.36715947560173
"FT0748",-0.0523801067384531
"FT0749",0.0516700502020515
"FT0750",-4.36715947560173
"FT0751",3.53470070265769
"FT0752",3.53470070265769
"FT0753",0.530480380825704
"FT0754",0.111167479866559
"FT0755",-0.372787207492667
"FT0756",-0.629184322920089
"FT0757",-4.36715947560173
"FT0758",0.255621068389788
"FT0759",0.17782170518342
"FT0760",0.115601702897215
"FT0761",0.204898908372211
"FT0762",0.174895854136808
"FT0763",0.146449126681971
"FT0764",0.246712785111948
"FT0765",-4.36715947560173
"FT0766",3.53470070265769
"FT0767",3.53470070265769
"FT0768",3.53470070265769
"FT0769",0.680909834533066
"FT0770",0.302065276345084
"FT0771",0.31638409197751
"FT0772",0.353000377732575
"FT0773",0.295066815154583
"FT0774",0.245949248337817
"FT0775",0.342840488223415
"FT0776",0.384628907867826
"FT0777",0.0492441367121401
"FT0778",-0.109948106034816
"FT0779",3.53470070265769
"FT0780",3.53470070265769
"FT0781",3.53470070265769
"FT0782",3.53470070265769
"FT0783",-4.36715947560173
"FT0784",0.118581644816904
"FT0785",-0.94378838694823
"FT0786",3.53470070265769
"FT0787",3.53470070265769
"FT0788",3.53470070265769
"FT0789",-4.36715947560173
"FT0790",3.53470070265769
"FT0791",3.53470070265769
"FT0792",3.53470070265769
"FT0793",3.53470070265769
"FT0794",0.537412992939765
"FT0795",0.517101259114434
"FT0796",1.70072784302027
"FT0797",-0.7786377318679
"FT0798",-0.729359847772012
"FT0799",-0.656188475675211
"FT0800",-0.692891216456574
"FT0801",-0.524750776481061
"FT0802",-0.650007792662169
"FT0803",-4.36715947560173
"FT0804",-0.762888105311321
"FT0805",-0.659223879930513
"FT0806",-4.36715947560173
"FT0807",-4.36715947560173
"FT0808",-4.36715947560173
"FT0809",-4.36715947560173
"FT0810",-4.36715947560173
"FT0811",-0.998090528024655
"FT0812",-4.36715947560173
"FT0813",-4.36715947560173
"FT0814",-0.579496444453242
"FT0815",-0.630339870118076
"FT0816",-4.36715947560173
"FT0817",-0.276509004855237
"FT0818",-0.336907356490263
"FT0819",-0.66905200934491
"FT0820",-0.525889677616693
"FT0821",-0.159329320972693
"FT0822",3.53470070265769
"FT0823",3.53470070265769
"FT0824",3.53470070265769
"FT0825",-0.794035223669183
"FT0826",0.247486183879445
"FT0827",-1.31244717500792
"FT0828",-1.68547759574688
"FT0829",-0.947335105410995
"FT0830",0.406271354312698
"FT0831",0.35622232921927
"FT0832",-0.0676165330638379
"FT0833",0.170325835321525
"FT0834",0.0770088240807016
"FT0835",-0.18581791148157
"FT0836",0.199779063184238
"FT0837",-0.849835510358244
"FT0838",3.53470070265769
"FT0839",3.53470070265769
"FT0840",3.53470070265769
"FT0841",-0.991898945629971
"FT0842",-1.19934993072649
"FT0843",0.254175756996225
"FT0844",-0.519218402237695
"FT0845",0.0168007115474022
"FT0846",1.15963298625497
"FT0847",-0.0714286301871192
"FT0848",0.407371290096785
"FT0849",3.53470070265769
"FT0850",-0.58006564872276
"FT0851",-0.281746818566857
"FT0852",-0.127272081263052
"FT0853",-0.123378261809443
"FT0854",-0.453428948673933
"FT0855",-0.878855233952149
"FT0856",-0.2505585239322
"FT0857",3.53470070265769
"FT0858",-0.278791978013003
"FT0859",-0.0392188744114904
"FT0860",-0.0636701743119949
"FT0861",-0.49855047182175
"FT0862",-0.722867784114549
"FT0863",-4.36715947560173
"FT0864",-0.298575346591416
"FT0865",-4.36715947560173
"FT0866",-4.36715947560173
"FT0867",-0.316982667565214
"FT0868",-0.304801109143411
"FT0869",-0.374169447978864
"FT0870",-0.369594801090559
"FT0871",-0.538769716249158
"FT0872",-0.297912654478374
"FT0873",-0.276485599778761
"FT0874",-4.36715947560173
"FT0875",-0.226608635318157
"FT0876",-1.20096749660407
"FT0877",-0.276407208552445
"FT0878",-4.36715947560173
"FT0879",-0.456470578986848
"FT0880",-4.36715947560173
"FT0881",-0.20986949236614
"FT0882",-0.337176736396342
"FT0883",-0.113082217169981
"FT0884",-0.100647540695161
"FT0885",0.0639174153960408
"FT0886",0.127226529590439
"FT0887",-0.63341179594991
"FT0888",0.0926334512051568
"FT0889",0.134478755251874
"FT0890",-3.08500980941194
"FT0891",-4.36715947560173
"FT0892",-0.872962529571982
"FT0893",-0.749595914523061
"FT0894",-4.36715947560173
"FT0895",-4.36715947560173
"FT0896",-4.36715947560173
"FT0897",3.53470070265769
"FT0898",3.53470070265769
"FT0899",0.664055097838218
"FT0900",-4.36715947560173
"FT0901",-4.36715947560173
"FT0902",-4.36715947560173
"FT0903",-4.36715947560173
"FT0904",-4.36715947560173
"FT0905",-4.36715947560173
"FT0906",-4.36715947560173
"FT0907",-0.00652682835815643
"FT0908",0.00388165053559424
"FT0909",0.068611492036821
"FT0910",3.53470070265769
"FT0911",3.53470070265769
"FT0912",3.53470070265769
"FT0913",-0.528210994240789
"FT0914",-0.105864534908066
"FT0915",-0.164215362781393
"FT0916",0.0303507938162379
"FT0917",3.53470070265769
"FT0918",3.53470070265769
"FT0919",-0.0775421379947958
"FT0920",-0.0761399280383284
"FT0921",-0.0583113921863947
"FT0922",0.359455993224762
"FT0923",3.53470070265769
"FT0924",3.53470070265769
"FT0925",3.53470070265769
"FT0926",-0.200735704198708
"FT0927",3.53470070265769
"FT0928",-4.36715947560173
"FT0929",-0.661894751457475
"FT0930",3.53470070265769
"FT0931",3.53470070265769
"FT0932",3.53470070265769
"FT0933",3.53470070265769
"FT0934",3.53470070265769
"FT0935",3.53470070265769
"FT0936",3.53470070265769
"FT0937",3.53470070265769
"FT0938",3.53470070265769
"FT0939",3.53470070265769
"FT0940",3.53470070265769
"FT0941",0.361780492190662
"FT0942",0.207336076847613
"FT0943",0.342269978622794
"FT0944",3.53470070265769
"FT0945",-4.36715947560173
"FT0946",0.257158744353255
"FT0947",0.280985275959521
"FT0948",0.265506499310677
"FT0949",0.0394507810168186
"FT0950",0.0932207520026629
"FT0951",0.459858743879963
"FT0952",0.198146693398054
"FT0953",3.53470070265769
"FT0954",3.53470070265769
"FT0955",-0.515286655447302
"FT0956",-0.489126833229687
"FT0957",-0.39308729848501
"FT0958",-0.612021150074536
"FT0959",-0.45800118512065
"FT0960",-0.386367326819527
"FT0961",-0.353690913322206
"FT0962",-0.384281555963563
"FT0963",-1.14127275206259
"FT0964",-4.36715947560173
"FT0965",3.53470070265769
"FT0966",3.53470070265769
"FT0967",-4.36715947560173
"FT0968",-0.33621322264852
"FT0969",-4.36715947560173
"FT0970",-4.36715947560173
"FT0971",-4.36715947560173
"FT0972",-4.36715947560173
"FT0973",-4.36715947560173
"FT0974",-1.07364406539781
"FT0975",-4.36715947560173
"FT0976",-4.36715947560173
"FT0977",-4.36715947560173
"FT0978",-4.36715947560173
"FT0979",-0.355674703726447
"FT0980",-4.36715947560173
"FT0981",-0.508079011321117
"FT0982",-4.36715947560173
"FT0983",-4.36715947560173
"FT0984",-4.36715947560173
"FT0985",-4.36715947560173
"FT0986",-4.36715947560173
"FT0987",3.53470070265769
"FT0988",-4.36715947560173
"FT0989",-4.36715947560173
"FT0990",-4.36715947560173
"FT0991",3.53470070265769
"FT0992",3.53470070265769
"FT0993",-4.36715947560173
"FT0994",3.53470070265769
"FT0995",3.53470070265769
"FT0996",-0.374524031251907
"FT0997",0.91328790993392
"FT0998",0.281239463885468
"FT0999",0.35463670491581
"FT1000",0.104661170857507
"FT1001",-1.21108110001726
"FT1002",-4.36715947560173
"FT1003",-1.03403724898376
"FT1004",-0.408129140385007
"FT1005",-0.25402318365097
"FT1006",-0.603507718597705
"FT1007",-0.428842997694885
"FT1008",-0.365839284765869
"FT1009",-0.310145185772017
"FT1010",-0.391432356825503
"FT1011",-0.410747074387195
"FT1012",-4.36715947560173
"FT1013",-4.36715947560173
"FT1014",3.53470070265769
"FT1015",3.53470070265769
"FT1016",3.53470070265769
"FT1017",3.53470070265769
"FT1018",3.53470070265769
"FT1019",3.53470070265769
"FT1020",3.53470070265769
"FT1021",3.53470070265769
"FT1022",3.53470070265769
"FT1023",3.53470070265769
"FT1024",3.53470070265769
"FT1025",3.53470070265769
"FT1026",3.53470070265769
"FT1027",1.41294088472468
"FT1028",-0.0756752356680936
"FT1029",0.217142439030211
"FT1030",0.214973725663949
"FT1031",-0.0431157478070926
"FT1032",3.53470070265769
"FT1033",3.53470070265769
"FT1034",3.53470070265769
"FT1035",0.256303878769609
"FT1036",0.414026529113156
"FT1037",-4.36715947560173
"FT1038",3.53470070265769
"FT1039",0.0437663294541886
"FT1040",0.0972547190747101
"FT1041",3.53470070265769
"FT1042",3.53470070265769
"FT1043",-4.36715947560173
"FT1044",1.63801859425447
"FT1045",-0.113493665459363
"FT1046",-0.0781264765070352
"FT1047",1.57006915859862
"FT1048",3.53470070265769
"FT1049",0.732264692682777
"FT1050",3.53470070265769
"FT1051",-4.36715947560173
"FT1052",3.53470070265769
"FT1053",3.53470070265769
"FT1054",3.53470070265769
"FT1055",-4.36715947560173
"FT1056",3.53470070265769
"FT1057",-4.36715947560173
"FT1058",3.53470070265769
"FT1059",-4.36715947560173
"FT1060",-4.36715947560173
"FT1061",-4.36715947560173
"FT1062",0.749000130125027
"FT1063",3.53470070265769
"FT1064",-4.36715947560173
"FT1065",-4.36715947560173
"FT1066",3.53470070265769
"FT1067",3.53470070265769
"FT1068",3.53470070265769
"FT1069",-2.2826796414854
"FT1070",0.864343438651337
"FT1071",3.53470070265769
"FT1072",3.53470070265769
"FT1073",-4.36715947560173
"FT1074",-0.107097976307886
"FT1075",-0.196445946142383
"FT1076",-4.36715947560173
"FT1077",0.00670053787746465
"FT1078",-0.0257131912514696
"FT1079",0.136744448644975
"FT1080",0.0209603729954632
"FT1081",0.00109284169939539
"FT1082",-0.00572272030128802
"FT1083",-0.497857115173913
"FT1084",-4.36715947560173
"FT1085",3.53470070265769
"FT1086",3.53470070265769
"FT1087",3.53470070265769
"FT1088",0.955157250572708
"FT1089",-4.36715947560173
"FT1090",-4.36715947560173
"FT1091",-0.326270124005458
"FT1092",-4.36715947560173
"FT1093",-0.292988734114883
"FT1094",-0.631090615035982
"FT1095",-0.330875404266613
"FT1096",-0.367658451347345
"FT1097",-0.262624484078057
"FT1098",-0.366507109312622
"FT1099",-0.544911436640415
"FT1100",-4.36715947560173
"FT1101",-0.317796960586119
"FT1102",-0.286010506504466
"FT1103",-0.297698112173553
"FT1104",-4.36715947560173
"FT1105",-4.36715947560173
"FT1106",-0.59191452748271
"FT1107",-0.299091393241434
"FT1108",3.53470070265769
"FT1109",2.07282881977852
"FT1110",3.53470070265769
"FT1111",0.0688291405683444
"FT1112",1.0412308124925
"FT1113",3.53470070265769
"FT1114",1.21405949763244
"FT1115",1.04766038897033
"FT1116",0.137201461847747
"FT1117",3.53470070265769
"FT1118",3.53470070265769
"FT1119",3.53470070265769
"FT1120",3.53470070265769
"FT1121",-4.36715947560173
"FT1122",-4.36715947560173
"FT1123",-4.36715947560173
"FT1124",-4.36715947560173
"FT1125",-1.48423974707618
"FT1126",-0.00940695793053701
"FT1127",0.252415741923555
"FT1128",-0.2790195787335
"FT1129",0.139657748508554
"FT1130",3.53470070265769
"FT1131",3.53470070265769
"FT1132",-4.36715947560173
"FT1133",-4.36715947560173
"FT1134",-4.36715947560173
"FT1135",-2.72096274515975
"FT1136",3.53470070265769
"FT1137",-2.11563538148999
"FT1138",-2.11864002150997
"FT1139",-0.415553040021872
"FT1140",0.248066798403996
"FT1141",-4.36715947560173
"FT1142",-4.36715947560173
"FT1143",-4.36715947560173
"FT1144",-4.36715947560173
"FT1145",3.53470070265769
"FT1146",3.53470070265769
"FT1147",3.53470070265769
"FT1148",-4.36715947560173
"FT1149",-4.36715947560173
"FT1150",-4.36715947560173
"FT1151",3.53470070265769
"FT1152",3.53470070265769
"FT1153",3.53470070265769
"FT1154",-4.36715947560173
"FT1155",-4.36715947560173
"FT1156",3.53470070265769
"FT1157",-4.36715947560173
"FT1158",-4.36715947560173
"FT1159",-0.0332127534959112
"FT1160",-0.285419857354712
"FT1161",0.0156191687747788
"FT1162",-0.337576573651304
"FT1163",-0.270760850654205
"FT1164",-0.00522146384326312
"FT1165",3.53470070265769
"FT1166",3.53470070265769
"FT1167",-4.36715947560173
"FT1168",-4.36715947560173
"FT1169",-4.36715947560173
"FT1170",-4.36715947560173
"FT1171",-0.267168075615262
"FT1172",-0.883383965326582
"FT1173",-0.263720448032713
"FT1174",-0.438980885847068
"FT1175",-0.275291483410941
"FT1176",-0.269594565916167
"FT1177",-0.76518331347782
"FT1178",-0.561091725352356
"FT1179",-0.320481724992979
"FT1180",-4.36715947560173
"FT1181",-0.38559494951041
"FT1182",-0.108028199834727
"FT1183",-1.660907121031
"FT1184",0.145559772507366
"FT1185",-0.0104889328562684
"FT1186",0.102603848593252
"FT1187",0.151649556571136
"FT1188",0.155491901616334
"FT1189",-0.0628812680078955
"FT1190",0.309783521091179
"FT1191",3.53470070265769
"FT1192",3.53470070265769
"FT1193",-4.36715947560173
"FT1194",-4.36715947560173
"FT1195",-4.36715947560173
"FT1196",-1.00861516332706
"FT1197",0.0921463223456003
"FT1198",3.53470070265769
"FT1199",3.53470070265769
"FT1200",3.53470070265769
"FT1201",-4.36715947560173
"FT1202",-4.36715947560173
"FT1203",-1.45855391977408
"FT1204",-4.36715947560173
"FT1205",-4.36715947560173
"FT1206",3.53470070265769
"FT1207",0.522385153934615
"FT1208",3.53470070265769
"FT1209",3.53470070265769
"FT1210",-0.445318533538011
"FT1211",-4.36715947560173
"FT1212",-0.594728820542759
"FT1213",-0.642747738798048
"FT1214",-1.15407886981924
"FT1215",-1.942146736803
"FT1216",3.53470070265769
"FT1217",0.344779248456897
"FT1218",0.0616073638870789
"FT1219",-0.00228403839798646
"FT1220",-0.136924976212467
"FT1221",0.11341336939267
"FT1222",0.0584887854640252
"FT1223",-0.0583550498491789
"FT1224",0.152121647931045
"FT1225",3.53470070265769
"FT1226",-0.0585184927917884
"FT1227",1.94853246089795
"FT1228",3.53470070265769
"FT1229",-0.0179133122912272
"FT1230",-4.36715947560173
"FT1231",-4.36715947560173
"FT1232",-4.36715947560173
"FT1233",-4.36715947560173
"FT1234",-4.36715947560173
"FT1235",-4.36715947560173
"FT1236",-4.36715947560173
"FT1237",3.53470070265769
"FT1238",-4.36715947560173
"FT1239",3.53470070265769
"FT1240",-4.36715947560173
"FT1241",3.53470070265769
"FT1242",-1.00206129603908
"FT1243",-2.593409087121
"FT1244",-0.204985041180258
"FT1245",0.116508982478104
"FT1246",0.0225122007339937
"FT1247",-0.246274718203523
"FT1248",0.123251230328716
"FT1249",0.0113086861257398
"FT1250",0.0624388702347527
"FT1251",-4.36715947560173
"FT1252",-4.36715947560173
"FT1253",-0.220754359793042
"FT1254",-1.19526285307958
"FT1255",-0.337018445348882
"FT1256",-0.317787918152947
"FT1257",-1.12492065113343
"FT1258",-0.541759958803709
"FT1259",-4.36715947560173
"FT1260",-0.673416918335787
"FT1261",-0.299061734152852
"FT1262",-0.4295646549392
"FT1263",-0.430001074081906
"FT1264",-0.047908642794856
"FT1265",-4.36715947560173
"FT1266",3.53470070265769
"FT1267",3.53470070265769
"FT1268",0.0142235939568798
"FT1269",0.599721580590501
"FT1270",-4.36715947560173
"FT1271",0.655279015834026
"FT1272",0.552662566183875
"FT1273",0.97677388784455
"FT1274",-4.36715947560173
"FT1275",1.02186547366642
"FT1276",0.611485262033712
"FT1277",-1.12967884110128
"FT1278",-0.150303335710077
"FT1279",-0.39149618248644
"FT1280",-1.21904935208436
"FT1281",-0.20783713384447
"FT1282",-0.396555471425662
"FT1283",-0.603623960843573
"FT1284",3.53470070265769
"FT1285",3.53470070265769
"FT1286",-0.40446307506371
"FT1287",-0.248486785649205
"FT1288",0.0464599778983965
"FT1289",3.53470070265769
"FT1290",3.53470070265769
"FT1291",-0.489967869941218
"FT1292",-0.441507417952415
"FT1293",-1.23670602738309
"FT1294",-0.420682056163093
"FT1295",-0.599343529377634
"FT1296",-4.36715947560173
"FT1297",-2.17661829628861
"FT1298",-0.579009731638305
"FT1299",-0.594560329923987
"FT1300",-0.550715384179705
"FT1301",-4.36715947560173
"FT1302",-0.839196935326249
"FT1303",-0.583130836434092
"FT1304",-0.531211877940681
"FT1305",-0.533807148568677
"FT1306",-4.36715947560173
"FT1307",-0.50376432548423
"FT1308",-4.36715947560173
"FT1309",-4.36715947560173
"FT1310",-0.821476815628486
"FT1311",-4.36715947560173
"FT1312",-4.36715947560173
"FT1313",-0.861178671868122
"FT1314",0.784484441909276
"FT1315",-4.36715947560173
"FT1316",-4.36715947560173
"FT1317",0.23672906795135
"FT1318",1.49796506118375
"FT1319",1.61994877337194
"FT1320",3.53470070265769
"FT1321",1.83124879904567
"FT1322",3.53470070265769
"FT1323",3.53470070265769
"FT1324",-4.36715947560173
"FT1325",0.406102503509146
"FT1326",-0.097706177010162
"FT1327",0.310135010272238
"FT1328",3.53470070265769
"FT1329",3.53470070265769
"FT1330",3.53470070265769
"FT1331",0.287814789110982
"FT1332",3.53470070265769
"FT1333",3.53470070265769
"FT1334",3.53470070265769
"FT1335",3.53470070265769
"FT1336",-4.36715947560173
"FT1337",3.53470070265769
"FT1338",-0.563188322792764
"FT1339",-1.04855789773976
"FT1340",3.53470070265769
"FT1341",-0.420433443892745
"FT1342",-0.480948762144232
"FT1343",-0.174379820542594
"FT1344",3.53470070265769
"FT1345",3.53470070265769
"FT1346",-4.36715947560173
"FT1347",-4.36715947560173
"FT1348",-4.36715947560173
"FT1349",-4.36715947560173
"FT1350",-4.36715947560173
"FT1351",0.0106439821982849
"FT1352",-0.130642111156683
"FT1353",-0.333463754068206
"FT1354",-0.631839955524041
"FT1355",0.0909058761481683
"FT1356",-4.36715947560173
"FT1357",3.53470070265769
"FT1358",-4.36715947560173
"FT1359",3.53470070265769
"FT1360",-4.36715947560173
"FT1361",-4.36715947560173
"FT1362",-0.65005412960379
"FT1363",3.53470070265769
"FT1364",-4.36715947560173
"FT1365",3.53470070265769
"FT1366",3.53470070265769
"FT1367",-4.36715947560173
"FT1368",-4.36715947560173
"FT1369",3.53470070265769
"FT1370",-4.36715947560173
"FT1371",3.53470070265769
"FT1372",-4.36715947560173
"FT1373",3.53470070265769
"FT1374",3.53470070265769
"FT1375",0.572108771148652
"FT1376",3.53470070265769
"FT1377",-4.36715947560173
"FT1378",3.53470070265769
"FT1379",3.53470070265769
"FT1380",-4.36715947560173
"FT1381",-0.603214022932863
"FT1382",-4.36715947560173
"FT1383",-4.36715947560173
"FT1384",-3.21261763776249
"FT1385",-0.133156461492014
"FT1386",-4.36715947560173
"FT1387",-4.36715947560173
"FT1388",-0.446513683379188
"FT1389",0.233495392816574
"FT1390",-0.188766611382579
"FT1391",0.0430519290768149
"FT1392",-0.060093361480478
"FT1393",-1.69108430505088
"FT1394",0.0193376123478512
"FT1395",-0.0661955311707852
"FT1396",-0.149770315766671
"FT1397",-0.322610121834708
"FT1398",0.0110063831178815
"FT1399",-0.682818738639349
"FT1400",0.011347909464881
"FT1401",-0.0734665566820113
"FT1402",-0.0157006650070911
"FT1403",0.0120971108415727
"FT1404",-4.36715947560173
"FT1405",3.53470070265769
"FT1406",3.53470070265769
"FT1407",3.53470070265769
"FT1408",0.462427303562023
"FT1409",0.587372290441407
"FT1410",0.387466871058098
"FT1411",0.55685495931249
"FT1412",0.582385891060887
"FT1413",0.68293734866651
"FT1414",0.544149886354636
"FT1415",0.16376196551906
"FT1416",0.538812695701902
"FT1417",0.40049150861572
"FT1418",3.53470070265769
"FT1419",3.53470070265769
"FT1420",-4.36715947560173
"FT1421",3.53470070265769
"FT1422",3.53470070265769
"FT1423",3.53470070265769
"FT1424",-4.36715947560173
"FT1425",3.53470070265769
"FT1426",3.53470070265769
"FT1427",-4.36715947560173
"FT1428",-4.36715947560173
"FT1429",-4.36715947560173
"FT1430",-4.36715947560173
"FT1431",-4.36715947560173
"FT1432",-4.36715947560173
"FT1433",-4.36715947560173
"FT1434",-4.36715947560173
"FT1435",3.53470070265769
"FT1436",3.53470070265769
"FT1437",-4.36715947560173
"FT1438",-4.36715947560173
"FT1439",-4.36715947560173
"FT1440",3.53470070265769
"FT1441",3.53470070265769
"FT1442",-4.36715947560173
"FT1443",3.53470070265769
"FT1444",3.53470070265769
"FT1445",3.53470070265769
"FT1446",3.53470070265769
"FT1447",-4.36715947560173
"FT1448",3.53470070265769
"FT1449",-0.0221616592738248
"FT1450",3.53470070265769
"FT1451",3.53470070265769
"FT1452",3.53470070265769
"FT1453",-4.36715947560173
"FT1454",-4.36715947560173
"FT1455",3.53470070265769
"FT1456",-4.36715947560173
"FT1457",3.53470070265769
"FT1458",3.53470070265769
"FT1459",-4.36715947560173
"FT1460",-4.36715947560173
"FT1461",-4.36715947560173
"FT1462",-0.808558042921332
"FT1463",3.53470070265769
"FT1464",2.53470070265769
"FT1465",3.53470070265769
"FT1466",-4.36715947560173
"FT1467",-4.36715947560173
"FT1468",-4.36715947560173
"FT1469",-4.36715947560173
"FT1470",-4.36715947560173
"FT1471",3.53470070265769
"FT1472",-4.36715947560173
"FT1473",-0.611597935620405
"FT1474",3.53470070265769
"FT1475",-4.36715947560173
"FT1476",0.513560216231444
"FT1477",0.0572059606094064
"FT1478",0.518733917325701
"FT1479",0.444449289921038
"FT1480",0.463097087949426
"FT1481",0.438969470189898
"FT1482",0.381645277649306
"FT1483",0.192148078575569
"FT1484",0.561547720654445
"FT1485",0.387205676338721
"FT1486",0.396287584584726
"FT1487",0.206236846476491
"FT1488",0.338071988660026
"FT1489",0.384334614015181
"FT1490",0.374946536610112
"FT1491",0.489415694272891
"FT1492",0.463788347801865
"FT1493",0.478491379887199
"FT1494",0.432199841245338
"FT1495",0.283052394776297
"FT1496",0.276197398064281
"FT1497",0.332599738335488
"FT1498",0.447287914934399
"FT1499",3.53470070265769
"FT1500",3.53470070265769
"FT1501",-4.36715947560173
"FT1502",-4.36715947560173
"FT1503",-4.36715947560173
"FT1504",-4.36715947560173
"FT1505",-4.36715947560173
"FT1506",-4.36715947560173
"FT1507",-4.36715947560173
"FT1508",-4.36715947560173
"FT1509",-4.36715947560173
"FT1510",-4.36715947560173
"FT1511",-4.36715947560173
"FT1512",-4.36715947560173
"FT1513",0.783937835837622
"FT1514",0.284118187603161
"FT1515",0.325028943931764
"FT1516",0.29085493658713
"FT1517",0.23071259148797
"FT1518",0.395223498205662
"FT1519",0.317103980015093
"FT1520",0.258084176739531
"FT1521",0.435200148658864
"FT1522",0.415947603093295
"FT1523",0.439592733951703
"FT1524",0.423473255091719
"FT1525",0.404241789509936
"FT1526",0.525937629393046
"FT1527",0.416543970492861
"FT1528",0.46682869315063
"FT1529",0.368118255274906
"FT1530",0.0976221873275655
"FT1531",-0.530198353570221
"FT1532",-0.171246815301399
"FT1533",-0.600107721379685
"FT1534",-0.174972532521462
"FT1535",-0.341940084101717
"FT1536",-0.173684655862104
"FT1537",-0.379461588098128
"FT1538",-0.110924616020208
"FT1539",-0.109528155956673
"FT1540",0.179441170304487
"FT1541",0.0913330756233449
"FT1542",0.126616801533042
"FT1543",0.171400695199617
"FT1544",0.144995592265937
"FT1545",-0.0173087831421272
"FT1546",0.101366436483562
"FT1547",-0.477200835356283
"FT1548",-4.36715947560173
"FT1549",-0.501006294971189
"FT1550",-0.731470472518279
"FT1551",-4.36715947560173
"FT1552",-4.36715947560173
"FT1553",-0.832138539635402
"FT1554",-0.450770253543145
"FT1555",-0.411918188879189
"FT1556",-0.426240566049884
"FT1557",-0.396404227046573
"FT1558",-4.36715947560173
"FT1559",3.53470070265769
"FT1560",3.53470070265769
"FT1561",-4.36715947560173
"FT1562",3.53470070265769
"FT1563",3.53470070265769
"FT1564",3.53470070265769
"FT1565",3.53470070265769
"FT1566",-4.36715947560173
"FT1567",-4.36715947560173
"FT1568",-4.36715947560173
"FT1569",-4.36715947560173
"FT1570",-4.36715947560173
"FT1571",-4.36715947560173
"FT1572",-4.36715947560173
"FT1573",-4.36715947560173
"FT1574",-4.36715947560173
"FT1575",-4.36715947560173
"FT1576",-4.36715947560173
"FT1577",-4.36715947560173
"FT1578",-4.36715947560173
"FT1579",-4.36715947560173
"FT1580",3.53470070265769
"FT1581",3.53470070265769
"FT1582",3.53470070265769
"FT1583",3.53470070265769
"FT1584",-4.36715947560173
"FT1585",3.53470070265769
"FT1586",3.53470070265769
"FT1587",3.53470070265769
"FT1588",3.53470070265769
"FT1589",-0.380883487120917
"FT1590",-0.449793659056631
"FT1591",-0.160658104809488
"FT1592",-0.253002524154685
"FT1593",-0.12589710153487
"FT1594",-0.232642078198665
"FT1595",3.53470070265769
"FT1596",3.53470070265769
"FT1597",3.53470070265769
"FT1598",-4.36715947560173
"FT1599",-4.36715947560173
"FT1600",-4.36715947560173
"FT1601",-4.36715947560173
"FT1602",-4.36715947560173
"FT1603",-4.36715947560173
"FT1604",-4.36715947560173
"FT1605",-4.36715947560173
"FT1606",0.469241189604557
"FT1607",3.53470070265769
"FT1608",3.53470070265769
"FT1609",-4.36715947560173
"FT1610",3.53470070265769
"FT1611",3.53470070265769
"FT1612",-4.36715947560173
"FT1613",3.53470070265769
"FT1614",3.53470070265769
"FT1615",3.53470070265769
"FT1616",3.53470070265769
"FT1617",3.53470070265769
"FT1618",0.691362609450939
"FT1619",-4.36715947560173
"FT1620",-4.36715947560173
"FT1621",-4.36715947560173
"FT1622",-4.36715947560173
"FT1623",0.251461849759672
"FT1624",0.368225500968267
"FT1625",0.302354814655653
"FT1626",0.42851247107854
"FT1627",0.239613404982424
"FT1628",0.265071104856103
"FT1629",0.31779793119233
"FT1630",3.53470070265769
"FT1631",-0.176681139079298
"FT1632",0.580675817804429
"FT1633",0.503836291404421
"FT1634",3.53470070265769
"FT1635",0.126760456124177
"FT1636",-0.495926229720414
"FT1637",-0.0960914938107982
"FT1638",-0.687225308034253
"FT1639",-0.0223939689100165
"FT1640",-0.0738010262557046
"FT1641",-0.23337612083117
"FT1642",0.0774224452212945
"FT1643",-0.0706954466510474
"FT1644",0.0897186696066558
"FT1645",0.0121019919916223
"FT1646",0.108794993150244
"FT1647",0.0671872984266783
"FT1648",-0.0782958039482465
"FT1649",0.0308377920299442
"FT1650",-0.0255730858023312
"FT1651",0.0527977487305472
"FT1652",0.142075198066476
"FT1653",0.0672985597541925
"FT1654",3.53470070265769
"FT1655",3.53470070265769
"FT1656",-0.419896692596761
"FT1657",-0.485911528196602
"FT1658",-0.359301446650979
"FT1659",-0.102705465750175
"FT1660",0.0627548509854459
"FT1661",-0.176136305000967
"FT1662",-0.0854937732517245
"FT1663",-0.0169784700031022
"FT1664",3.53470070265769
"FT1665",3.53470070265769
"FT1666",3.53470070265769
"FT1667",3.53470070265769
"FT1668",-4.36715947560173
"FT1669",3.53470070265769
"FT1670",3.53470070265769
"FT1671",3.53470070265769
"FT1672",3.53470070265769
"FT1673",-4.36715947560173
"FT1674",3.53470070265769
"FT1675",3.53470070265769
"FT1676",-4.36715947560173
"FT1677",0.921968768760465
"FT1678",-4.36715947560173
"FT1679",-4.36715947560173
"FT1680",3.53470070265769
"FT1681",-4.36715947560173
"FT1682",3.53470070265769
"FT1683",3.53470070265769
"FT1684",-4.36715947560173
"FT1685",-4.36715947560173
"FT1686",-4.36715947560173
"FT1687",-4.36715947560173
"FT1688",-4.36715947560173
"FT1689",-4.36715947560173
"FT1690",3.53470070265769
"FT1691",3.53470070265769
"FT1692",-4.36715947560173
"FT1693",-4.36715947560173
"FT1694",-4.36715947560173
"FT1695",-4.36715947560173
"FT1696",-4.36715947560173
"FT1697",3.53470070265769
"FT1698",3.53470070265769
"FT1699",-4.36715947560173
"FT1700",-1.1780449156721
"FT1701",3.53470070265769
"FT1702",3.53470070265769
"FT1703",3.53470070265769
"FT1704",3.53470070265769
"FT1705",3.53470070265769
"FT1706",3.53470070265769
"FT1707",3.53470070265769
"FT1708",3.53470070265769
"FT1709",3.53470070265769
"FT1710",-4.36715947560173
"FT1711",3.53470070265769
"FT1712",-4.36715947560173
"FT1713",3.53470070265769
"FT1714",-4.36715947560173
"FT1715",-4.36715947560173
"FT1716",-4.36715947560173
"FT1717",-4.36715947560173
"FT1718",3.53470070265769
"FT1719",3.53470070265769
"FT1720",3.53470070265769
"FT1721",3.53470070265769
"FT1722",3.53470070265769
"FT1723",-4.36715947560173
"FT1724",3.53470070265769
"FT1725",3.53470070265769
"FT1726",3.53470070265769
"FT1727",3.53470070265769
"FT1728",3.53470070265769
"FT1729",3.53470070265769
"FT1730",-4.36715947560173
"FT1731",-4.36715947560173
"FT1732",-4.36715947560173
"FT1733",-4.36715947560173
"FT1734",3.53470070265769
"FT1735",-4.36715947560173
"FT1736",3.53470070265769
"FT1737",3.53470070265769
"FT1738",3.53470070265769
"FT1739",3.53470070265769
"FT1740",3.53470070265769
"FT1741",3.53470070265769
"FT1742",3.53470070265769
"FT1743",3.53470070265769
"FT1744",3.53470070265769
"FT1745",3.53470070265769
"FT1746",3.53470070265769
"FT1747",-4.36715947560173
"FT1748",3.53470070265769
"FT1749",3.53470070265769
"FT1750",3.53470070265769
"FT1751",3.53470070265769
"FT1752",3.53470070265769
"FT1753",3.53470070265769
"FT1754",3.53470070265769
"FT1755",-4.36715947560173
"FT1756",3.53470070265769
"FT1757",3.53470070265769
"FT1758",-4.36715947560173
"FT1759",3.53470070265769
"FT1760",3.53470070265769
"FT1761",3.53470070265769
"FT1762",3.53470070265769
"FT1763",3.53470070265769
"FT1764",3.53470070265769
"FT1765",3.53470070265769
"FT1766",-4.36715947560173
"FT1767",3.53470070265769
"FT1768",3.53470070265769
"FT1769",3.53470070265769
"FT1770",-4.36715947560173
"FT1771",-4.36715947560173
"FT1772",3.53470070265769
"FT1773",3.53470070265769
"FT1774",-4.36715947560173
"FT1775",3.53470070265769
"FT1776",-4.36715947560173
"FT1777",-4.36715947560173
"FT1778",-4.36715947560173
"FT1779",3.53470070265769
"FT1780",-4.36715947560173
"FT1781",3.53470070265769
"FT1782",3.53470070265769
"FT1783",3.53470070265769
"FT1784",3.53470070265769
"FT1785",3.53470070265769
"FT1786",3.53470070265769
"FT1787",3.53470070265769
"FT1788",3.53470070265769
"FT1789",3.53470070265769
"FT1790",3.53470070265769
"FT1791",3.53470070265769
"FT1792",3.53470070265769
"FT1793",-4.36715947560173
"FT1794",3.53470070265769
"FT1795",3.53470070265769
"FT1796",3.53470070265769
"FT1797",3.53470070265769
"FT1798",3.53470070265769
"FT1799",-4.36715947560173
"FT1800",3.53470070265769
"FT1801",3.53470070265769
"FT1802",3.53470070265769
"FT1803",3.53470070265769
"FT1804",3.53470070265769
"FT1805",3.53470070265769
"FT1806",3.53470070265769
"FT1807",-4.36715947560173
"FT1808",3.53470070265769
"FT1809",3.53470070265769
"FT1810",-4.36715947560173
"FT1811",3.53470070265769
"FT1812",3.53470070265769
"FT1813",3.53470070265769
"FT1814",3.53470070265769
"FT1815",3.53470070265769
"FT1816",3.53470070265769
"FT1817",3.53470070265769
"FT1818",3.53470070265769
"FT1819",3.53470070265769
"FT1820",3.53470070265769
"FT1821",3.53470070265769
"FT1822",3.53470070265769
"FT1823",-4.36715947560173
"FT1824",3.53470070265769
"FT1825",3.53470070265769
"FT1826",-4.36715947560173
"FT1827",3.53470070265769
"FT1828",3.53470070265769
"FT1829",3.53470070265769
"FT1830",3.53470070265769
"FT1831",3.53470070265769
"FT1832",3.53470070265769
"FT1833",3.53470070265769
"FT1834",-4.36715947560173
"FT1835",3.53470070265769
"FT1836",3.53470070265769
"FT1837",3.53470070265769
"FT1838",3.53470070265769
"FT1839",3.53470070265769
"FT1840",3.53470070265769
"FT1841",3.53470070265769
"FT1842",3.53470070265769
"FT1843",3.53470070265769
"FT1844",3.53470070265769
"FT1845",3.53470070265769
"FT1846",3.53470070265769
"FT1847",3.53470070265769
"FT1848",3.53470070265769
"FT1849",3.53470070265769
"FT1850",3.53470070265769
"FT1851",-4.36715947560173
"FT1852",3.53470070265769
"FT1853",3.53470070265769
"FT1854",3.53470070265769
"FT1855",3.53470070265769
"FT1856",3.53470070265769
"FT1857",3.53470070265769
"FT1858",3.53470070265769
"FT1859",3.53470070265769
"FT1860",3.53470070265769
"FT1861",3.53470070265769
"FT1862",3.53470070265769
"FT1863",3.53470070265769
"FT1864",3.53470070265769
"FT1865",-4.36715947560173
"FT1866",3.53470070265769
"FT1867",3.53470070265769
"FT1868",3.53470070265769
"FT1869",-4.36715947560173
"FT1870",3.53470070265769
"FT1871",3.53470070265769
"FT1872",3.53470070265769
"FT1873",3.53470070265769
"FT1874",3.53470070265769
"FT1875",3.53470070265769
"FT1876",3.53470070265769
"FT1877",3.53470070265769
"FT1878",3.53470070265769
"FT1879",3.53470070265769
"FT1880",3.53470070265769
"FT1881",3.53470070265769
"FT1882",3.53470070265769
"FT1883",3.53470070265769
"FT1884",-4.36715947560173
"FT1885",3.53470070265769
"FT1886",3.53470070265769
"FT1887",3.53470070265769
"FT1888",3.53470070265769
"FT1889",3.53470070265769
"FT1890",3.53470070265769
"FT1891",-4.36715947560173
"FT1892",3.53470070265769
"FT1893",3.53470070265769
"FT1894",3.53470070265769
"FT1895",3.53470070265769
"FT1896",3.53470070265769
"FT1897",3.53470070265769
"FT1898",3.53470070265769
"FT1899",3.53470070265769
"FT1900",3.53470070265769
"FT1901",3.53470070265769
"FT1902",3.53470070265769
"FT1903",3.53470070265769
"FT1904",3.53470070265769
"FT1905",3.53470070265769
"FT1906",3.53470070265769
"FT1907",3.53470070265769
"FT1908",3.53470070265769
"FT1909",3.53470070265769
"FT1910",3.53470070265769
"FT1911",3.53470070265769
"FT1912",3.53470070265769
"FT1913",3.53470070265769
"FT1914",3.53470070265769
"FT1915",3.53470070265769
"FT1916",3.53470070265769
"FT1917",3.53470070265769
"FT1918",3.53470070265769
"FT1919",3.53470070265769
"FT1920",3.53470070265769
"FT1921",3.53470070265769
"FT1922",3.53470070265769
"FT1923",-4.36715947560173
"FT1924",3.53470070265769
"FT1925",3.53470070265769
"FT1926",3.53470070265769
"FT1927",3.53470070265769
"FT1928",3.53470070265769
"FT1929",3.53470070265769
"FT1930",3.53470070265769
"FT1931",3.53470070265769
"FT1932",3.53470070265769
"FT1933",3.53470070265769
"FT1934",3.53470070265769
"FT1935",3.53470070265769
"FT1936",3.53470070265769
"FT1937",3.53470070265769
"FT1938",3.53470070265769
"FT1939",3.53470070265769
"FT1940",3.53470070265769
"FT1941",3.53470070265769
"FT1942",3.53470070265769
"FT1943",3.53470070265769
"FT1944",3.53470070265769
"FT1945",3.53470070265769
"FT1946",3.53470070265769
"FT1947",3.53470070265769
"FT1948",3.53470070265769
"FT1949",3.53470070265769
"FT1950",3.53470070265769
"FT1951",3.53470070265769
"FT1952",3.53470070265769
"FT1953",3.53470070265769
"FT1954",3.53470070265769
"FT1955",3.53470070265769
"FT1956",3.53470070265769
"FT1957",3.53470070265769
"FT1958",3.53470070265769
"FT1959",3.53470070265769
"FT1960",3.53470070265769
"FT1961",3.53470070265769
"FT1962",3.53470070265769
"FT1963",3.53470070265769
"FT1964",3.53470070265769
"FT1965",3.53470070265769
"FT1966",3.53470070265769
"FT1967",3.53470070265769
"FT1968",3.53470070265769
"FT1969",3.53470070265769
"FT1970",3.53470070265769
"FT1971",3.53470070265769
"FT1972",3.53470070265769
"FT1973",3.53470070265769
"FT1974",3.53470070265769
"FT1975",3.53470070265769
"FT1976",3.53470070265769
"FT1977",3.53470070265769
"FT1978",3.53470070265769
"FT1979",3.53470070265769
"FT1980",3.53470070265769
"FT1981",3.53470070265769
"FT1982",3.53470070265769
"FT1983",3.53470070265769
"FT1984",3.53470070265769
"FT1985",3.53470070265769
"FT1986",3.53470070265769
"FT1987",-4.36715947560173
"FT1988",3.53470070265769
"FT1989",3.53470070265769
"FT1990",3.53470070265769
"FT1991",3.53470070265769
"FT1992",3.53470070265769
"FT1993",3.53470070265769
"FT1994",3.53470070265769
"FT1995",3.53470070265769
"FT1996",3.53470070265769
"FT1997",3.53470070265769
"FT1998",3.53470070265769
"FT1999",3.53470070265769
"FT2000",3.53470070265769
"FT2001",3.53470070265769
"FT2002",3.53470070265769
"FT2003",3.53470070265769
"FT2004",3.53470070265769
"FT2005",3.53470070265769
"FT2006",3.53470070265769
"FT2007",3.53470070265769
"FT2008",3.53470070265769
"FT2009",3.53470070265769
"FT2010",3.53470070265769
"FT2011",3.53470070265769
"FT2012",3.53470070265769
"FT2013",3.53470070265769
"FT2014",3.53470070265769
"FT2015",3.53470070265769
"FT2016",3.53470070265769
"FT2017",3.53470070265769
"FT2018",3.53470070265769
"FT2019",3.53470070265769
"FT2020",3.53470070265769
"FT2021",3.53470070265769
"FT2022",3.53470070265769
"FT2023",3.53470070265769
"FT2024",3.53470070265769
"FT2025",3.53470070265769
"FT2026",3.53470070265769
"FT2027",3.53470070265769
"FT2028",3.53470070265769
"FT2029",3.53470070265769
"FT2030",3.53470070265769
"FT2031",3.53470070265769
"FT2032",3.53470070265769
"FT2033",3.53470070265769
"FT2034",3.53470070265769
"FT2035",3.53470070265769
"FT2036",3.53470070265769
"FT2037",3.53470070265769
"FT2038",3.53470070265769
"FT2039",3.53470070265769
"FT2040",3.53470070265769
