"feat_id","mean_mz","sd_mz","range_mz","mean_rt","sd_rt","range_rt","mean_pw","sd_pw","log_mean_height","log_sd_height","sn","f","scale","scpos","lmin","lmax","n_found","samps_found","stans_found","blank_found","feat_class"
"FT001",62.9824552400717,2.26052023341184e-05,0.000113734335769777,1267.89855957031,11.0380957195532,47.103759765625,52.2852237599927,23.3351539536526,7.62996524615002,7.2553282055326,5202.08108108108,20.2432432432432,13.6486486486486,1395.89189189189,445.594594594595,498.540540540541,35,1,0.5,TRUE,"Bad"
"FT002",62.9824627961011,2.00919314075876e-05,0.000105980024976304,1210.35662480469,17.170133608186,74.79296875,81.2611876930414,20.7955662597142,7.43964794269603,7.19520446458076,3360.09375,19.625,21.9375,1329.3125,375.3125,464.53125,30,1,0.1,TRUE,"Bad"
"FT003",62.9824726437434,2.2854126637412e-05,8.48153572121646e-05,14.7693614959717,3.52840083280289,10.4762630462646,54.2307571056412,23.622344142054,7.08127347630851,7.0578321247622,4514717.6,8.86666666666667,14.4666666666667,15.7333333333333,5.26666666666667,74,15,0.416666666666667,0.2,FALSE,"Bad"
"FT004",62.9824763849753,2.134379827289e-05,9.26659528772689e-05,408.3671875,12.5642708460756,58.6083984375,49.3112131754557,11.9882160603097,5.82633420297663,6.07130276562725,53974.5714285714,8.80952380952381,17.5714285714286,443.285714285714,423.142857142857,473.809523809524,14,0.416666666666667,0.1,FALSE,"Bad"
"FT005",62.9824742159889,2.26803272496898e-05,7.74986031260028e-05,340.335479736328,8.97011484366354,52.0165710449219,42.165585604581,11.5706098052188,5.71641253612484,5.94265231671497,182144.944444444,9.16666666666667,16.3333333333333,373.277777777778,352.166666666667,399.777777777778,15,0.416666666666667,0.2,FALSE,"Bad"
"FT006",62.9824668701182,2.21124587126721e-05,0.000101962490475671,160.097869873047,11.4851957799636,43.9461975097656,30.790174119016,5.61752048758235,5.8918329964934,5.99656476978513,399254.85,9.05,12,183.75,165.95,202.7,14,0.416666666666667,0.1,FALSE,"Bad"
"FT007",62.9824727206615,2.13887413406541e-05,0.000102440582480767,227.364837646484,7.74776126319007,33.2010345458984,35.7153712681362,8.20751235640136,5.88737514596111,6.0722133615303,188129.133333333,8.93333333333333,14.3333333333333,246.933333333333,227.666666666667,268.666666666667,14,0.416666666666667,0.2,FALSE,"Bad"
"FT008",62.9824772675379,2.3932521999904e-05,9.13613476427599e-05,1138.84057617188,12.4245138215509,57.8209228515625,43.6424612491689,11.7505022970404,5.36249594858155,5.11019145803587,27.2857142857143,23.2857142857143,11.4761904761905,1277.09523809524,307.619047619048,355.142857142857,15,0.333333333333333,0.4,FALSE,"Bad"
"FT009",62.9824698150081,2.07194230031725e-05,8.29136171560663e-05,464.178527832031,6.91921289509313,28.0930480957031,36.8849896686833,6.11151541225118,5.28785004779926,5.66683910079937,141803.384615385,8.76923076923077,11.7692307692308,504.923076923077,489.615384615385,529.153846153846,13,0.416666666666667,0,FALSE,"Bad"
"FT010",62.9824672143982,2.32150863032108e-05,0.000101193246656806,259.176544189453,7.74820650348753,35.9311370849609,35.6355340140206,8.09880817976348,5.73542606166052,5.89729924627192,201905.076923077,9.23076923076923,14.0769230769231,284.153846153846,266.230769230769,306.153846153846,12,0.333333333333333,0.1,FALSE,"Bad"
"FT011",62.9824843937078,2.07816646267391e-05,8.49837080423299e-05,896.821990966797,17.1455674256732,76.461669921875,47.14949315908,17.8212527275522,5.78853911931278,6.07063203248842,38.9545454545455,18.8181818181818,22.3636363636364,984.681818181818,178.590909090909,236.045454545455,14,0.458333333333333,0,FALSE,"Bad"
"FT012",62.9824604057737,2.37126099314179e-05,9.70225289478321e-05,107.465236663818,11.6528289084824,65.2470359802246,33.1948698176894,7.13962861197215,6.12659441105517,6.31348016675262,76865.7142857143,8.78571428571429,13,112.285714285714,96.8571428571429,136.642857142857,12,0.291666666666667,0.2,FALSE,"Bad"
"FT013",62.9824765813503,2.20218123440242e-05,9.6584661342547e-05,839.648803710938,10.8678975930179,39.9089965820312,40.1804809570312,8.59867447439639,5.76030742818806,6.05843855237688,132.818181818182,20.9090909090909,21,916.727272727273,128.636363636364,174.272727272727,8,0.291666666666667,0,FALSE,"Bad"
"FT014",62.9824727052804,2.17850095822863e-05,8.73268704637553e-05,297.461959838867,7.4676679348426,27.0519409179688,27.2687980837938,0.605258197302047,5.82041067760899,6.17484459135005,978.666666666667,9.33333333333333,12.6666666666667,329.833333333333,313.666666666667,344.5,6,0.125,0.1,FALSE,"Bad"
"FT015",62.9824925318667,2.37926411096676e-05,8.61886584004878e-05,962.577697753906,10.70908695027,34.0535888671875,36.8683878580729,7.67721590655555,5.12369769119193,5.35783348205149,8,22.5,18.75,1062,264.125,310,7,0.208333333333333,0,FALSE,"Bad"
"FT016",62.9824804026701,2.3063506919732e-05,9.15426964596122e-05,1050.3076171875,13.1698094552732,61.9204711914062,30.4213300432478,7.58272623099939,5.36006271415353,5.71018974481692,41,19.8461538461538,16.2307692307692,1154.46153846154,310.769230769231,350.538461538462,12,0.375,0,FALSE,"Bad"
"FT017",62.9824713326319,2.44634056273486e-05,9.73608539780457e-05,997.443420410156,12.1767788640165,38.9303588867188,40.1450135766006,3.71690581284862,5.04970598448859,5.35619400368597,59,15.75,15.5,1082.25,293.5,337.25,4,0.166666666666667,0,FALSE,"Bad"
"FT018",64.016500460537,2.19973339844961e-05,0.000112817215736527,1208.68530273438,16.9087163243226,66.771484375,56.2963363879654,15.1419917690245,6.745712411264,6.58055009806043,144.758620689655,20.2758620689655,14.2413793103448,1324.65517241379,1177.10344827586,1234.8275862069,23,0.875,0,FALSE,"Bad"
"FT019",64.0164976767792,2.22053267570888e-05,0.000119150716130889,1271.25170898438,7.82996825449891,33.6697998046875,34.6909596865699,12.4659106705239,7.14298230176727,6.96650404118789,467.56,19.52,14.36,1395.92,1243.96,1286.08,24,0.875,0,FALSE,"Bad"
"FT020",64.0165141403287,2.36119774041147e-05,8.86614403583508e-05,32.6872711181641,10.0890494102977,46.3978672027588,30.7004156793867,5.97781668691908,5.87145876658463,5.9553233616865,2.125,17,11.25,38.75,20,59.875,7,0.208333333333333,0,FALSE,"Bad"
"FT021",64.0165351516282,2.15364514279971e-05,9.10254199055771e-05,588.268035888672,6.62037821980141,25.0037231445312,26.2164165217702,1.40716426712965,5.26177379711803,5.37065526458242,3.5,18.25,13.5,640.5,417.5,448.5,4,0.166666666666667,0,FALSE,"Bad"
"FT022",64.0164916007299,2.20908483355819e-05,0.000102653801363317,787.511962890625,14.5114330927945,53.0446166992188,40.292724609375,3.47450978235452,5.33320241026225,5.49534597331705,1.5,20.75,17,865.5,758.5,802.5,3,0.125,0,FALSE,"Bad"
"FT023",74.0970857453847,2.68993835553033e-05,0.000102304330852121,540.72265625,7.27549619594259,35.9735107421875,38.3963578945789,5.76304381921652,7.06091932128921,6.95022968965465,79,27.8888888888889,13,590.333333333333,570.222222222222,612.222222222222,18,0.625,0,FALSE,"Good"
"FT024",74.0971038558249,2.68144992377802e-05,0.000107157229763288,13.2028523840576,5.83593450676665,33.2773604393005,41.488679164482,13.1040492632906,7.3933740862015,7.5666718928909,87.9444444444444,27.8888888888889,15.1111111111111,14.8333333333333,1.27777777777778,49.1666666666667,18,0.625,0,FALSE,"Bad"
"FT025",74.0971254676769,2.65746353362742e-05,0.000108025466190043,582.910400390625,7.63567165564736,25.6715698242188,38.7538273508956,3.20933306603153,6.08721376204344,5.83905710987335,3.2,33.8,11,634.4,611.4,656.2,5,0.166666666666667,0,FALSE,"Bad"
"FT026",76.0763270985797,2.66975818068754e-05,0.000119978509019347,313.277038574219,9.66306745811351,61.4942626953125,115.999373026867,8.77754625757935,7.62760660999529,7.76417485312238,3728.63636363636,4.87878787878788,11.0606060606061,346.030303030303,129,257.090909090909,33,0.958333333333333,0.4,FALSE,"Good"
"FT027",76.0763590066157,2.9797445984301e-05,0.000116074731565163,447.684936523438,15.7579254468364,82.3697204589844,31.8943498634059,5.4579903561815,5.61617373073403,5.88296210982083,30.8260869565217,7.21739130434783,13.0869565217391,495.782608695652,309.739130434783,345.869565217391,17,0.416666666666667,0.1,FALSE,"Bad"
"FT028",87.0445798630695,2.67800940294959e-05,0.000117234093437446,143.037620544434,10.511371961076,33.1782379150391,40.5341415405273,2.67366493848653,5.96514557475298,6.53978632315544,31,35,11,159.5,142,193,2,0,0.2,FALSE,"Bad"
"FT029",87.0446011525675,2.74062865511593e-05,0.000115053152981659,102.79415512085,9.77003136582723,35.4811859130859,45.6796073913574,1.03026535222003,5.43583856707882,5.79952753908049,4.5,35,13,111,88.5,142,2,0,0.2,FALSE,"Bad"
"FT030",87.0446120972108,3.22145019349845e-05,0.000122904538272905,7.15038871765137,1.41615447519699,6.38015711307526,27.775447756052,1.03400657618446,5.93214037983386,5.08095186579421,1,35,21,7.5,1,29,2,0,0.2,FALSE,"Bad"
"FT031",87.0445935260344,2.56710112620816e-05,0.000108907176681328,470.532958984375,12.4633989433962,35.0228271484375,38.1912231445312,0.931194568510807,5.07683574200198,5.39944946895275,1.5,35,13,559,541,580.5,2,0,0.2,FALSE,"Bad"
"FT032",87.044569680443,2.60763171386525e-05,8.61730185874876e-05,540.270935058594,10.6631060820776,50.1571044921875,55.0894303094773,4.35060237825028,5.4442322135972,5.72551735343991,2.33333333333333,38,11,625,604.333333333333,649.333333333333,2,0,0.2,FALSE,"Bad"
"FT033",87.044601321059,2.33304226935647e-05,8.70845817928512e-05,404.263061523438,17.3411284947961,56.4548645019531,66.7867126464844,1.69516853830142,5.53846940598207,6.00004033293835,5.5,35,11,486,451,522.5,2,0,0.2,FALSE,"Bad"
"FT034",90.0918208379216,3.48605157683869e-05,0.000124386690444567,296.613586425781,15.4596814678446,61.25634765625,79.9149687232041,2.14861240611844,6.87142585147437,7.17445591250863,1869.83333333333,24.6666666666667,11,359.5,327,427.166666666667,6,0,0.6,FALSE,"Bad"
"FT035",90.0918524072421,3.03236903299287e-05,0.000115047108749877,541.525512695312,6.8772758844068,32.3499755859375,34.21760224133,2.39751733916416,5.11025830629948,4.56064698503515,3.2,26,11.4,636.4,615.2,654,5,0,0.5,FALSE,"Bad"
"FT036",90.0918811861945,3.02539881147695e-05,0.000113234177447907,19.2925181388855,6.65203316343539,26.5967917442322,39.4398098747905,3.73524831164128,5.32433368227669,5.37786844315761,14,18.5,18.5,21.25,5.5,45.25,4,0,0.4,FALSE,"Bad"
"FT037",98.0717142246089,3.19000188395617e-05,0.000163444194782869,132.871780395508,7.59683427600081,37.8006820678711,40.9433248610724,5.82403095689737,5.44006916845738,5.43481659681324,15,22,19.5714285714286,148.857142857143,126.285714285714,175.857142857143,6,0,0.5,FALSE,"Bad"
"FT038",98.0717287821598,3.67885894275014e-05,0.000186640477380706,1290.72119140625,6.95292299653952,23.0960693359375,21.9881829982851,6.78118103252773,7.29814435705081,6.88943294485548,1062.57142857143,23,11,1417.85714285714,1404.14285714286,1420,7,0,0.5,FALSE,"Bad"
"FT039",104.070961810579,3.72710996095513e-05,0.00013785863593796,412.336212158203,10.2015024932664,42.7189331054688,76.6358367175591,1.77695626039291,6.71183266648102,7.09680448566455,129.75,24.75,11,497,457,545,4,0,0.4,FALSE,"Bad"
"FT040",104.071001186439,3.79466249535097e-05,0.000180638850167725,134.582412719727,5.02969569244567,22.1342544555664,62.761480005776,6.00895368568084,5.89245849986746,5.37698860375514,1.75,24.75,33,148.75,113.5,184.25,4,0,0.4,FALSE,"Bad"
"FT041",104.070987329812,3.69447994159398e-05,0.000126889961762799,616.643951416016,8.11067831694854,46.808349609375,57.8661268280774,1.3161924104095,6.32508247917332,6.53978552394446,36.25,24.75,11,720,692.75,760.75,4,0,0.4,FALSE,"Bad"
"FT042",104.070980287072,3.68618106384001e-05,0.000159768151945627,56.6257934570312,19.1781614703637,89.1369285583496,91.4711177756147,0.603886788024988,5.75921801685422,5.31216973005587,1,27.6666666666667,41,58.6666666666667,5,103.333333333333,3,0,0.3,FALSE,"Bad"
"FT043",104.07102822635,3.56210020552606e-05,0.000133623599680277,550.628845214844,13.3699385784369,45.95849609375,46.5137329101562,0.00357574346987881,5.59769750429313,5.48542092180911,1,30.5,14,651,622,672.5,2,0,0.2,FALSE,"Bad"
"FT044",104.070977393868,3.82956063378151e-05,0.0001619740075256,476.860855102539,5.0771639783959,19.0560302734375,42.7762756347656,0.29824020677682,5.94975868502614,5.43782852324747,4,30.5,11,570.5,552.5,600.5,2,0,0.2,FALSE,"Bad"
"FT045",104.107382318923,3.8004401008012e-05,0.000164586227938912,814.117919921875,9.97410655229547,48.4032592773438,31.532470703125,1.60903006447004,4.53207142712475,4.77801990032075,6.33333333333333,21.3333333333333,12.3333333333333,959.666666666667,438.333333333333,470.333333333333,8,0.0833333333333334,0.4,FALSE,"Bad"
"FT046",104.107379583862,3.48136690010465e-05,0.000158287811274249,553.553863525391,12.1059421431299,57.3877522265625,31.7879887145182,7.46516274149245,7.28953976875369,7.15895243693405,3391.1,19.5333333333333,11.4666666666667,627.866666666667,136.166666666667,172.2,23,0.583333333333333,0.6,FALSE,"Good"
"FT047",104.10742768843,4.05171213681783e-05,0.000137517721370273,683.927551269531,10.9826197382712,39.7967529296875,43.4909102277058,6.75397383627368,6.13614035297088,6.68484504034199,36.3636363636364,18.7272727272727,14.8181818181818,757.272727272727,267.454545454545,313.727272727273,11,0.333333333333333,0.2,FALSE,"Stans only"
"FT048",104.107399010126,3.97776210647919e-05,0.000165804599049579,639.645202636719,14.0733897684992,43.1137084960938,46.9935600466845,13.6874269201021,6.56330052425007,7.11113002657545,902.454545454545,21.1818181818182,11.3636363636364,726,207.090909090909,272.272727272727,11,0.166666666666667,0.7,FALSE,"Stans only"
"FT049",104.107402385103,2.669606917328e-05,0.000100700358615313,743.781616210938,10.3067373557007,34.8576049804688,34.6978789538872,5.88636258689345,4.61631337003331,4.80795977059738,9,20,13.2857142857143,845.142857142857,343.285714285714,378.857142857143,7,0.125,0.3,FALSE,"Bad"
"FT050",112.05081621124,4.13392716226581e-05,0.000165487668269293,325.052841186523,5.85441428092318,38.3531494140625,68.5490447253716,1.72419190203065,6.88672288260375,7.26704663893947,4471.25,17,11,398,343.5,428.5,4,0,0.4,FALSE,"Stans only"
"FT051",112.05085072496,3.60861666364111e-05,0.000141502970549823,390.428649902344,4.33183856160522,33.9497375488281,80.5277508991521,2.17233661067632,6.25943879129186,6.64649227737246,1058,17,11,475,428.5,516,4,0,0.4,FALSE,"Bad"
"FT052",112.050858291296,3.09262544125057e-05,0.00012198547270259,10.0866212844849,4.46664425184672,26.0396313667297,28.5028462409973,1.03796589449571,5.85722521029658,5.80623349686173,53,18,15,10,4.66666666666667,34.6666666666667,3,0,0.3,FALSE,"Bad"
"FT053",112.050824003939,2.87496038378388e-05,0.000123766259449098,148.593757629395,7.3452252080577,28.2491149902344,35.3287963867188,0.530769303356697,4.91992087526156,4.40354930891614,4.5,20,11,162,140,185,2,0,0.2,FALSE,"Bad"
"FT054",116.070953564849,4.11959901024476e-05,0.000158176468787019,646.989288330078,10.1248133137912,34.623568125,36.7920939127604,10.4921053049101,4.96418965741982,4.32923727888415,3,22.5,19.3333333333333,738.833333333333,575.166666666667,626,5,0.0416666666666666,0.4,FALSE,"Bad"
"FT055",116.070838457183,4.535162649523e-05,0.000216093899211955,450.282409667969,2.68432852734669,12.7837829589844,82.0127310403963,3.45701724018544,6.76566005484565,6.88613183244998,1110.6,23.6,11,530.2,383.2,470.4,5,0.0416666666666666,0.4,FALSE,"Good"
"FT056",116.070930342792,4.30520852617513e-05,0.000156996585204183,869.215759277344,10.2289685691771,43.9818115234375,47.8331254168255,3.72636888337414,5.12072266533651,4.89461643167791,11,23.6,12.2,993.2,855,908.2,5,0.0416666666666666,0.4,FALSE,"Bad"
"FT057",116.07092125355,3.38341380797841e-05,0.000152398383590935,1279.12841796875,8.67559509705975,30.2113037109375,31.9216725419207,6.53537487738339,5.13905295159291,4.73097569935172,6.33333333333333,23.6666666666667,11.6666666666667,1414,1298,1322,3,0,0.3,FALSE,"Bad"
"FT058",116.070903927881,3.60957254244671e-05,0.000137691499531911,547.923858642578,8.58738941453931,26.5418090820312,31.6381225585938,0.495458836591643,4.88706865802851,4.52607402312469,4,30.5,12,648,475,509.5,2,0,0.2,FALSE,"Bad"
"FT059",117.048621525682,4.76856550408278e-05,0.000174938378250999,326.236145019531,2.26549613878804,11.7574157714844,82.795928151984,2.7247347458683,6.94654991469998,6.44757684148368,3586.16666666667,1.75,11,359.916666666667,129,222,15,0.375,0.4,TRUE,"Good"
"FT060",118.086448589435,4.75768532794741e-05,0.000176991660637782,346.63117980957,9.25953099641335,53.25439453125,103.536710866425,5.37919074107838,8.28467955683901,8.12225292305076,428.657894736842,25.4736842105263,11.6315789473684,386.763157894737,337.868421052632,453.342105263158,38,1,0.8,FALSE,"Good"
"FT061",118.08653811023,4.81771593571309e-05,0.000219348538550435,444.629608154297,29.7269640918055,123.271728515625,44.5762908312739,10.9292718212043,6.72835565321925,6.70519799917932,19.2692307692308,23.3846153846154,13.1538461538462,516.961538461538,496.576923076923,541,18,0.375,0.8,FALSE,"Bad"
"FT062",118.086542776667,3.99922180092738e-05,0.000164331261387929,613.230529785156,16.515187881101,61.4129638671875,80.3815038477515,11.7613306151766,6.20403529773401,5.95279643209865,2.46153846153846,25.7692307692308,29,663.846153846154,612.846153846154,698.384615384615,13,0.458333333333333,0,FALSE,"Bad"
"FT063",118.086547993312,3.52523713025059e-05,0.00017317330377864,1247.64807128906,17.479633924638,79.00537109375,83.5013517054116,11.6883223630751,6.02635982424886,5.45268020185503,0.2,25.6,21,1388.4,1358.8,1417.2,5,0,0.4,FALSE,"Bad"
"FT064",119.089829573967,4.24855685308196e-05,0.000172052810754053,346.697021484375,10.0702289438015,54.033447265625,102.266882175353,3.79541509676694,7.03460144717125,6.88087118347548,1232.33333333333,11.2777777777778,11.3333333333333,381,271.5,384.611111111111,18,0.541666666666667,0.2,FALSE,"Good"
"FT065",119.089806574338,4.42052296195038e-05,0.000194603160807105,482.716049194336,20.2133219482553,86.4725341796875,44.8617344609013,10.0852894473369,5.19132709289666,5.23940668758303,12.8333333333333,11.3666666666667,16.8,538.1,459.466666666667,503.533333333333,17,0.5,0.2,FALSE,"Bad"
"FT066",119.089725100127,5.05089957564482e-05,0.00020192425286325,131.070556640625,9.18894067124005,42.9537506103516,45.6764154201601,7.86368684398021,4.71869532315549,3.99336794114329,3.09090909090909,10.7272727272727,21.3636363636364,143.727272727273,119,168.363636363636,11,0.333333333333333,0,FALSE,"Bad"
"FT067",119.089816619024,3.77648598684481e-05,0.000140488945518769,426.900924682617,8.08276630550961,32.5484008789062,33.7745502751048,3.15017974498699,5.31129994920286,5.33239694746943,22.8,11,11.4,474,360.3,397.3,10,0.25,0.2,FALSE,"Bad"
"FT068",119.089744997839,5.12453792479564e-05,0.000195920139915984,258.579818725586,10.2332249299188,39.6305541992188,37.8442862906107,1.73930636246136,4.67834203237748,3.96236292203265,3.5,11.5,14,277.5,258,295.75,4,0.125,0,FALSE,"Bad"
"FT069",119.089802651999,5.94832244332047e-05,0.000303511984554916,23.1077270507812,7.92413975467795,27.6957578659058,28.2786293262389,2.52901441998127,4.75151402885136,4.63491952056581,6,11,13.5714285714286,23.8571428571429,8.71428571428571,40.2857142857143,7,0.208333333333333,0,FALSE,"Bad"
"FT070",121.032007353857,4.62606343495101e-05,0.000210592025496226,416.173278808594,1.47226693285691,6.9840087890625,80.9992301940918,4.16638795036327,7.2954474801643,7.28376584833463,6789007.22727273,7.40909090909091,11,470.272727272727,129,218.045454545455,23,0.416666666666667,1,FALSE,"Good"
"FT071",121.064992350987,3.7878450572293e-05,0.000137795996934642,188.181274414062,22.5073688264164,74.1573028564453,79.1806409882336,1.87724996614509,6.10959159700101,6.56528682879374,408,15.5,11.5,214.25,168.75,279.5,4,0,0.4,FALSE,"Stans only"
"FT072",121.064999413469,3.70774944159395e-05,0.000158788359144069,129.895118713379,4.44962811540365,19.5078125,30.0504338334246,1.47660942107167,5.06394503289866,4.37322148272301,2.5,15.5,13,137.25,120.25,160,4,0,0.4,FALSE,"Bad"
"FT073",121.06501755263,4.51616482249649e-05,0.000187800689104733,6.85507583618164,1.50752179302134,5.87084627151489,20.7202796972379,1.17399918076012,5.46051395957022,4.6691863175805,3.66666666666667,18,16.3333333333333,6.33333333333333,1,23.3333333333333,3,0,0.3,FALSE,"Bad"
"FT074",121.065042133784,3.74316540993188e-05,0.00014059417183887,389.98405456543,11.3558209434551,35.2706604003906,38.7672271728516,1.66870871901811,4.99667896125079,4.41106195748302,4,17,13,476,456,498,2,0,0.2,FALSE,"Bad"
"FT075",123.040523447702,4.90627971720026e-05,0.000195160975266617,588.29052734375,9.41814442872271,42.2247314453125,52.3649110494474,10.1506053976189,7.52476184561567,7.11403312240564,2,24.2285714285714,13.8571428571429,646.942857142857,610,666.8,35,0.916666666666667,0.6,TRUE,"Bad"
"FT076",123.040530395129,5.0139941463818e-05,0.0002127884020382,731.862609863281,13.5161378006248,55.52001953125,85.5164610084794,12.1083570716945,7.49188510464316,7.11114743283258,1.87878787878788,23.0909090909091,38.2121212121212,811.939393939394,768.909090909091,866.424242424242,33,0.916666666666667,0.4,TRUE,"Bad"
"FT077",123.040532483431,4.78334180461429e-05,0.000178638317407831,1147.74493408203,18.3720274729713,88.8304443359375,109.882184949028,20.0732142171959,7.39121274957175,6.99858637228841,1.03571428571429,22.3571428571429,36.2857142857143,1266.21428571429,1225.35714285714,1345.42857142857,28,0.916666666666667,0,TRUE,"Bad"
"FT078",123.040479756928,5.30368533542443e-05,0.000185718524221556,1226.41467285156,21.2895597534284,77.0025634765625,98.2617440572599,13.5555219075322,7.15371714461935,7.11323850666753,0.6,26.6,25,1381,1351.8,1416.3,10,0,0.9,FALSE,"Bad"
"FT079",123.04046948921,5.0759715335194e-05,0.000202155618509892,472.481567382812,13.9473393153548,62.5996704101562,76.0724665944169,6.0099024211741,7.27679137062088,7.12399415739401,1,34.4,19.4,565.4,534.6,621.2,5,0,0.4,TRUE,"Bad"
"FT080",123.055322968762,6.87073861140055e-05,0.000269479825234953,349.147766113281,13.5521845762761,48.2570495605469,49.0190582275391,5.85738562619861,4.73236350692766,4.67715478399405,4.33333333333333,7,21.6666666666667,425.666666666667,374.666666666667,429.666666666667,8,0.125,0.3,FALSE,"Bad"
"FT081",123.055425563182,5.4300052894147e-05,0.00020184124777245,159.9931640625,7.19427907864721,35.9384765625,56.7964844814567,3.17069282738148,6.61435196635579,7.02862386082438,853.2,9,20.2,173.2,129,213.2,3,0,0.3,FALSE,"Bad"
"FT082",123.055535023758,5.02579560003298e-05,0.000205043117318837,257.663513183594,7.5497365083588,27.4382934570312,29.4510762284442,0.958352192234344,4.74729365267282,4.82796687465494,6,10,11,309.666666666667,275,314.333333333333,3,0,0.3,FALSE,"Bad"
"FT083",124.03947483913,4.68335731711101e-05,0.000205908553041922,209.7724609375,6.80322960510764,22.0550994873047,58.7551805545122,3.67736026106574,6.9280965820119,7.28371344742377,45200558.6,2,13.4,243,129,217.2,7,0,0.6,FALSE,"Bad"
"FT084",124.100251378789,4.90423673053978e-05,0.000168073166321392,346.650543212891,2.00560484575656,8.40475463867188,102.466157188556,9.29610518779577,7.37132977748003,6.84745792557463,2957.21621621622,3.78378378378378,11.1081081081081,386,129,243,41,1,1,TRUE,"Good"
"FT085",124.100294337061,4.94764508832269e-05,0.000233929750990569,437.788360595703,7.1734180458295,30.2694091796875,27.526788150563,1.84957135168313,5.38160658447932,5.68709507053444,16.75,3.25,12,471.5,250.25,281,11,0.125,0.7,FALSE,"Bad"
"FT086",126.066332757515,4.07452866973186e-05,0.000178222968088448,11.9346652030945,5.88805470927155,37.7860822677612,45.1941166272978,2.34321008930572,6.04297013480552,5.73245058118367,8.75,35.75,32,12,4.75,49.75,4,0,0.4,FALSE,"Bad"
"FT087",126.06627613347,4.15474057942464e-05,0.000177360384029157,262.734085083008,20.519038617597,88.3891754150391,92.4952911749119,2.5913091952802,6.92934108847174,7.40700560827263,769.5,35.75,11,316,268.75,394.75,4,0,0.4,FALSE,"Stans only"
"FT088",126.066301866133,3.7837324162627e-05,0.000160010385201304,140.620071411133,13.0229728518555,47.4400329589844,54.0045789392983,5.84172790683508,5.32138244412307,4.98403559874748,1.25,35.75,26.5,152,122.5,186.75,4,0,0.4,FALSE,"Bad"
"FT089",126.066391649695,5.14658222616949e-05,0.000238146456894128,1293.76940917969,6.500527363188,22.8707275390625,26.4586092320884,6.79864502848415,5.52348241810746,5.42227976628017,6,33.3333333333333,11,1422,1405.66666666667,1423.33333333333,3,0,0.3,FALSE,"Bad"
"FT090",127.072750257953,4.34862375503183e-05,0.000187407379030446,320.228637695312,7.23466155362528,41.9674377441406,110.784249282465,3.91784592339509,7.04107037580456,7.48339333472141,5983.25,24.75,11,392.25,129,260.25,4,0,0.4,FALSE,"Stans only"
"FT091",127.072845266565,8.57693649648715e-05,0.000224379919373519,549.164916992188,14.6956905210943,41.0191650390625,45.1294250488281,7.11716951280507,5.11305753878341,5.26279455895204,13.4,23.8,13.8,633.6,389.2,428.2,34,0.875,0.8,FALSE,"Bad"
"FT092",127.072873828382,5.09141375557511e-05,0.000254192576392143,473.951751708984,10.4141357924587,35.3650817871094,39.0041557312012,4.13923377578568,4.52660299269896,4.54654621080609,5.66666666666667,27,16.3333333333333,567.333333333333,322.333333333333,369.666666666667,4,0,0.4,FALSE,"Bad"
"FT093",128.953570255144,5.07246909476209e-05,0.000255887568016533,1266.94897460938,11.2768866109717,46.427001953125,46.3682044964334,22.8786346255521,8.53223170553183,8.13459819792687,32765.0243902439,26.4146341463415,14.3170731707317,1394.65853658537,430.731707317073,476.756097560976,36,1,0.5,TRUE,"Bad"
"FT094",128.953581298371,4.3898677506788e-05,0.000215091715062954,1213.19128417969,19.049660431627,82.809814453125,93.8561483810764,30.0244651613741,8.39176896524456,8.15668634644738,21810.4285714286,25.0285714285714,20.8857142857143,1335.14285714286,340.771428571429,442.228571428571,31,1,0.1,TRUE,"Bad"
"FT095",128.953649360999,4.27982106755457e-05,0.00021884462989874,160.319709777832,14.785695194263,53.6528472900391,34.9542805807931,7.20981928915768,6.60893940532537,6.73780362881932,3017082.73529412,8.02941176470588,12.1764705882353,187.147058823529,169.735294117647,207.617647058824,19,0.458333333333333,0.4,FALSE,"Bad"
"FT096",128.953605544168,5.65373131471569e-05,0.000206672440981492,13.6161694526672,6.35072356191664,37.809814453125,61.3428279871032,28.6187846159702,8.03422630526717,8.01348969822167,78011258.8,7.5,14.3,17.15,6.8,82.1,19,0.458333333333333,0.4,FALSE,"Bad"
"FT097",128.953682742084,4.94691631997117e-05,0.000202326519854523,337.298233032227,16.9658826166804,75.8901672363281,37.7361683395674,12.9157004199702,6.63615971373018,7.13123846039376,1722617.33333333,7.76666666666667,14.5333333333333,365.7,348.2,391,18,0.458333333333333,0.3,FALSE,"Bad"
"FT098",128.953671050392,5.29462385924489e-05,0.000197430349317074,1142.59643554688,12.608583042222,58.619384765625,54.9486185709635,14.394415379557,6.11430081497704,6.50434586607451,62.3913043478261,24.2608695652174,11.3478260869565,1278.60869565217,278.565217391304,339.173913043478,16,0.333333333333333,0.4,TRUE,"Bad"
"FT099",128.953661955333,4.4178126995554e-05,0.000221085812540878,227.364837646484,7.2734295794112,33.0729064941406,31.3030134991902,5.77430398187937,6.48513593061702,6.6978534972211,3017406.88235294,8.11764705882353,12.1764705882353,246.647058823529,231.705882352941,265.352941176471,17,0.458333333333333,0.2,FALSE,"Bad"
"FT100",128.953676736136,4.6225099278439e-05,0.00021989474416273,259.636856079102,8.74748422548714,35.2978820800781,37.8345504388577,8.6276622349549,6.4034904493241,6.66229393122945,2653100.625,7.875,15.375,289.375,270.9375,312.375,16,0.416666666666667,0.3,FALSE,"Bad"
"FT101",128.953644674244,4.33808591985731e-05,0.000210465459616671,111.519859313965,11.9096647099792,68.0129432678223,32.2396724007346,8.79445392852458,6.74267210937296,6.92409014015366,2512246.64705882,7,12.1764705882353,115.647058823529,102.176470588235,140.823529411765,14,0.25,0.4,FALSE,"Bad"
"FT102",128.953686013274,4.74906435447796e-05,0.000212664866609202,408.492492675781,16.9576246252456,64.1009216308594,58.3433682056184,14.7239728925212,6.54259434341762,6.85474533703421,3228561.23809524,8,19.1904761904762,439.714285714286,417.238095238095,472.52380952381,15,0.458333333333333,0,FALSE,"Bad"
"FT103",128.953670288154,4.84005417527239e-05,0.000240631940158664,465.070510864258,6.45560090868791,27.5154418945312,28.7048088522518,4.64282319656049,6.09045295262696,6.55757427557646,718377.833333333,8.08333333333333,11.5,506.083333333333,490.25,523.416666666667,19,0.375,0.6,FALSE,"Bad"
"FT104",128.953654062664,5.9064977943463e-05,0.000247554394775307,890.562194824219,13.567254050324,47.3809814453125,49.7759841918945,7.23776658016715,6.55258744635394,6.94736212742911,261.4,26.2,19.6,976.9,163.6,215.8,11,0.333333333333333,0.1,FALSE,"Bad"
"FT105",128.953627196199,5.92945943746563e-05,0.000249405338905717,844.786895751953,14.1850856578295,54.5408935546875,47.5994613647461,9.80348152359244,6.49075262106654,6.81565995038406,75.1666666666667,27.25,21.6666666666667,923.416666666667,124.083333333333,175.583333333333,13,0.375,0.2,FALSE,"Bad"
"FT106",128.953643394594,6.03609306655665e-05,0.000292463661480724,1026.48211669922,14.998713826778,50.4891357421875,39.708042051734,8.0857099235,6.23009373274784,6.74809158105903,44.8333333333333,25,17.5,1121.83333333333,301.666666666667,344.166666666667,12,0.333333333333333,0.2,FALSE,"Bad"
"FT107",128.953721644113,5.9479841834023e-05,0.0002899169921875,964.513916015625,11.5376540469378,37.404296875,40.8433029174805,8.39995396802031,5.8432032786319,6.25125992395184,41.8333333333333,26.1666666666667,21,1057.5,253.166666666667,299.166666666667,7,0.166666666666667,0.1,FALSE,"Bad"
"FT108",128.953612731771,6.23447145857911e-05,0.000249447171341899,1065.74279785156,9.51243793492538,29.4312744140625,31.3494434845753,5.30562215823869,5.76090208814977,6.2091536494852,29.2,28,15.4,1182,303.4,344.4,7,0.166666666666667,0.2,FALSE,"Bad"
"FT109",128.953637642486,5.6039459887755e-05,0.000259351825889098,927.170837402344,9.18534441127678,29.9320068359375,31.6179348084985,2.08013328240834,6.0747833748531,6.5611006217634,211.4,26.2,13.8,1017.2,234.2,270,5,0.125,0.1,FALSE,"Bad"
"FT110",132.076750516672,5.69945190641053e-05,0.00020199777671337,569.588409423828,9.58902181329292,44.131103515625,80.0656879704173,3.31594926970787,6.96654354308038,7.39288908306051,7728.25,16.25,11,668,129,214,4,0,0.4,FALSE,"Stans only"
"FT111",132.102016686852,5.13062961489874e-05,0.000258435464161266,476.716705322266,8.36798648342819,65.2821655273438,87.2649443027582,9.99395331753393,7.49153257659513,7.39778352489254,208.710526315789,17.9473684210526,11,530.710526315789,492.842105263158,586.736842105263,38,1,0.8,FALSE,"Good"
"FT112",132.10204843668,4.96911215785598e-05,0.000209782934092573,307.236968994141,12.0998238465246,53.5848693847656,90.4142257928973,15.3926006488254,6.71253300574593,6.3609172842569,27.3055555555556,17.5277777777778,12.4444444444444,342.138888888889,297.972222222222,398.333333333333,36,1,0.6,FALSE,"Good"
"FT113",132.102048417886,4.75537038556335e-05,0.000197238983815851,23.187237739563,12.9065831623588,45.867880821228,43.4612053371515,19.9495434510087,6.75116061977301,7.18492133352389,64.5555555555556,17.1388888888889,20,27.5,6.52777777777778,54.3888888888889,35,0.958333333333333,0.6,FALSE,"Bad"
"FT114",132.10205149822,4.60864839628322e-05,0.000212569846979704,123.698539733887,4.26344021913435,22.172607421875,36.9651747948921,5.43372471186709,5.70125528703977,5.10579397171597,2.92307692307692,16.9230769230769,14.1538461538462,136.269230769231,117.307692307692,158.423076923077,26,0.708333333333333,0.6,FALSE,"Bad"
"FT115",132.101983946371,4.51996748601207e-05,0.000152922402833156,359.816192626953,5.25475946849952,17.4516906738281,43.6654063899343,5.95214943177912,6.0729755951116,6.15565815144686,4,30.8333333333333,12.3333333333333,438.666666666667,422.5,476.166666666667,6,0,0.6,FALSE,"Bad"
"FT116",132.102002443955,4.45963583253339e-05,0.000170186492141511,195.534927368164,6.99349032688088,28.9420166015625,34.9221530288205,3.36203298701309,5.54676540392074,4.99942483403202,6.66666666666667,9.66666666666667,15.6666666666667,211,193,228.666666666667,3,0.125,0,FALSE,"Bad"
"FT117",132.102046647488,4.76524846561849e-05,0.000182020255920179,623.338287353516,10.7828305838253,34.7945556640625,38.3609008789062,2.90877177761554,5.5181943792666,5.56396196415759,9.5,36,18,709.5,687,729,2,0,0.2,FALSE,"Bad"
"FT118",133.027835789778,4.91249790341615e-05,0.000199724610723706,788.440002441406,3.80094307978723,18.7611083984375,75.6951441120427,15.6584945603297,7.20053771386695,6.66699891223537,1641725.77142857,14.8857142857143,11.3428571428571,866.314285714286,129,211.371428571429,35,1,0.4,TRUE,"Good"
"FT119",135.047472785621,5.12990672264284e-05,0.000244191282035899,493.783203125,5.47357439034375,28.3076171875,86.3637085463742,9.86480265210624,7.79917059530582,7.61473736352028,653073.972222222,11.8333333333333,11,547.166666666667,129,221.333333333333,38,1,0.8,FALSE,"Good"
"FT120",136.061758041466,5.36879325896629e-05,0.000187729311392104,227.54899597168,4.65943335000635,28.7715301513672,90.2991783328173,7.19107771900444,7.19126007392962,7.5156017438675,3124.125,20.125,11,269.625,209.5,328.75,8,0,0.8,FALSE,"Stans only"
"FT121",136.061792717297,3.88292356128384e-05,0.000156220859253153,180.621688842773,14.0980723443118,41.2437133789062,42.0787887573242,1.75194948744253,6.37595000928174,6.80354179050846,837.666666666667,19.1666666666667,11.3333333333333,205.666666666667,179.333333333333,236.333333333333,6,0,0.6,FALSE,"Bad"
"FT122",136.061789472178,3.72759836126733e-05,0.000159453332997828,142.606544494629,8.50138689008597,29.701416015625,36.539159356094,1.69570556428304,5.67041986744146,6.06075304871892,150.166666666667,19.1666666666667,11,155,132.833333333333,179.333333333333,6,0,0.6,FALSE,"Bad"
"FT123",136.061808163794,5.49191136682746e-05,0.000239498771946955,9.83361911773682,9.44806261228053,38.175431728363,40.1077382049045,5.83201353149903,5.78523147657156,6.26620752024754,141,15.8,29,11,4.8,48.4,9,0.0833333333333334,0.5,FALSE,"Bad"
"FT124",136.061844283507,6.94351206056256e-05,0.000274658203125,529.764282226562,11.3064064976581,38.4653930664062,36.988916015625,6.98461314064791,4.96613833594868,5.24384073239748,25.6,25.8,13.8,618.6,531.6,568.4,21,0.583333333333333,0.4,FALSE,"Bad"
"FT125",136.061865535835,3.92986238095967e-05,0.000163296168267379,406.260162353516,11.6828237635116,40.9628295898438,42.5977511522247,3.29777998607511,4.76934110144613,4.97674528113116,10.25,15.75,14.5,494.25,441.75,484.75,4,0,0.4,FALSE,"Bad"
"FT126",136.061843914387,3.89059120219301e-05,0.000204329653740842,596.713317871094,8.07307745557424,33.7371215820312,35.1573181152344,2.98295480673969,4.56934099123393,4.66919234023372,18.5,23,12,680,550.5,592.5,2,0,0.2,FALSE,"Bad"
"FT127",136.06191216656,4.30897802273734e-05,0.000188784099520944,1175.00970458984,7.45914892591839,26.1793212890625,29.3106689453125,0.185420041151808,4.43167604085483,4.4272319908796,5.5,23,11,1346,1217.5,1243,2,0,0.2,FALSE,"Bad"
"FT128",136.06188886937,3.99908634469041e-05,0.000215677362859878,648.813537597656,9.69389677699904,53.8792114257812,27.0858880905878,3.82266718309027,4.61586190703817,4.68020685202585,13.25,21.5,15.5,745.25,608,653,3,0.0416666666666666,0.2,FALSE,"Bad"
"FT129",136.061881236163,4.89558799344493e-05,0.000208414798294143,347.515075683594,12.2449281263317,44.4242553710938,40.3584136962891,7.8098477468987,5.30862801067907,5.73034839083951,26.4444444444444,18.8888888888889,17.6666666666667,432.666666666667,385.888888888889,432.444444444444,8,0,0.8,FALSE,"Bad"
"FT130",136.06194190795,3.57122607870053e-05,0.000144618842597311,957.688171386719,15.0586476455316,49.5921020507812,51.1161411830357,4.92841281654058,4.48433957362804,4.45678333051786,7.33333333333333,22,23,1094,946.333333333333,1005.66666666667,2,0,0.2,FALSE,"Bad"
"FT131",136.061941348085,3.37991669584826e-05,0.000178820173374561,1052.20391845703,12.3595742923862,41.0859375,42.1212158203125,1.73639194727382,4.43989498319292,4.41074737779092,6,23,22,1201,1062,1110.5,2,0,0.2,FALSE,"Bad"
"FT132",136.061887380648,3.50273098131771e-05,0.000182068077265285,773.631591796875,9.83294386433522,47.0252685546875,37.6345970517113,1.88666423310895,4.66148554886618,4.52335692718888,7.66666666666667,24,12.3333333333333,894,761.333333333333,797.333333333333,2,0,0.2,FALSE,"Bad"
"FT133",137.045830550204,4.61456146335743e-05,0.000177849731812785,362.959182739258,4.38793302844149,16.3851013183594,79.5887815035307,1.07931879715189,6.23231152995425,6.54388321852296,873,11.75,11,442.75,258,349.75,6,0,0.6,FALSE,"Stans only"
"FT134",137.045764671789,5.51456055557974e-05,0.000201216861228204,291.892883300781,5.92755970416512,42.543701171875,68.8013651778058,4.36220932787941,6.73727713212277,7.09377968056354,3143,11.75,12,355,163,258,4,0,0.4,FALSE,"Stans only"
"FT135",137.045808809234,5.10440674132695e-05,0.000214158120257935,214.058639526367,8.82017646271193,31.4276428222656,39.3465728759766,0.391905103703545,5.2875168046415,5.62384006964688,138,15.5,17,249.5,128,181.5,3,0,0.2,FALSE,"Bad"
"FT136",138.055034516929,5.31420175582165e-05,0.000239963685743305,380.505584716797,2.47083255928288,15.4507751464844,96.1161929171113,10.2110067670604,7.0518345406239,6.87293942147832,548.742857142857,9.05714285714286,11,422.342857142857,244.571428571429,351.257142857143,35,0.958333333333333,0.5,TRUE,"Good"
"FT137",138.055092866095,8.46634187396205e-05,0.000401551913142839,261.833392780273,5.28945422747593,35.1308288574219,70.0553933379139,8.61988658929445,7.26919284347416,7.47709563185294,627.291666666667,8.08333333333333,12.3333333333333,288.291666666667,156.791666666667,234.166666666667,23,0.583333333333333,0.3,FALSE,"Good"
"FT138",138.055168135511,8.48284507901025e-05,0.000491379770267031,490.202819824219,18.2194472257315,99.1776123046875,33.1227496624066,8.04213186720178,5.53489046746505,5.66756592598378,19.3214285714286,9.75,12.8571428571429,537.321428571429,386.892857142857,424.464285714286,23,0.666666666666667,0.3,FALSE,"Bad"
"FT139",138.055871950166,5.5258726330474e-05,0.000229727719045059,230.065406041992,1.4767507592385,8.22116088867188,41.288318326647,11.551519744859,7.50392665117316,7.11675159512248,1574.91176470588,7.05882352941176,11.1176470588235,253.264705882353,124.147058823529,169.794117647059,38,1,0.7,TRUE,"Good"
"FT140",139.050170032414,4.55225646017659e-05,0.000188681009007041,421.990661621094,9.73985235566774,30.0404663085938,100.064367526915,1.35432969381064,6.84703036563016,7.32663840510875,2869.75,19.75,11,508.75,157.25,266.25,4,0,0.4,FALSE,"Bad"
"FT141",143.081406182308,5.04192207586756e-05,0.00020950996213287,478.533981323242,13.3599567189121,50.1254577636719,115.510307498095,7.62390299067613,7.56146771977072,8.0321550605724,19339.5,29,11,567,185.25,297,4,0,0.4,FALSE,"Stans only"
"FT142",143.081515855305,4.87134028590272e-05,0.000190286738387613,576.96728515625,6.39346020154664,23.0164794921875,26.8661193847656,0.223135946033525,5.47094313289632,6.18086619578626,285.5,28,11,660.5,299,324.5,2,0,0.2,FALSE,"Bad"
"FT143",143.081511904378,4.24338996335658e-05,0.000176135255657073,622.876007080078,6.87468528165856,23.3197999414062,24.4136047363281,0.428495533786451,5.28468809293311,5.866196015084,145.5,31,11,709,366,393,2,0,0.2,FALSE,"Bad"
"FT144",143.08156556366,4.95910609122858e-05,0.000203014734978524,396.26823425293,4.03571545260823,27.7492370605469,38.9926452636719,2.64036582742328,5.84432914815455,5.72693088965875,25.5,37,11,479.5,165.5,209,2,0,0.2,FALSE,"Bad"
"FT145",143.081531273269,4.20318281641241e-05,0.000192152156841985,678.151062011719,10.7758705483821,39.6171264648438,40.9226379394531,2.00436116543923,4.78559579704794,5.15908831797262,29.5,31,20,771.5,421,467,2,0,0.2,FALSE,"Bad"
"FT146",144.084786299448,4.78337048036202e-05,0.000182542163742028,478.533981323242,10.9643325570974,38.8495483398438,80.6954744779147,4.75643051264727,6.39966383328996,6.85604317844734,2837,20.5,11,567.25,129,207.25,6,0,0.6,FALSE,"Stans only"
"FT147",144.101900103474,5.19693531059265e-05,0.000204280392154033,303.451629638672,2.84996990967623,10.7913513183594,105.919485324767,2.85604123762231,6.58325638602394,6.53083257673863,1177,10,11,372,269.5,396.25,4,0,0.4,FALSE,"Good"
"FT148",144.101924484547,4.28640563552751e-05,0.000183296054728999,209.212738037109,10.8076577039392,32.6246795654297,33.7049560546875,3.00467440525681,4.71389657832055,4.77896397433374,20.5,10,12,248.75,171.5,219,4,0,0.4,FALSE,"Bad"
"FT149",144.101908323926,4.84433200361383e-05,0.000197449740284128,428.567947387695,7.89249675111318,32.8324279785156,27.7325152885623,1.38068057883814,5.15987059973758,5.08109570743751,28.75,10,11.5,512,446,478.25,4,0,0.4,FALSE,"Bad"
"FT150",144.101945675785,5.05430484523836e-05,0.000200993041119091,497.947387695312,13.5494498368308,45.8052368164062,57.831333067359,3.45031576099014,5.91210123262777,5.81538832665896,233,11.6666666666667,15,593.666666666667,518.666666666667,586.333333333333,3,0,0.3,FALSE,"Bad"
"FT151",144.101893928851,5.73899497918132e-05,0.00024096894168224,461.870346069336,4.95343971337002,27.6714782714844,28.5140991210938,1.06958402952062,6.30444463796526,6.18715318306165,71.5,12,11,553.5,469,501.5,2,0,0.2,FALSE,"Meh"
"FT152",144.92752214503,5.39310043114463e-05,0.000265270469185452,1222.92065429688,25.0463781904857,82.8238525390625,82.000772515244,12.1601607202197,6.75899995045277,6.66818971102686,3370.36363636364,22.9090909090909,16.2727272727273,1327.72727272727,171,266.909090909091,11,0.416666666666667,0,TRUE,"Meh"
"FT153",144.92752370116,5.88440820759956e-05,0.000276516541049432,1278.66064453125,8.42969258063697,26.3126220703125,25.6078565224096,7.17509203668613,6.85290039110615,6.87473353775087,3955.63636363636,22.9090909090909,12.0909090909091,1400.72727272727,286.545454545455,323.181818181818,14,0.416666666666667,0.3,TRUE,"Bad"
"FT154",144.982123247724,5.28531348561511e-05,0.000222407966106175,177.776763916016,3.37890545491667,18.7673645019531,52.7520480272247,3.11299191759626,6.8630459207164,6.91036070924384,20.7142857142857,27.5714285714286,11.2857142857143,201.571428571429,174.714285714286,247.571428571429,7,0.0416666666666666,0.6,FALSE,"Stans only"
"FT155",144.982157472068,5.73638009400132e-05,0.000279017653895153,424.743530273438,14.9889700993433,85.6330871582031,108.085103104754,12.5704621410665,6.53016122820703,6.06914943846697,1.57142857142857,27.5714285714286,35.5714285714286,511.142857142857,471.571428571429,579.857142857143,7,0.0416666666666666,0.6,FALSE,"Bad"
"FT156",144.982159440624,5.31396060581334e-05,0.000223195123879805,586.457885742188,24.2751768527979,97.022705078125,100.969180223418,8.64085655056228,6.40332324003803,5.95643322244833,0.285714285714286,27.5714285714286,34.4285714285714,682,621.428571428571,721.428571428571,7,0.0416666666666666,0.6,FALSE,"Bad"
"FT157",146.117491712542,6.04823959857024e-05,0.000228232385580895,497.868423461914,9.55766018474465,63.4729614257812,82.9857088414634,7.82574854061226,7.02110110128616,7.39342988651499,4310.83333333333,18.8333333333333,11,594.166666666667,166.166666666667,255.5,6,0,0.6,FALSE,"Stans only"
"FT158",146.117532892994,5.38944476786149e-05,0.000193056517701962,407.546417236328,23.2863473511127,82.7230224609375,109.051054791706,7.2464660256263,6.63727622807369,7.05228341231395,4275,22.75,11,493.25,129,245.25,4,0,0.4,FALSE,"Bad"
"FT159",146.117545594117,5.82906853194588e-05,0.000233278824936178,580.678985595703,13.0613687437653,48.386474609375,36.999416953639,3.24643252604397,5.08870916078877,5.61017919552956,68.5,19,12,651.5,284.75,317,7,0.125,0.4,FALSE,"Bad"
"FT160",146.980299283288,5.38206381505295e-05,0.00024108546179491,178.078094482422,4.0081674276748,20.9911499023438,56.4255724651058,1.08250385409025,6.51558736250307,6.56387838963895,23.5,33.5,11.5,201,177,252.75,4,0,0.4,FALSE,"Bad"
"FT161",146.980335886765,5.11017860187459e-05,0.000188842115420584,566.190582275391,12.1916719243908,55.408447265625,56.9391516708746,6.19694514579883,5.92963108322675,5.62891008703583,0.25,33.5,23,668.75,627,697.25,4,0,0.4,FALSE,"Bad"
"FT162",146.980312251902,5.41605291224043e-05,0.000226243609546373,428.804046630859,12.3901508065581,65.4129333496094,107.425945002858,12.1577941553678,6.18188782743828,5.71599885836154,1.5,33.5,34.5,522.75,486.25,596.25,4,0,0.4,FALSE,"Bad"
"FT163",147.076445403751,5.30814190452576e-05,0.000208672578281721,598.010101318359,8.6524951233525,38.0717163085938,60.7483200073242,2.27715927596453,6.76305034305647,6.68348582590119,1988,19.5,11,677.5,129,199.75,5,0.0833333333333334,0.3,FALSE,"Good"
"FT164",147.076579658984,7.15289413566582e-05,0.0003509521484375,704.087066650391,9.31668671930974,31.9024658203125,34.3616333007812,0.27312841267993,4.57905901987203,4.90496536970869,3,17.5,11,769.5,249,288,7,0.125,0.3,FALSE,"Bad"
"FT165",150.07736141482,3.99734242984915e-05,0.000155466007413452,177.746856689453,11.3578929197814,37.4105529785156,78.9009829265315,3.27156038938191,7.06174077350616,7.55010971125254,5947.25,11.75,11,200.25,129,237.75,4,0,0.4,FALSE,"Stans only"
"FT166",150.077495963551,5.67508584156285e-05,0.000238789153797825,259.066131591797,7.64998204182005,33.8413391113281,24.1727013221154,1.74226447246356,5.10676074346109,5.55336913338554,62.75,11.5,11,308.75,251,286.25,6,0.125,0.3,FALSE,"Bad"
"FT167",150.077428643498,5.62805140456205e-05,0.000339691327951641,401.529754638672,9.37150665903249,33.6806945800781,38.732672555106,5.48259158918155,4.81798214776455,5.29977097008388,16.5,11.5,18.5,484.5,415.75,461.75,3,0,0.3,FALSE,"Bad"
"FT168",150.07742406623,4.26400843257806e-05,0.000159568545228694,298.835632324219,3.33870073272678,20.1091613769531,25.8809967041016,0.786223419377524,5.07686635404232,5.03273373031103,9.5,13.5,11,363,303,337.5,2,0,0.2,FALSE,"Bad"
"FT169",150.077460904852,7.46966323692349e-05,0.0003204345703125,351.831146240234,10.606375841662,35.7192993164062,37.2932071170291,2.43504766869955,4.44434789203644,4.42018946600678,5,10.3333333333333,15.6666666666667,433.333333333333,371,413,7,0.166666666666667,0.3,FALSE,"Bad"
"FT170",151.144165604191,5.02997216848813e-05,0.000208432961869676,313.570281982422,2.2198862277683,8.81002807617188,63.0187081473214,6.65820409413665,7.07901602816587,7.62751638495259,5856.8,2.4,11,339,129,206.8,11,0.166666666666667,0.6,FALSE,"Meh"
"FT171",152.056751951599,4.75905879924962e-05,0.000206082159252219,404.133697509766,8.98432723047598,64.0238647460938,84.8453897615758,7.63027149267138,7.18966418787209,7.00130138245529,1829.32,9.56,11,442.16,198.32,292.12,25,0.833333333333333,0.1,FALSE,"Good"
"FT172",152.056727062383,4.63171211757488e-05,0.000171065470624399,343.945404052734,4.62192618447703,21.9882202148438,42.5383278451315,6.11130308348641,5.30755539069232,5.2992724376041,18.4117647058824,8.35294117647059,11.5882352941176,376.941176470588,169.176470588235,215.764705882353,17,0.583333333333333,0.1,FALSE,"Meh"
"FT173",152.056799289236,6.284505699717e-05,0.000297129932675944,50.8262424468994,16.0749330018922,77.3592252731323,44.7110837727058,6.67121402167514,5.33855722268846,6.02927783917887,106,5.875,17.5,54.375,34.875,79.125,8,0.25,0,FALSE,"Bad"
"FT174",152.056766191251,4.3725174452256e-05,0.000174397962467765,172.725189208984,6.44210136027007,28.9867248535156,54.5449044363839,3.91805723004816,4.71387533346274,4.6798762185631,14.75,6.25,18.5,188.75,162.25,214.75,3,0.125,0,FALSE,"Bad"
"FT175",152.056766812045,4.22698598668725e-05,0.000169413621989634,278.961456298828,8.75926035212087,30.2421569824219,32.6773834228516,1.95489102749097,4.46543674572845,4.30056569458025,9,6,13,302.5,286.5,320.5,2,0.0833333333333334,0,FALSE,"Bad"
"FT176",152.056775308856,4.17611103538518e-05,0.0002034485684419,121.068675994873,8.0578009569398,24.8208465576172,26.5198822021484,0.327431307212457,4.48857450602622,4.69152684040636,19,6,12,132.5,120,149,2,0.0833333333333334,0,FALSE,"Bad"
"FT177",152.056853406366,6.53710190807724e-05,0.000278979923621137,489.793090820312,15.6049287635259,97.6653442382812,35.2652543385824,7.54379632211046,5.34614174690312,5.63848410457539,23.3225806451613,11.0645161290323,11.5806451612903,546.645161290323,307.612903225806,347,24,0.791666666666667,0.1,FALSE,"Meh"
"FT178",155.081486930569,6.01004401055217e-05,0.000270008339157357,439.101898193359,7.52069613744532,61.2074890136719,83.9696900902725,5.81743537733247,6.97757442533278,6.7049207634888,1112.52941176471,9,11,495.764705882353,129,221.764705882353,17,0.416666666666667,0.6,FALSE,"Good"
"FT179",160.096762605631,6.0283037383771e-05,0.000256744635237283,420.137725830078,7.7906564611114,66.5137329101562,92.0810134887695,4.67221663740204,7.19607899807649,7.55537647887847,10082.5,27,11,506.75,351,451,5,0.0416666666666666,0.4,FALSE,"Bad"
"FT180",160.096827287886,4.40364619070202e-05,0.000172746108148658,328.232849121094,5.8979908910035,39.4818115234375,42.4275665283203,2.62962153716885,5.20859054840827,4.82033386548313,14.5,34,12,401.5,287,341,2,0,0.2,FALSE,"Bad"
"FT181",160.096845323256,4.23670899988325e-05,0.000195945808371789,255.73583984375,8.14358503306904,26.7616424560547,28.1782073974609,0.0535917964517047,4.92315813528779,4.63095066729373,10,34,11,305,202.5,240,2,0,0.2,FALSE,"Bad"
"FT182",160.096898758674,4.76125420893293e-05,0.00023248259066122,562.447174072266,15.7074693303136,39.5446166992188,39.9337269852801,2.15471514046051,4.96495727086738,5.2973941121743,29.5,27,13.5,644,514,551.5,4,0,0.4,FALSE,"Bad"
"FT183",160.09692139575,5.90200935897513e-05,0.000256518790109794,482.872146606445,6.51957911586837,36.2195129394531,47.0846862792969,0.833591784446539,5.92324929788699,5.63998167802005,45,34,11,578.5,477.5,529.5,2,0,0.2,FALSE,"Meh"
"FT184",162.112466262015,6.28652491772386e-05,0.000254863172330033,493.344314575195,5.52032189749383,29.6350402832031,84.3660174113948,4.62297095386111,6.85699222222858,6.96430925412965,739.75,14.25,11.1666666666667,567,240.75,331.666666666667,12,0.208333333333333,0.7,FALSE,"Good"
"FT185",162.112467172848,5.8160632110524e-05,0.000245869305388169,404.508026123047,9.97799502601107,79.4373779296875,95.0074619200171,2.22492069951809,6.89213491256788,6.85174575417974,714.363636363636,13,19.1818181818182,466.363636363636,163.363636363636,268.818181818182,11,0.208333333333333,0.6,FALSE,"Good"
"FT186",162.112548382147,5.420076102477e-05,0.000196320227757951,317.826690673828,10.7701546599587,61.5046081542969,79.4280228033298,2.33282368011335,5.72551793803453,5.46374927831696,135.25,11.25,13,344,129,214.25,4,0.166666666666667,0,FALSE,"Good"
"FT187",164.066819340511,6.39262111149994e-05,0.000246999218745714,472.414886474609,11.8672198274652,68.7579040527344,75.7312465760766,4.56303369669472,6.98406431386805,6.77339684007368,1.8,33.4,20.6,565.2,538,616.8,5,0,0.4,TRUE,"Bad"
"FT188",164.066842833059,5.22407613933367e-05,0.000214411200971654,1261.31201171875,13.1197240257511,52.9097900390625,56.0436654439787,5.75766355415328,6.52096269425898,6.62719497933057,0,31.6666666666667,13.6666666666667,1402,1385.66666666667,1422.33333333333,3,0,0.3,FALSE,"Bad"
"FT189",164.066809407637,6.08074667196875e-05,0.000210561987870506,817.390991210938,12.0125198430316,55.5552978515625,56.5430297851562,4.67961096350759,7.09771646321374,6.74711959703549,1,35,19,955.5,924,983.5,2,0,0.2,FALSE,"Bad"
"FT190",164.06689006916,6.40760360281548e-05,0.000261558585719968,588.90966796875,11.0726311424468,49.2296142578125,49.452931514577,7.9702205787267,7.24183641508739,6.84709245898548,2.66666666666667,23.5,13.6,647.833333333333,612.2,666.133333333333,30,0.708333333333333,0.6,TRUE,"Bad"
"FT191",164.066902755734,6.30783217913378e-05,0.000263381205030555,733.257263183594,17.2464271038999,67.2085571289062,85.2568844793255,11.6893652407667,7.19059350137908,6.81626802552881,2,21.0769230769231,37.9230769230769,811.576923076923,768.692307692308,863.230769230769,26,0.708333333333333,0.2,TRUE,"Bad"
"FT192",164.066926305887,6.04165244327485e-05,0.000247446705657239,1143.86828613281,23.5529089699128,84.887451171875,104.384627536681,13.4269551715452,7.01791778721595,6.68872487316829,0.944444444444444,22.0555555555556,39.4444444444444,1268.44444444444,1225.05555555556,1339.83333333333,18,0.541666666666667,0.2,FALSE,"Bad"
"FT193",166.122592462072,3.89420459371551e-05,0.000150036869399628,188.518753051758,22.0960479642715,84.597900390625,93.2117084321522,3.74211790477239,6.9025623708863,7.34275870211557,4776.4,7.4,11,213.6,129,263.6,4,0,0.4,FALSE,"Stans only"
"FT194",166.122703641598,4.91074514234996e-05,0.000233145316087757,308.241729736328,7.57889849824224,25.5454711914062,27.4112968444824,1.92393744849196,4.42988372730495,4.37144230561481,7,7.75,11,376.75,318.25,352,5,0.0416666666666666,0.4,FALSE,"Bad"
"FT195",166.122715834043,4.8322637621472e-05,0.000188403549657323,259.917907714844,8.10992521517964,24.4560546875,24.9186025479945,1.50328024298127,4.75286851556312,5.09593236890317,42.3333333333333,8.33333333333333,11,316.666666666667,258.666666666667,289.333333333333,3,0,0.3,FALSE,"Bad"
"FT196",166.122799249978,5.85424352920331e-05,0.000303687353692794,345.689056396484,12.6974941939372,49.4355163574219,44.0044449207395,8.75926972981696,4.62367600997845,4.88055628388816,16,7,24,432.5,357.75,416.5,2,0,0.2,FALSE,"Bad"
"FT197",168.946033683457,7.05055882637375e-05,0.000348923689756475,1267.86468505859,8.58344004934145,35.83642578125,43.3300840167683,19.5229657617563,7.64889733421657,7.19524735606559,1189079.05555556,26.3611111111111,14.7222222222222,1396,231.388888888889,274.861111111111,36,1,0.6,TRUE,"Bad"
"FT198",168.946032679453,5.50764136150117e-05,0.00029182378511905,1214.26416015625,16.5678980030275,72.7933349609375,71.5580394653888,21.5592475477753,7.5506396259195,7.21814648441932,15909.9705882353,25.2941176470588,21,1335.70588235294,163.882352941176,241.794117647059,32,1,0.3,TRUE,"Bad"
"FT199",168.946075804752,6.1404208453326e-05,0.00024605831438862,14.6000394821167,7.49988987215501,36.9911766052246,80.7510886414106,18.3649570088983,7.12354822249674,7.11431247641804,8637538.58823529,4.64705882352941,15.2352941176471,19.1764705882353,9.05882352941176,91.1764705882353,15,0.416666666666667,0.2,FALSE,"Bad"
"FT200",168.946099071365,5.2117652210013e-05,0.000216020507423309,156.820983886719,12.3786424901072,48.5235290527344,38.7692409314607,5.45438814223187,5.56623471749652,5.72690110071796,447317.176470588,4.41176470588235,12.6470588235294,179.823529411765,158.764705882353,199.823529411765,20,0.458333333333333,0.6,FALSE,"Bad"
"FT201",168.946126105456,5.82360449261702e-05,0.000250553629200567,324.787200927734,15.376227749411,58.7024230957031,34.3639766808712,14.4831647958105,5.80787777359762,6.2220237404681,327415.217391304,5.17391304347826,15.5217391304348,348.434782608696,328.434782608696,367.652173913043,31,0.708333333333333,0.8,FALSE,"Bad"
"FT202",168.946107729402,6.93659030946341e-05,0.000265058690303022,260.338592529297,8.55024842570884,35.5223999023438,35.7915486653646,3.22166374351166,5.37307133359829,5.54276764969648,329976.916666667,4.75,13.6666666666667,282.416666666667,265.25,302.75,23,0.5,0.6,FALSE,"Bad"
"FT203",168.946109669897,6.74908172604336e-05,0.0002899169921875,222.676559448242,8.99530809137336,32.2851409912109,31.7054763301726,9.62329130862381,5.63430867161876,5.88319162342131,250650.461538462,4.61538461538461,13.3076923076923,242.538461538462,226.153846153846,261.307692307692,23,0.541666666666667,0.6,FALSE,"Bad"
"FT204",168.946143258348,5.31226825750526e-05,0.00019259926332893,399.388748168945,17.2870621651731,65.3142700195312,44.5704085738571,16.5009075476889,5.74427202119692,6.01258149169205,271648.5,5.125,19.5,434.5,412.125,462.5,30,0.625,0.9,FALSE,"Bad"
"FT205",168.946096088866,7.05832727324755e-05,0.000274657715948479,105.713680267334,9.29765508040178,39.7203826904297,31.1536441802979,2.89945972721014,5.77065696625129,5.93496153480689,613306.875,4.5,13,114.5,99.25,135.5,9,0.125,0.3,FALSE,"Bad"
"FT206",168.946097849248,7.22189245934348e-05,0.00030517578125,1137.87554931641,9.45896419934612,52.2181396484375,29.7092069738051,2.99227047854602,4.53986723142751,4.5553359094637,15.6666666666667,20.8333333333333,11,1272.66666666667,128.666666666667,158.5,13,0.25,0.5,FALSE,"Bad"
"FT207",179.0046932928,6.21827528087939e-05,0.000230766638225077,338.311584472656,2.91115722979152,12.181640625,103.185419183028,2.33294764260943,6.88918574712959,7.27072136913378,6308.5,13.75,11,414.25,129,253.5,7,0,0.6,FALSE,"Stans only"
"FT208",179.073603756624,6.28692626306152e-05,0.000287584723793088,563.987854003906,9.56774391362587,40.3455810546875,65.3079317533053,2.07947789101039,6.87172693277443,7.01455053135226,211.857142857143,18.2857142857143,11,655.428571428571,141.857142857143,213,9,0.0416666666666666,0.8,FALSE,"Meh"
"FT209",181.011495051193,6.5919780505041e-05,0.000228779623427044,333.694549560547,1.71767782489712,7.40359497070312,114.855350676758,6.90239998724094,7.58724950088249,7.00783579527288,5039.925,3.875,11.4,363.775,129,255.55,41,1,1,TRUE,"Good"
"FT210",181.011495132242,6.16440852636849e-05,0.000221625974603512,433.593719482422,15.0461459768247,68.7073669433594,25.0138735016183,2.18622784635413,5.48395005340463,5.65801389704547,63.6470588235294,3.41176470588235,11.3529411764706,476.235294117647,269.176470588235,297.470588235294,23,0.416666666666667,1,TRUE,"Bad"
"FT211",186.944090308879,6.28178990360027e-05,0.000329692814688087,1252.38122558594,17.5409398254963,61.9637451171875,62.0949532645089,8.31288113895404,6.68261249685355,6.53632511387239,3816301.25,26.25,13.5,1391.75,257.5,303.5,3,0.0416666666666666,0.2,FALSE,"Bad"
"FT212",189.123309354073,5.08125934592301e-05,0.000218230254830587,479.388427734375,29.52757879551,81.7873840332031,82.561506652832,3.77601624363666,6.17365980505267,6.66833290479062,1797,9.33333333333333,11,567.666666666667,146.333333333333,233.333333333333,4,0,0.4,FALSE,"Stans only"
"FT213",189.159733926171,7.90194875318395e-05,0.0003204345703125,888.197570800781,5.76933122122714,22.7432250976562,95.8932800292969,1.20931039723393,6.07637586527232,6.64002007760676,2336.5,22.5,11,983.5,129,241.5,8,0.0833333333333334,0.5,FALSE,"Bad"
"FT214",189.159681765568,5.19063394267267e-05,0.000201024853339504,841.234069824219,10.9633551188124,57.0842895507812,100.859466552734,1.46006787780873,6.35061714035283,6.81054977795298,3906,40,11,978.5,129,237.5,4,0,0.4,FALSE,"Bad"
"FT215",189.159762157269,4.11165320437514e-05,8.82528698582519e-05,953.711791992188,11.5266347772894,23.7501220703125,29.8205871582031,1.17892159220683,5.24975616156919,5.06199277017016,28.5,40,11,1099.5,264.5,297,39,1,0.8,FALSE,"Bad"
"FT216",193.0893331626,8.35298738616816e-05,0.000291245718472055,459.609680175781,15.385931251098,52.9752807617188,53.7738952636719,0.52181106798481,6.46253578340359,6.73962434322469,3902,24,11,551.5,129,191,12,0.333333333333333,0.4,FALSE,"Bad"
"FT217",202.997115495218,7.31670842903682e-05,0.00029160708999143,796.361206054688,13.8648003023081,64.3397827148438,93.6156427292597,8.1450876331345,6.82084667436609,6.57690635714819,1232.85714285714,17.7142857142857,11.8571428571429,914.714285714286,140,229.571428571429,6,0.0416666666666666,0.4,TRUE,"Bad"
"FT218",202.997272211697,6.99791337133306e-05,0.000293881473425017,915.819061279297,8.60994766217773,41.3483276367188,31.7590123618521,1.5322754479901,5.65049629974264,5.64673049801168,30.25,19.75,12,1047.5,282,315.75,4,0.0416666666666666,0.3,FALSE,"Bad"
"FT219",202.997178784173,7.25179463988256e-05,0.000331215202436397,872.413940429688,5.30190762407076,20.5201416015625,25.2046508789062,0.281651213694233,5.82982442914017,5.63885559484786,37,17.5,11,1011.5,236.5,260.5,2,0,0.2,FALSE,"Bad"
"FT220",204.122982909513,7.52080388430837e-05,0.000291151917565458,347.147048950195,6.54292909260001,30.3364868164062,125.823217996737,3.75353696414618,6.89706919723918,7.35360810221905,193.5,19.75,11.5,423.75,348.5,497.75,4,0,0.4,FALSE,"Bad"
"FT221",204.123140450268,6.68494028002751e-05,0.000258914578296299,606.997680664062,7.32336528098665,37.1126098632812,40.7907409667969,1.49893937948494,5.34732156871891,4.84392209859919,0,24.5,11,713,689,734.5,2,0,0.2,FALSE,"Bad"
"FT222",204.123097290465,7.31896682723739e-05,0.000279828785551217,440.599639892578,8.17513408101574,26.9633178710938,29.9567413330078,1.72304091273409,5.52164854303586,5.9246736923423,8,21,13,527,509.5,544,2,0,0.2,FALSE,"Bad"
"FT223",206.102390674873,5.67151173028943e-05,0.000224196470213656,143.037620544434,11.8145566587867,51.5111389160156,53.301399230957,3.65656619059875,6.05054975168471,6.66067383829799,1543.5,6.5,11,159.5,134,201,2,0,0.2,FALSE,"Bad"
"FT224",206.102370346065,6.52287781381518e-05,0.000259780485492911,272.521408081055,6.82566397084967,25.5686950683594,30.7532958984375,0.514386089575319,4.63295693216195,4.81662528184984,15.5,6.5,11,328.5,312.5,355,4,0,0.4,FALSE,"Bad"
"FT225",206.138590180293,7.06107075038756e-05,0.000276975961639891,142.635330200195,10.5063614301394,54.398063659668,62.5457470591475,2.40036309688079,6.6624559355882,7.13734473450593,3229,5,11,154.25,131,213,4,0,0.4,FALSE,"Bad"
"FT226",206.138806000564,6.77673239348276e-05,0.000246364920627684,308.683151245117,7.0453208060998,33.5656127929688,46.5002746582031,5.1037460009634,5.48197643172623,5.22689026219933,11.5,8,22,377,341,400.5,2,0,0.2,FALSE,"Bad"
"FT227",206.138933318712,7.59935711481992e-05,0.000332099007948727,247.674713134766,10.4490791474628,49.4468231201172,28.4724095662435,1.64037292893439,4.65506558374615,4.86491908929107,18.25,5,13.5,287.75,268.25,306.25,3,0,0.3,FALSE,"Bad"
"FT228",214.089577191904,8.24474270114114e-05,0.00033462602013401,3.59403991699219,1.45997491780549,5.27706575393677,24.8474518184255,3.48595933442368,7.2974506005289,7.15089289908213,95.9230769230769,28.6153846153846,14.0769230769231,4.15384615384615,1,26.2307692307692,13,0.125,0.7,TRUE,"Bad"
"FT229",214.089661964375,7.40081999284444e-05,0.000343821593645544,1286.36340332031,6.33347327802508,20.9625244140625,26.8113715939405,15.3518224188173,6.53562152599171,6.62250229746156,11.2307692307692,28.6153846153846,17.9230769230769,1414.38461538462,1391.84615384615,1416.07692307692,13,0.125,0.7,TRUE,"Bad"
"FT230",218.138774016424,7.56022570137512e-05,0.000368937212613218,125.092613220215,4.28648336104806,21.565673828125,33.8594036567502,1.55485861964541,5.25612247190803,4.5781510439767,3,16.5,14.5,136.5,116.25,158.25,4,0,0.4,FALSE,"Bad"
"FT231",218.13858961695,7.04258980615424e-05,0.000294426828958194,258.191909790039,10.3070856711581,62.8458709716797,114.917737076922,1.22302778183864,6.58581797868129,7.03586965883189,1082.25,16.5,14,315.25,249.25,398,4,0,0.4,FALSE,"Bad"
"FT232",218.138722699846,7.19252219711282e-05,0.000246635858360378,351.670349121094,11.4492440682208,45.1189880371094,40.958730061849,4.1763932717966,5.41206499854575,5.70999445476965,32.4,18.4,13.4,430.2,414.4,451.4,4,0,0.4,FALSE,"Bad"
"FT233",218.138779089201,8.18836908830307e-05,0.000322178410215201,586.525299072266,7.04121961241617,32.260498046875,34.7928161621094,0.105095467900007,5.17930653253109,4.77543912522049,9.5,17.5,11,672.5,648,686,2,0,0.2,FALSE,"Bad"
"FT234",218.138751275578,7.80956349879866e-05,0.00033226061680125,423.129135131836,7.99121371937487,26.7441711425781,34.037841796875,1.99039256451777,5.15295252070216,5.30027076493753,5.5,19.5,15,509,493,532,2,0,0.2,FALSE,"Bad"
"FT235",218.138746428582,7.46051099246997e-05,0.000316739769857577,466.078262329102,14.5111375687759,54.3341064453125,68.4989776611328,0.102587670714548,5.18556277033036,5.33829964427056,27.5,15.5,36,559.5,519,596.5,2,0,0.2,FALSE,"Bad"
"FT236",218.139355341379,0.000175455193048342,0.000810888124675557,14.1639289855957,8.37262234677939,27.4676580429077,29.6124062538147,1.36278742374455,5.2576611574864,5.65295168170869,8.5,15.5,20,14.5,5,35.5,2,0,0.2,FALSE,"Bad"
"FT237",232.154151638775,7.60868014092383e-05,0.000333015016423133,209.562789916992,24.9542377529892,95.9807434082031,120.897079467773,2.94051530543161,7.07351501756119,7.55769094174895,7432.5,12.25,12,247,177.75,339,4,0,0.4,FALSE,"Bad"
"FT238",232.154344827255,5.86830502117331e-05,0.000250327570256559,292.849472045898,5.83447499585159,20.4021911621094,22.4522552490234,0.883368999601178,5.38497109436198,5.6834406263085,191.5,10.5,11,362,348,374,2,0,0.2,FALSE,"Bad"
"FT239",232.154330215258,6.02122098629966e-05,0.000269158381712487,355.867218017578,8.83575549648108,37.7187805175781,38.1781194777716,5.54546334517734,5.66110421218234,6.14316498772649,206.2,12.8,16.6,429.6,409,453.2,4,0,0.4,FALSE,"Bad"
"FT240",232.154603653421,0.000102978967427654,0.000516013624178413,16.146556854248,4.9046028836449,20.4317321777344,23.2837487779013,0.712384555621406,5.17453144938318,4.75490931753039,10.6666666666667,10,11,16.6666666666667,6.33333333333333,30.3333333333333,3,0,0.3,FALSE,"Bad"
"FT241",232.154367385754,7.23192446596942e-05,0.000346154667738574,483.099746704102,14.1188669593522,56.1637878417969,57.4697723388672,7.93012214016854,5.24133324012236,5.70455211735287,142,12,27,577.5,548,611.5,2,0,0.2,FALSE,"Bad"
"FT242",232.154381567977,6.48731996595428e-05,0.000292416647141636,518.441192626953,6.78344794748262,26.3024291992188,33.6610870361328,0.808100964347813,5.17182681436492,5.6872863472587,16,10.5,11,607,591,621,2,0,0.2,FALSE,"Bad"
"FT243",232.154421380894,7.1417046950669e-05,0.000292063812366905,121.633567810059,4.39235520471839,22.4344863891602,28.3659133911133,0.435541249688455,5.09231551125894,4.43067682069825,5.5,12,13,130,116,149.5,2,0,0.2,FALSE,"Bad"
"FT244",232.154390773161,7.53603404299483e-05,0.000329393396100386,429.374084472656,9.89901864021527,38.0352478027344,30.5647024759432,5.0175262936557,5.31057113850657,5.64536046248995,100.333333333333,14.3333333333333,19,520,497,543,3,0,0.3,FALSE,"Bad"
"FT245",233.15753687834,0.0001158473507261,0.000396728515625,209.249755859375,17.5869210285315,68.0321197509766,108.554512023926,7.08141395146287,6.6039058881748,6.82242861562266,1506,2.2,11.8,247,129,269.6,28,0.708333333333333,0.7,FALSE,"Bad"
"FT246",233.157966155469,0.000163180875822909,0.000597983552751202,291.799606323242,7.00770686248813,21.5156860351562,21.5635681152344,0.958077603533621,4.4106393480279,4.59921908710791,22,3,11,356.5,286.5,312.5,18,0.375,0.5,FALSE,"Bad"
"FT247",233.914846819138,8.32635192244192e-05,0.00033025049165758,408.809417724609,12.1322814744073,47.150390625,59.3181947748712,13.2643992756078,5.54928332421687,5.45622072818002,619964.916666667,10.75,20.3333333333333,492.333333333333,466.833333333333,520.583333333333,6,0,0.6,FALSE,"Bad"
"FT248",233.914736285699,8.35938795730287e-05,0.000353839041082438,177.482894897461,3.94144023383382,20.170166015625,47.5705168189072,6.30220627374158,6.47676151965163,6.76351037734442,16249051,12,11,202.5,173.833333333333,240.666666666667,6,0,0.6,FALSE,"Stans only"
"FT249",233.914810509554,8.38507715094598e-05,0.0003369549309582,347.057022094727,6.23850956087472,26.8943481445312,31.08601677127,1.54268961231591,5.59828674994672,5.46258152022701,785400,12,13.6666666666667,423.333333333333,404.333333333333,441.833333333333,6,0,0.6,FALSE,"Bad"
"FT250",233.914848514712,7.22603756437367e-05,0.000295379473470803,465.413787841797,6.86823896468383,31.1230163574219,30.9863106332174,4.70778916988917,5.10461401861523,5.27743843558045,341285,12,16,556.666666666667,536,573.666666666667,6,0,0.6,FALSE,"Bad"
"FT251",233.914818158754,7.77601060777548e-05,0.000290684536167873,306.557342529297,10.2465890667593,29.3642272949219,29.6102004632717,2.44656536484429,5.57158744714785,5.51171656088783,882211.833333333,12,13,377.5,358.5,396,6,0,0.6,FALSE,"Bad"
"FT252",233.914833172559,8.70715630389395e-05,0.00033572667024373,263.558044433594,7.83837789868061,28.0999145507812,29.1636680044779,2.89544441697636,5.62689683748879,5.57644510871428,1293990.5,15.25,11,322,309.25,348,4,0,0.4,FALSE,"Bad"
"FT253",233.914803035364,7.81232777154127e-05,0.000300841949638198,226.277862548828,8.62477346289658,29.224853515625,29.5679321289062,1.92156149035092,5.72419628610237,5.76208466333301,1775177.33333333,7,11,273.333333333333,256.333333333333,290,3,0,0.3,FALSE,"Bad"
"FT254",233.914842018479,8.29005133322921e-05,0.000337077025164945,66.2090110778809,11.9693242069698,59.3244705200195,39.2315814738371,9.13270042064639,5.41565804922399,5.40976904089177,338185.5,12.5,17.4285714285714,71.5714285714286,47.9285714285714,92.3571428571429,6,0,0.6,FALSE,"Bad"
"FT255",233.914869871132,7.44149707095673e-05,0.000311682264367619,115.706741333008,6.33999254470373,27.3093032836914,28.9837465053651,1.87613598527029,5.43478847321764,5.3838559956655,447746.5,12,12,126.166666666667,108.166666666667,143.166666666667,6,0,0.6,FALSE,"Bad"
"FT256",234.917737843026,9.22908738627603e-05,0.000466064831300628,1267.93737792969,11.326467720549,46.427001953125,45.3326356893643,20.8714580195384,7.96094756894852,7.49548224282838,815892.95,28.025,15.65,1393.625,220.75,266.475,37,1,0.7,TRUE,"Bad"
"FT257",234.917749075055,8.87704607013266e-05,0.000430502700311308,1215.43029785156,17.783983127237,70.733642578125,75.3884574409299,12.3165775391993,7.81884936150977,7.57090814130477,28051.275862069,26.5862068965517,21.2758620689655,1334.1724137931,148.103448275862,232.034482758621,29,0.958333333333333,0.1,TRUE,"Bad"
"FT258",234.917894563637,8.57642211247003e-05,0.000307780655532497,158.459060668945,12.5443591455952,52.5086192070312,31.8528409685407,6.05751610080578,5.6820798449801,5.71430884983392,135012.9,5.23333333333333,12.5333333333333,181.4,163.466666666667,199,15,0.458333333333333,0,FALSE,"Bad"
"FT259",234.917826875359,9.3096617314537e-05,0.000385410432983235,13.7029781341553,8.14142152929668,37.809814453125,71.9039352771848,18.9587000166241,7.40206755255284,7.42530114236082,8169141.10526316,4.68421052631579,15.8421052631579,18.3684210526316,8.63157894736842,81.7894736842105,17,0.458333333333333,0.2,FALSE,"Bad"
"FT260",234.917922377363,8.17725525702219e-05,0.00036568828346617,329.652816772461,14.2901551901225,68.1441345214844,34.7097658643536,9.69914086045774,5.83269046649526,6.42394999843327,200140.714285714,5.07142857142857,15.2142857142857,353.678571428571,334.678571428571,373.857142857143,18,0.541666666666667,0.1,FALSE,"Bad"
"FT261",234.917901253552,8.39694012509225e-05,0.000328967114995748,258.069976806641,10.3934718841134,39.90869140625,38.7696047051008,8.23308552269593,5.47373171383659,5.69660727328059,123697,4.88235294117647,14.8823529411765,281.529411764706,262.529411764706,304.294117647059,15,0.458333333333333,0,FALSE,"Bad"
"FT262",234.917931652236,8.65874327470015e-05,0.000396208752675875,398.102951049805,14.3128862021018,48.6970520019531,49.2807065273853,13.7772330103435,5.63156468701329,6.01001458648241,415941.166666667,5.5,19.1111111111111,433.277777777778,411.111111111111,457.944444444444,12,0.333333333333333,0,FALSE,"Bad"
"FT263",234.917892472199,7.5076253514063e-05,0.000334924570438488,225.45866394043,11.1985623317476,39.1310729980469,40.6925681509623,8.48645485489221,5.53540186285753,5.72192629290895,377782.454545455,5.27272727272727,15.9090909090909,243.818181818182,223.909090909091,266.272727272727,11,0.333333333333333,0,FALSE,"Bad"
"FT264",234.917893406455,9.13625953741804e-05,0.000351643324165707,109.809158325195,6.94763785406003,25.3799362182617,31.2366388832651,2.4818543655554,5.77172064464468,5.98900229661488,252.428571428571,3.71428571428571,13.5714285714286,122.285714285714,105.857142857143,144,7,0.0833333333333334,0.2,FALSE,"Bad"
"FT265",234.917995234959,0.000102264274171286,0.000465154188333372,1141.8583984375,7.92024427898723,34.4375,27.333640650699,1.68496231547118,4.93712555339466,5.39615012537977,18.75,23.25,11,1288.75,133.25,162.75,7,0.208333333333333,0.1,FALSE,"Bad"
"FT266",234.917803419685,7.54540830251459e-05,0.000284827749226224,66.5058288574219,7.4166549935183,26.4918937683105,27.7331608097728,1.91224009050098,6.39644385485922,6.65089058333844,63.6666666666667,2.33333333333333,11.6666666666667,74.6666666666667,59.6666666666667,92.6666666666667,3,0,0.2,FALSE,"Bad"
"FT267",235.913039316036,7.70359004566381e-05,0.000308622886024068,65.2160606384277,15.0551309596206,59.4109573364258,56.4844291806221,11.4659765809818,5.36394627454121,5.36479407922491,290699.416666667,12.75,19,66.6666666666667,40.5,91.1666666666667,5,0,0.5,FALSE,"Bad"
"FT268",235.913015079394,7.91684507769568e-05,0.000299084600186461,414.491027832031,11.0991936612539,40.8971862792969,51.6673665364583,9.9450101767527,5.5254267477358,5.50663815966796,651477,11.2222222222222,19.8888888888889,498.222222222222,472.777777777778,524.555555555556,5,0,0.5,FALSE,"Bad"
"FT269",235.913066190364,8.32915888868754e-05,0.000387128859586028,112.310600280762,6.44526011287195,27.1363220214844,27.507263365246,1.35929858631282,5.37161915380253,5.31389617026763,312931.2,9,11,126.4,111.2,141,4,0,0.4,FALSE,"Bad"
"FT270",235.912922604026,8.96763386539076e-05,0.00038116783514397,177.189025878906,3.74798683635456,18.9040832519531,54.3404559623904,5.15138941077008,6.42595775982593,6.71237757582641,12551926.8,12.2,11,202.2,175.6,245.2,5,0,0.5,FALSE,"Stans only"
"FT271",235.912997827505,6.05674575962217e-05,0.00027433256519771,464.623840332031,5.96718992790278,26.9284057617188,26.4040251941216,3.67361903128455,5.02047863771245,5.13618471834425,279704.2,12.2,14.6,556.8,539.6,571.8,5,0,0.5,FALSE,"Bad"
"FT272",235.912984850853,8.4141638069978e-05,0.000325734598817462,344.747421264648,8.66754041039915,37.5706481933594,35.3555421375093,3.31582503712637,5.56311330869387,5.42625692731727,640402.5,13.5,14.6666666666667,414.833333333333,392.833333333333,435.166666666667,5,0,0.5,FALSE,"Bad"
"FT273",235.913032584665,8.83209604468836e-05,0.000328644686703683,265.931274414062,8.53025182550074,41.0954895019531,24.0690914247094,1.50988811068579,5.57384459132496,5.5226560594898,863559.6,12.2,11,331,316.2,347.4,5,0,0.5,FALSE,"Bad"
"FT274",244.023700657286,9.25900969511777e-05,0.000379672256343611,798.937927246094,14.4479022666302,62.703369140625,79.9844116773003,15.3912500545191,6.89754317833788,6.57281203157596,2277.5,20.1666666666667,16.1666666666667,897.25,155.166666666667,239.416666666667,8,0.166666666666667,0.3,FALSE,"Bad"
"FT275",244.0238973349,0.000106857723138507,0.00054931640625,1118.73706054688,8.67262741646603,35.8912353515625,33.552491386218,4.25546696198813,4.59338504741958,4.51323332030908,32.2,20,15,1227.6,513.6,555.2,7,0.125,0.3,FALSE,"Bad"
"FT276",244.023808126268,7.83328343845831e-05,0.000357269792488069,1027.22595214844,6.84008711017703,23.6333618164062,26.6697294379885,1.83321567585385,4.93964401721401,4.87973937882378,35.6666666666667,18.6666666666667,13,1133.33333333333,425,458.333333333333,4,0.0833333333333334,0.1,FALSE,"Bad"
"FT277",244.023821399875,9.58799329768817e-05,0.000477065531555354,909.430541992188,9.38154262746745,56.5131225585938,28.8606567382812,2.14956358932293,5.65721213875061,5.57260929941019,98.4,20,11,1010,288.2,320.8,4,0.0833333333333334,0.1,FALSE,"Bad"
"FT278",244.023822875986,8.57949868518794e-05,0.000341168652965962,966.242248535156,9.00109695921005,37.2794686523437,28.5033300821742,0.989661297904094,5.31777227607583,5.2542311158547,150,17.75,12.5,1062,354.5,386,4,0.166666666666667,0,FALSE,"Bad"
"FT279",245.113180612817,7.88382264364256e-05,0.00031733584123117,564.003601074219,9.83757105232171,47.7848510742188,79.9135981379329,2.93163808361582,6.66838368891582,6.9439078282592,3226.83333333333,21.5,11,662.833333333333,129,212.833333333333,10,0,1,FALSE,"Stans only"
"FT280",248.021636438757,9.21514709351302e-05,0.000385561667400225,788.440002441406,3.92731434910664,16.1304931640625,68.0992013416466,4.90332683264835,6.90051364663456,6.51142662749441,7603243.44444444,16.7777777777778,11,866.777777777778,129,203.666666666667,11,0.25,0.4,FALSE,"Good"
"FT281",250.987788110474,8.45259293663715e-05,0.000325877722474388,545.931427001953,9.28905306159737,34.6572265625,41.761701630383,1.3792721823057,6.68133168776702,6.51892323743674,2.25,30,11.5,643.5,618.75,660.5,4,0,0.4,FALSE,"Bad"
"FT282",250.987777317482,9.42008879100682e-05,0.000392803720359325,802.484191894531,13.5915018250591,53.5955200195312,52.4389401980168,19.5132106141287,7.17322760401535,6.32043683706608,5.77049180327869,19.655737704918,19.2295081967213,886.327868852459,860.606557377049,917.049180327869,37,1,0.6,TRUE,"Bad"
"FT283",250.987853101803,9.40004131464889e-05,0.000416267577804774,476.717468261719,10.68788453867,44.8054478554687,83.8293810968941,25.8486138016795,7.01179234255864,6.14711687142808,2.64864864864865,20,28.7837837837838,530.621621621622,497.189189189189,589.081081081081,37,1,0.6,TRUE,"Bad"
"FT284",250.987899151651,8.74572398457383e-05,0.00036772604488533,616.9375,17.5115948506637,68.6200561523438,84.708498227944,10.5023450861777,6.92974164546801,6.0873171604123,1.35714285714286,18.3214285714286,35.6428571428571,674.035714285714,622.857142857143,713.178571428571,28,1,0,FALSE,"Bad"
"FT285",250.987818747716,0.000105733718243766,0.000457639564530155,56.7128219604492,20.4952701684183,74.9212665557861,86.4665609220179,13.6307719574954,6.90037657357604,6.51507117129683,1.68421052631579,22.3157894736842,36.4736842105263,57.0526315789474,12.3684210526316,98.6315789473684,19,0.333333333333333,0.8,TRUE,"Bad"
"FT286",252.108946448847,9.56944854579558e-05,0.000367350463193361,181.837799072266,7.22614246138288,43.5342559814453,86.3094400545446,2.70821402157911,6.93146476999403,7.32522809531106,5097.2,4.8,11.4,207,129,241,5,0,0.5,FALSE,"Bad"
"FT287",252.109022520763,0.000191728130037779,0.000762939453125,306.166534423828,8.42712142656527,32.7566223144531,24.351545715332,0.607082715078192,4.41113532841652,4.37665766405698,4.75,5,14.5,380.5,321.75,353.5,25,0.625,0.5,FALSE,"Bad"
"FT288",252.109167717182,0.000140656042753889,0.0006103515625,258.969879150391,6.23684453756372,20.1277770996094,20.0721864246187,0.251501690499158,4.89872269839412,5.19323014253971,36.6666666666667,5,11.6666666666667,317,261.666666666667,289.333333333333,23,0.541666666666667,0.5,FALSE,"Bad"
"FT289",252.144069761175,8.36910861028796e-05,0.000344276951125266,554.063140869141,9.34161281836041,56.2979736328125,73.8720286299543,1.93192855279342,6.75179292684416,6.87645448682405,1439,19.8333333333333,11,652.666666666667,129,209.333333333333,6,0,0.6,FALSE,"Meh"
"FT290",258.110133424861,9.92769186123392e-05,0.000380578140607213,578.234375,7.75491932323438,37.5291137695312,63.5690589317909,0.467266422223296,6.45475205884364,6.62750132204972,10252,16.3333333333333,11,677.333333333333,147.333333333333,216.666666666667,5,0,0.5,FALSE,"Stans only"
"FT291",262.128406911708,7.52025917968491e-05,0.000364100735964712,522.777587890625,25.8783501963326,95.3523559570312,99.5636945452009,5.15295368335149,6.86136595155792,7.31823017748527,4510,27.6,11,616,129,230.2,4,0,0.4,FALSE,"Bad"
"FT292",262.128595156514,7.94842280057541e-05,0.000394998080707865,622.876007080078,6.91233241057201,21.3175048828125,22.9669189453125,0.094784497703467,4.9273579152371,5.37168115217561,73.5,29.5,11,709,262.5,288,2,0,0.2,FALSE,"Bad"
"FT293",268.10387643183,0.00011244131210731,0.000425261153338852,215.709930419922,3.0200728464488,13.0284576416016,87.098136314979,5.77155854016506,6.92389816941821,7.19050416558873,1610,4.57142857142857,11.5714285714286,253.857142857143,129,245.142857142857,9,0,0.9,FALSE,"Good"
"FT294",268.104040463275,0.000153987699715251,0.000643735050005034,304.502059936523,9.05900114354801,26.6706848144531,27.9881439208984,0.345526794585,4.61605697513837,4.71397037302454,6,5.5,11,375.5,268.5,304,15,0.333333333333333,0.4,FALSE,"Bad"
"FT295",274.910094651342,0.000138679967726789,0.000608171511373712,76.7687110900879,9.88023705692987,31.4510345458984,42.4925346374512,2.32349926126192,5.95285735283702,6.15442638913349,9.75,2,11,82.5,68.75,117.5,13,0.208333333333333,0.6,FALSE,"Bad"
"FT296",274.910360317443,9.2443416862459e-05,0.000388232929367405,106.307556152344,5.5486176833872,22.5231399536133,31.7987499237061,0.444579641779736,5.71845129304379,5.79286539797638,419259,3.33333333333333,11.6666666666667,124.333333333333,110.333333333333,145,20,0.5,0.5,FALSE,"Bad"
"FT297",274.910186187909,0.000114920430104976,0.00054239379920773,1266.79583740234,11.3358072454048,45.560546875,46.5851440579578,22.6062834828768,7.88967352027941,7.32574078501312,43004344.8,28.275,15.8,1391.025,207.325,255.15,38,1,0.8,TRUE,"Bad"
"FT298",274.910195568334,8.8879313284595e-05,0.000459649860204081,1216.26171875,11.4370768028544,61.5018310546875,72.3784576351351,14.5297815454244,7.76913035043515,7.41050389699431,31964937.2413793,27.1379310344828,20.3103448275862,1335.24137931034,137.172413793103,217.241379310345,33,0.958333333333333,0.5,TRUE,"Bad"
"FT299",274.910288511029,0.000101197268013838,0.000381969713259878,13.1236486434937,3.08278981939028,13.1098537445068,58.1865446329117,16.3973001253273,7.30577638471575,7.34106012578609,11519582.4545455,3,16.6363636363636,14.9090909090909,5.54545454545455,75.3636363636364,12,0.333333333333333,0.2,FALSE,"Bad"
"FT300",274.91037388417,9.75719477891291e-05,0.000439199681238733,393.352722167969,12.9721350030596,49.4331970214844,51.2025088355655,15.7631943951947,5.71775998587228,5.94800232564325,146953.692307692,3.53846153846154,22.2307692307692,429.615384615385,404.615384615385,457.538461538462,33,0.791666666666667,0.8,FALSE,"Bad"
"FT301",274.910343243031,0.000114441779567746,0.000533857918924241,161.121589660645,15.0303334744741,51.4835205078125,40.0542651760963,7.43072187070417,5.45809790714703,5.48264020253732,251695.1875,3,13.25,183.6875,162.3125,201.3125,26,0.625,0.6,FALSE,"Bad"
"FT302",274.910334465283,8.31947495087895e-05,0.000314032228516226,227.801116943359,7.96986358704235,29.9917602539062,29.0196551154642,5.69427972212268,5.57721800619746,5.52452355267419,169487.111111111,3.22222222222222,12.5555555555556,244.666666666667,227.777777777778,259.333333333333,33,0.833333333333333,0.8,FALSE,"Bad"
"FT303",274.910347404009,8.70394689963336e-05,0.000321685673554839,312.477920532227,6.35045288293809,17.9899291992188,28.8069997151693,3.2501410429488,6.02695795568156,6.50141794589413,227019.625,3.375,11.75,338.375,321.5,353.375,34,0.791666666666667,1,FALSE,"Bad"
"FT304",274.910346137857,9.80475914449345e-05,0.0003662109375,261.769073486328,8.53913072472174,32.6895141601562,40.8047722710503,12.739229728898,5.44820652197787,5.47730229731232,231729.111111111,3.22222222222222,17.2222222222222,284.888888888889,263.222222222222,308.333333333333,32,0.791666666666667,0.8,FALSE,"Bad"
"FT305",274.910392106972,7.68941408198397e-05,0.00025306728571195,343.080810546875,5.94439536729949,23.0081787109375,34.2359395345052,8.10008041431171,5.48184659064314,5.54016100961965,165551,3.57142857142857,16.1428571428571,369.285714285714,350.428571428571,389.714285714286,33,0.75,1,FALSE,"Bad"
"FT306",296.04571464973,0.000103078813711701,0.000451135764137689,48.2998008728027,14.4218863507091,48.2439613342285,48.8337260267951,7.77766059496759,6.74550348960815,6.56103177937019,64.5,9,20,49.6666666666667,23,75,3,0.0833333333333334,0,FALSE,"Bad"
"FT307",296.045747054428,0.000100756623367763,0.000461475692702606,284.701446533203,13.9275399222747,43.1625061035156,45.9106675968614,5.3550783249037,6.27348884908188,6.23379721366905,43.5,7,17,306,285.75,330,2,0.0833333333333334,0,FALSE,"Bad"
"FT308",296.045780539515,0.000109802226438667,0.000486035397443629,435.912933349609,23.2406435515502,82.5978088378906,101.907115847565,14.1558597682094,6.13414313597491,6.09286448675303,21.8,8.2,31.4,474.2,439.8,532,3,0.0833333333333334,0,FALSE,"Bad"
"FT309",296.045727808542,0.000111852386109814,0.000510046941315068,87.4015884399414,6.62910723312591,21.2766876220703,33.5053863525391,0.242138907155176,6.49422562263041,6.38190548908247,69,7,12,95.5,77,114,2,0.0833333333333334,0,FALSE,"Bad"
"FT310",296.045738606899,0.000104929043161999,0.00039467445816399,332.109069824219,6.27449034383156,25.5830078125,26.4719696044922,0.646605649542179,6.19252745153668,6.13136571411954,41.5,7,11,358,345,373,2,0.0833333333333334,0,FALSE,"Bad"
"FT311",296.045744743674,0.000100278734444177,0.000468448053027259,221.248321533203,8.36433339163167,32.9282836914062,34.9343490600586,0.132631763390138,6.27860889770824,6.17682377923185,44.5,7,11,241,223,260.5,2,0.0833333333333334,0,FALSE,"Bad"
"FT312",296.045741892694,0.00010302186067485,0.000484853019884213,146.764801025391,9.48755467410462,45.6872863769531,46.4514274597168,0.583295712500701,6.33721019704658,6.21636093517714,48.5,7,16,160.5,131,181.5,2,0.0833333333333334,0,FALSE,"Bad"
"FT313",296.918162522852,0.000120824500432959,0.00062494243798028,1216.48596191406,11.6631019739559,57.359130859375,62.3216406761533,18.9043854743125,7.09829873816104,6.69810480537332,7159699.25714286,26.6,19.5142857142857,1335.4,142.714285714286,210.942857142857,34,1,0.5,TRUE,"Bad"
"FT314",296.918151688668,0.000108827593476492,0.00052912530861704,1266.64270019531,10.7707046570578,46.427001953125,42.3456863138338,18.1226075805445,7.21264665687798,6.5610654945643,10363648.8205128,28.6410256410256,15.8205128205128,1391.25641025641,204.102564102564,248.179487179487,39,1,0.9,TRUE,"Bad"
"FT315",298.096615084373,9.75256776363651e-05,0.000391431862510672,144.562698364258,4.04615461091627,18.6120300292969,68.3845095512195,1.86318547194907,6.7813201201492,7.2089156418782,4396.5,3.25,11,156.75,131.25,222.75,6,0.0416666666666666,0.4,FALSE,"Bad"
"FT316",298.096984085153,6.77142921274982e-05,0.000238186863043666,248.46199798584,7.32581054825126,21.4007720947266,25.1638793945312,0.169770591748264,5.18393151748441,5.31443923171138,18.5,4,12,296,274.5,308.5,35,1,0.4,FALSE,"Bad"
"FT317",318.900135245155,0.000118267244983947,0.000560369017591711,1267.86785888672,10.6196871331409,45.0675048828125,42.4496964734184,17.9554873192313,7.34592935178564,6.71318596834969,18837080.8421053,30.5,15.7894736842105,1392.42105263158,198.184210526316,241.447368421053,38,0.958333333333333,0.9,TRUE,"Bad"
"FT318",318.900134524116,0.000113034968732412,0.000587417873646245,1216.76513671875,9.90741295178277,31.09228515625,57.7659653740234,16.1567625566252,7.24993363297002,6.7741026074109,16120701.3636364,29.1515151515152,18.6363636363636,1336.78787878788,140.484848484848,203.636363636364,34,0.916666666666667,0.6,TRUE,"Bad"
"FT319",333.129130062971,0.000109135635754098,0.00043796724008871,612.591644287109,8.24014995958044,35.96044921875,52.9986572265625,0.554196666089872,6.37778285329284,6.56699354017717,6854594.5,16.5,11,714.5,129,188,6,0,0.6,FALSE,"Bad"
"FT320",340.882064860551,0.000131274190381512,0.000623624638592446,1267.42694091797,9.43182628655519,45.4550739453125,43.7056259684642,19.8539303321614,7.61254334177207,6.98226929010411,31256490.3421053,30.3421052631579,14.8947368421053,1393.68421052632,201.368421052632,245,38,0.958333333333333,0.9,TRUE,"Bad"
"FT321",340.882053418205,0.000125317322416524,0.000562096832879888,1218.31256103516,9.96643161296555,29.13525390625,67.053283619449,13.88703774896,7.51088601029857,7.06202474416418,21681532.4333333,29,19.7333333333333,1335.36666666667,137.166666666667,212.266666666667,33,0.958333333333333,0.6,TRUE,"Bad"
"FT322",340.881989647455,0.000120716670361251,0.000455660339582664,14.4089541435242,2.44020291607191,12.5709571838379,61.8993039904414,6.78713873023863,7.04967859703558,7.06092191969731,7024868.5,2.25,20.5,16,5.5,74.25,8,0.125,0.2,FALSE,"Bad"
"FT323",340.882159549202,0.000124131159397395,0.000607290436789754,107.47497177124,9.25189540489538,45.7139205932617,31.9694179735686,3.56044764573111,5.37865858632679,5.32010149004005,182155.75,2.25,12.5,113.75,97.75,133.25,26,0.625,0.7,FALSE,"Bad"
"FT324",380.874581681891,0.000142472616504135,0.000700950764553454,1266.79583740234,10.5327424248025,46.427001953125,45.7019369102515,22.0732980083121,7.39743622946827,6.76909706293918,22148630.2894737,31.5,14.5263157894737,1392.78947368421,195.315789473684,240.263157894737,38,0.958333333333333,0.9,TRUE,"Bad"
"FT325",380.874592834935,0.000132674703264266,0.000642660887592683,1217.91760253906,9.0179458245368,26.7493896484375,61.2727126847551,14.2912482389895,7.27309972166954,6.79297848972224,17504641.0740741,29.3333333333333,18.7777777777778,1333.62962962963,137.703703703704,205.814814814815,31,0.833333333333333,0.7,TRUE,"Bad"
"FT326",380.900239317815,0.000129663712079516,0.000633665024281527,1217.44067382812,10.8749182472329,38.528564453125,58.2293256392046,17.2180241453299,6.96413111973946,6.50259606229486,6745892.61764706,30.4117647058824,18.5294117647059,1333.44117647059,143.558823529412,207.029411764706,31,0.916666666666667,0.6,FALSE,"Bad"
"FT327",380.900203291831,0.00015746316405584,0.000724987586124826,1266.94897460938,9.90840976680228,38.88427734375,36.7154364653201,12.5320768343309,7.05915804053265,6.50632494045934,8920825.51612903,30.0322580645161,15.5161290322581,1389.16129032258,212.58064516129,255.322580645161,31,0.916666666666667,0.5,FALSE,"Bad"
"FT328",401.12467879596,0.000123265516465749,0.000478836056686305,314.766464233398,2.30754123680402,9.108154296875,89.708740234375,1.77853831488211,6.45248784523844,6.82001875896669,2643,5,14,338.5,129,227.5,9,0.0833333333333334,0.6,FALSE,"Bad"
"FT329",402.882440454575,0.000152627521770819,0.000737466895884609,1267.42694091797,8.98459284215767,43.1085205078125,43.1595248391242,17.3956327773121,7.14982800680338,6.54938623202966,11497009.0555556,33.1388888888889,16.9444444444444,1393.44444444444,198.333333333333,242.694444444444,39,1,0.9,TRUE,"Bad"
"FT330",402.882445656571,0.000153148148916273,0.000661964464484299,1217.76354980469,9.73923366074897,29.75634765625,59.8737222756288,17.1560789965258,7.04529329286923,6.56598904427569,8870058.0625,31.125,19,1332.8125,142.6875,209.34375,32,0.916666666666667,0.6,TRUE,"Bad"
"FT331",424.864422543452,0.000153907876757147,0.00076201286833566,1268.66015625,8.724601056811,39.4945068359375,40.669373979367,19.4822326086754,7.04889825344403,6.42391187442275,9705358.24242424,33.9090909090909,16.030303030303,1394.30303030303,200.606060606061,243.121212121212,35,0.958333333333333,0.8,FALSE,"Bad"
"FT332",424.864580045859,0.000183921664688519,0.000740703183566893,1218.01739501953,9.19341302156175,29.562870390625,57.9296835478516,14.3816893937946,6.93067222143903,6.44041935252027,7772722.78125,30.875,18.25,1336.03125,140.28125,205.0625,33,0.916666666666667,0.7,TRUE,"Bad"
"FT333",446.846402659446,0.000181042938257076,0.000913333866833455,1267.58837890625,10.6825594766312,44.1779743359375,44.4517410394436,21.7436055879385,7.2299180016195,6.62731003832221,16849702.1025641,35.1282051282051,15,1392.33333333333,195.692307692308,240.384615384615,39,1,0.9,TRUE,"Bad"
"FT334",446.846396007432,0.000165853056128853,0.000777812820899726,1217.55456542969,9.16425559747566,29.3319091796875,61.5131434501689,12.1346755363663,7.0833874185885,6.67700854084503,12130897.2592593,33.4074074074074,18.4074074074074,1331.66666666667,135.518518518519,204.62962962963,31,0.875,0.6,TRUE,"Bad"
"FT335",464.883048799293,0.000149255507878605,0.000753625881316111,1218.23956298828,10.0347716167053,30.0980224609375,59.1209205659299,16.2123613164792,6.90694224489186,6.43398982086537,6519169.20833333,36.0833333333333,18.9166666666667,1334.125,146.833333333333,209.541666666667,24,0.666666666666667,0.6,FALSE,"Bad"
"FT336",464.883101558592,0.00017646308991313,0.000878502716261664,1271.57971191406,7.43174777788646,33.8614501953125,34.1609314094172,10.676969808593,7.00631478327325,6.40958135233802,8540752.73684211,36.4210526315789,16.5789473684211,1393.73684210526,215.157894736842,258.894736842105,23,0.666666666666667,0.5,FALSE,"Bad"
"FT337",465.925866267819,0.000173900298042778,0.00068892304233259,791.989990234375,4.41697864958455,16.5601196289062,89.6087988384046,2.06304261378806,6.88776119131851,6.41535023026405,2755554,15,12,864.5,129,221.75,7,0.125,0.4,FALSE,"Bad"
"FT338",486.839321252902,0.000212451642728139,0.000939508767203279,1266.05651855469,9.12683564082974,33.264892578125,36.7858229417067,8.24484821599876,6.97998906465285,6.27789354043751,8362000.57142857,34.9285714285714,18.1428571428571,1380.71428571429,212.785714285714,261.928571428571,16,0.375,0.6,FALSE,"Bad"
"FT339",486.839336892191,0.000165897462955089,0.000746980189376245,1220.06579589844,8.78047524135523,25.9827880859375,60.087251551011,9.97241158445849,6.8334776756674,6.34016094221655,5192664.91666667,34.0833333333333,19.6666666666667,1323.75,137.666666666667,206.083333333333,19,0.375,0.8,FALSE,"Bad"
"FT340",486.864906899918,0.000190807063141832,0.000774882354846795,1219.36236572266,10.1553849226284,37.9986572265625,57.5351228053977,16.1673521998012,6.89931866999602,6.35883373928114,7841603.5,34.0333333333333,18,1333.06666666667,145.866666666667,209.566666666667,27,0.708333333333333,0.7,TRUE,"Bad"
"FT341",486.864927205656,0.000186211237725904,0.000895222485212344,1272.30102539062,8.70920055118366,35.3878173828125,32.2998446633429,8.72460095232366,6.99826365376835,6.37591262130105,9887836.2,36.6,17.1,1391,221.75,264.45,23,0.708333333333333,0.5,FALSE,"Bad"
"FT342",526.883507534523,0.000174327794942469,0.000837615283330706,1217.57531738281,10.9237994274663,31.2691650390625,58.0455315234375,16.2676199826746,6.95772006044752,6.48130100342008,8539138.78787879,35.2121212121212,18.7575757575758,1336.18181818182,146.242424242424,209.666666666667,31,0.875,0.6,TRUE,"Bad"
"FT343",526.883481579055,0.000204644545461346,0.000936967286179424,1269.21618652344,8.49427471552714,33.5785543359375,37.1150435446715,12.6705272004317,7.05606741040011,6.49768997927922,10483754.4137931,35.1034482758621,15.3448275862069,1392.86206896552,212.206896551724,254.620689655172,31,0.875,0.5,TRUE,"Bad"
"FT344",548.8653690277,0.000203339199321412,0.000969519082900661,1217.03820800781,8.98126097917593,29.380126953125,60.0929925480364,12.2093273468097,6.86106256425172,6.36398666695301,7495555.64285714,41.1428571428571,16.8571428571429,1346.42857142857,145.357142857143,202.928571428571,18,0.375,0.7,FALSE,"Bad"
"FT345",548.865340168099,0.000209750720279126,0.000956610828097837,1276.81707763672,6.37179789659272,26.8841552734375,27.7481803168403,7.12476606377002,6.97306930630574,6.41767925297432,9554565.9,41.1,12.2,1404.3,219,252.3,15,0.375,0.5,FALSE,"Bad"
"FT346",632.847707820446,0.000207540793327714,0.000969428329653965,1221.255859375,9.87829607588216,31.9100341796875,63.4160472101151,15.2635193168957,6.85414181268314,6.36969427657867,4490954.08333333,40.0833333333333,17.5,1337.83333333333,154.833333333333,214.666666666667,15,0.333333333333333,0.6,FALSE,"Bad"
"FT347",632.847604800041,0.000235318573508988,0.00110629010157481,1276.19104003906,7.16745451281892,31.5186767578125,32.5904522173394,6.00919486049066,6.977644869777,6.39678051635771,6963496.75,40.125,15.5,1398.25,226,267,13,0.333333333333333,0.5,FALSE,"Bad"
"FT348",711.069387528779,0.000269956385140128,0.000984541281695783,553.967712402344,11.9149164691052,52.1826171875,55.7957818838867,12.916187164552,6.98232467539867,6.53989497539112,7469183.92857143,12.7857142857143,16.8571428571429,600.214285714286,173.714285714286,237.285714285714,15,0.375,0.4,FALSE,"Bad"
"FT349",713.066539175823,0.00027220924924121,0.000979040179458934,553.565368652344,13.1396095518084,57.198974609375,62.154184219401,20.9449980696031,7.07120947879615,6.57257025024153,8014970.61290323,12.4193548387097,16.9354838709677,602.58064516129,172,239.774193548387,30,0.875,0.4,TRUE,"Bad"
"FT350",715.063360274497,0.000271792587767152,0.000937047856268691,553.547327326172,13.1572101387646,52.6893920898438,61.8715235242388,13.958419975901,6.96453339462071,6.47554088794226,6611113,13.3333333333333,16.8333333333333,598.833333333333,164.166666666667,235.833333333333,14,0.375,0.4,FALSE,"Bad"
