feature,mzmed,rtmed,compound_name,structure,class,cruise,polarity
FK_POS_0099,75.10042880420646,8.99396464029948,NA,NA,NA,FK,pos
FK_POS_0100,76.03999836201224,10.494403076171874,Glycine,NA,NA,FK,pos
FK_POS_0101,76.07632603892432,5.228152211507162,Trimethylamine N-oxide,NA,NA,FK,pos
FK_POS_0118,84.04499159891637,9.995914204915364,NA,NA,NA,FK,pos
FK_POS_0119,84.04498577144575,10.833963012695312,NA,NA,NA,FK,pos
FK_POS_0184,90.09189576391496,5.444854736328125,NA,NA,NA,FK,pos
FK_POS_0191,91.09517067922474,4.943559773763021,NA,NA,NA,FK,pos
FK_POS_0246,102.0553572772402,10.894170633951823,NA,NA,NA,FK,pos
FK_POS_0265,104.10738591667896,9.225455729166669,NA,NA,NA,FK,pos
FK_POS_0267,104.1073990101261,10.64173787434896,Choline,NA,NA,FK,pos
FK_POS_0294,112.0508974575996,5.42477060953776,Cytosine,NA,NA,FK,pos
FK_POS_0297,112.05089185353174,4.828016153971354,NA,NA,NA,FK,pos
FK_POS_0306,113.05420525549468,6.514600880940756,NA,NA,NA,FK,pos
FK_POS_0334,117.05488603913814,9.39979756673177,NA,NA,NA,FK,pos
FK_POS_0340,118.0864495204702,5.776863606770833,Glycine betaine,NA,NA,FK,pos
FK_POS_0345,119.03413536393096,9.741737874348958,NA,NA,NA,FK,pos
FK_POS_0346,119.03409802845415,9.208269755045572,NA,NA,NA,FK,pos
FK_POS_0356,120.06576129858068,9.873048909505208,L-Homoserine,NA,NA,FK,pos
FK_POS_0357,120.06576574297924,9.251244099934896,L-Threonine,NA,NA,FK,pos
FK_POS_0358,120.080981254425,4.635010528564453,NA,NA,NA,FK,pos
FK_POS_0368,121.03201858642272,6.933140106136068,Dimethylsulfonioacetate,NA,NA,FK,pos
FK_POS_0395,122.06836629493851,3.1227779388427734,NA,NA,NA,FK,pos
FK_POS_0398,123.02785509021489,6.929871114095052,NA,NA,NA,FK,pos
FK_POS_0404,123.05542871603556,2.604179128011068,NA,NA,NA,FK,pos
FK_POS_0412,124.0394687499847,3.265706888834635,Nicotinic acid,NA,NA,FK,pos
FK_POS_0413,124.03934647367772,6.052489725748698,NA,NA,NA,FK,pos
FK_POS_0453,125.04276112422326,3.490208943684896,NA,NA,NA,FK,pos
FK_POS_0457,126.0220932268347,9.756754557291666,Taurine,NA,NA,FK,pos
FK_POS_0469,128.06987229743515,5.340752156575521,NA,NA,NA,FK,pos
FK_POS_0491,129.066035705444,8.32862548828125,NA,NA,NA,FK,pos
FK_POS_0502,130.050021208666,10.887204996744792,Pyro from glutamate,NA,NA,FK,pos
FK_POS_0503,130.05002309028308,9.995794677734375,Pyro from glutamine,NA,NA,FK,pos
FK_POS_0508,130.15916360422858,5.322101593017578,NA,NA,NA,FK,pos
FK_POS_0522,132.0768661948386,9.577911376953123,Creatine,NA,NA,FK,pos
FK_POS_0526,132.1020137692853,7.945291137695311,beta-Alaninebetaine,NA,NA,FK,pos
FK_POS_0527,132.10204508400426,5.121253458658854,L-Leucine,NA,NA,FK,pos
FK_POS_0531,133.03187478150795,6.27566401163737,NA,NA,NA,FK,pos
FK_POS_0534,133.13845751723778,1.983105977376302,NA,NA,NA,FK,pos
FK_POS_0535,135.0474720675047,8.230699666341145,Dimethylsulfoniopropionate,NA,NA,FK,pos
FK_POS_0539,136.06187825561642,3.833819580078125,Adenine,NA,NA,FK,pos
FK_POS_0540,136.06183172371678,2.9166978200276694,NA,NA,NA,FK,pos
FK_POS_0551,137.04586698806034,4.832313537597656,Allopurinol,NA,NA,FK,pos
FK_POS_0552,137.04586727899542,5.948610941569011,Hypoxanthine,NA,NA,FK,pos
FK_POS_0555,137.06318759269828,9.383694458007811,NA,NA,NA,FK,pos
FK_POS_0559,137.0651143850871,2.3899621327718097,NA,NA,NA,FK,pos
FK_POS_0560,137.16350219539444,1.983105977376302,NA,NA,NA,FK,pos
FK_POS_0565,138.05502751744518,6.346502685546875,NA,NA,NA,FK,pos
FK_POS_0566,138.05508639063112,4.353293863932292,Homarine,NA,NA,FK,pos
FK_POS_0600,140.0376001801198,7.4590087890625,N-Methyltaurine,NA,NA,FK,pos
FK_POS_0620,141.06594764623895,5.730123901367188,NA,NA,NA,FK,pos
FK_POS_0644,143.08159760080144,6.543831888834635,NA,NA,NA,FK,pos
FK_POS_0645,143.08160263153547,7.009664916992189,Ectoine,NA,NA,FK,pos
FK_POS_0647,144.07869391035206,7.919480387369791,NA,NA,NA,FK,pos
FK_POS_0649,144.1019745586704,5.018524678548177,Proline betaine,NA,NA,FK,pos
FK_POS_0653,144.1019718579114,7.706624857584635,NA,NA,NA,FK,pos
FK_POS_0690,146.06004509983472,2.1021525700887045,NA,NA,NA,FK,pos
FK_POS_0696,146.11759593582929,8.311589558919271,(3-Carboxypropyl)trimethylammonium,NA,NA,FK,pos
FK_POS_0718,147.04747214451052,6.955941263834635,NA,NA,NA,FK,pos
FK_POS_0719,147.0764556705356,9.992466735839844,L-Glutamine,NA,NA,FK,pos
FK_POS_0723,147.12090210093322,6.792440287272135,NA,NA,NA,FK,pos
FK_POS_0727,148.06047862594215,10.88721720377604,L-Glutamic acid/O-Acetyl-L-serine/beta-Glutamic acid,NA,NA,FK,pos
FK_POS_0729,148.09686054664255,6.837554677327475,Hydroxyisoleucine,NA,NA,FK,pos
FK_POS_0740,150.0583528334014,6.27566401163737,L-Methionine,NA,NA,FK,pos
FK_POS_0744,150.07742406623044,4.980593872070313,N6-Methyladenine,NA,NA,FK,pos
FK_POS_0747,151.07470144064254,2.964796447753906,NA,NA,NA,FK,pos
FK_POS_0750,151.0807025328084,2.9624476114908855,NA,NA,NA,FK,pos
FK_POS_0751,151.09653889917192,2.261619059244792,NA,NA,NA,FK,pos
FK_POS_0752,151.1441977818546,5.211473592122396,NA,NA,NA,FK,pos
FK_POS_0753,152.05673796998508,6.729756673177083,Guanine,NA,NA,FK,pos
FK_POS_0754,152.05683400362514,8.205359903971354,NA,NA,NA,FK,pos
FK_POS_0779,154.05326531274244,4.346571858723959,NA,NA,NA,FK,pos
FK_POS_0784,155.08153405110625,7.305668640136719,NA,NA,NA,FK,pos
FK_POS_0794,157.09723023850302,5.852352905273437,NA,NA,NA,FK,pos
FK_POS_0795,157.09722762425216,5.227884928385417,NA,NA,NA,FK,pos
FK_POS_0821,158.08121301926633,6.809013366699219,NA,NA,NA,FK,pos
FK_POS_0825,159.0764799177555,10.759698994954428,NA,NA,NA,FK,pos
FK_POS_0826,159.07646119671043,8.712959798177083,NA,NA,NA,FK,pos
FK_POS_0827,159.07645315093424,10.174286397298175,5-Hydroxyectoine,NA,NA,FK,pos
FK_POS_0829,160.09690996615603,6.980014038085938,Betonicine/Turicine,NA,NA,FK,pos
FK_POS_0830,160.0969157039488,8.022954813639323,NA,NA,NA,FK,pos
FK_POS_0831,160.096920454376,6.197325134277344,NA,NA,NA,FK,pos
FK_POS_0832,160.09688244381556,5.39501953125,NA,NA,NA,FK,pos
FK_POS_0838,160.13327944705443,7.196553548177083,NA,NA,NA,FK,pos
FK_POS_0840,160.1333234988943,8.28984120686849,NA,NA,NA,FK,pos
FK_POS_0842,162.0760953414634,9.051955159505209,NA,NA,NA,FK,pos
FK_POS_0843,162.11255341790863,5.275800323486328,Carnitine,NA,NA,FK,pos
FK_POS_0844,162.11252492463964,8.233120727539063,NA,NA,NA,FK,pos
FK_POS_0845,162.1125401128037,6.726203918457031,NA,NA,NA,FK,pos
FK_POS_0857,165.0581402283683,6.939016469319662,NA,NA,NA,FK,pos
FK_POS_0866,166.034990731932,5.587386067708334,NA,NA,NA,FK,pos
FK_POS_0878,166.0532315862891,8.768198140462239,L-Methionine S-oxide,NA,NA,FK,pos
FK_POS_0885,166.08632702005906,7.887883504231771,Ethyl aminobenzoate?,NA,NA,FK,pos
FK_POS_0894,167.12596140722928,3.124527104695638,NA,NA,NA,FK,pos
FK_POS_0896,168.05062437602842,6.312502034505209,NA,NA,NA,FK,pos
FK_POS_0912,170.06833897175096,15.214851888020831,NA,NA,NA,FK,pos
FK_POS_0922,173.0921803989668,6.8968645731608085,NA,NA,NA,FK,pos
FK_POS_0924,174.02199738371078,4.4801485697428385,NA,NA,NA,FK,pos
FK_POS_0925,174.03874957132956,6.729422760009766,NA,NA,NA,FK,pos
FK_POS_0926,175.1077667695207,6.81224365234375,NA,NA,NA,FK,pos
FK_POS_0927,175.119036066026,16.72916259765625,L-Arginine,NA,NA,FK,pos
FK_POS_0928,176.05537516822213,11.144624837239585,Succinylglycine,NA,NA,FK,pos
FK_POS_0931,176.1281554512251,8.996378580729166,NA,NA,NA,FK,pos
FK_POS_0932,176.12819651087682,7.492479705810547,NA,NA,NA,FK,pos
FK_POS_0934,177.03615427112325,6.729532877604167,NA,NA,NA,FK,pos
FK_POS_0936,179.00483837582908,5.561797078450521,Arsenobetaine,NA,NA,FK,pos
FK_POS_0938,179.07365333396336,9.470156860351562,Gonyol,NA,NA,FK,pos
FK_POS_0939,179.07372487712672,8.266624959309896,NA,NA,NA,FK,pos
FK_POS_0945,180.08664392684491,8.938519287109376,Glucosamine,NA,NA,FK,pos
FK_POS_0946,180.10195010548102,6.915293375651042,NA,NA,NA,FK,pos
FK_POS_0965,181.0693881646876,9.392179870605467,NA,NA,NA,FK,pos
FK_POS_0994,182.0672799940619,5.517046356201172,NA,NA,NA,FK,pos
FK_POS_0996,182.08122430634563,7.990095520019532,L-Tyrosine,NA,NA,FK,pos
FK_POS_1052,189.12333811343507,7.984024556477864,NA,NA,NA,FK,pos
FK_POS_1054,189.12336945947243,6.985976155598959,N6-Acetyl-L-lysine,NA,NA,FK,pos
FK_POS_1055,189.15973392617053,14.803292846679687,"N6,N6,N6-Trimethyl-L-lysine",NA,NA,FK,pos
FK_POS_1058,190.07101952018328,10.658884175618487,N-Acetyl-L-glutamic acid,NA,NA,FK,pos
FK_POS_1061,190.16300575734823,14.020567830403646,NA,NA,NA,FK,pos
FK_POS_1063,193.05306230832997,9.707369995117189,NA,NA,NA,FK,pos
FK_POS_1064,193.0895156314959,8.262836201985676,NA,NA,NA,FK,pos
FK_POS_1065,193.08936603796832,7.666927337646484,NA,NA,NA,FK,pos
FK_POS_1066,193.15485655046564,5.666852823893229,NA,NA,NA,FK,pos
FK_POS_1073,196.08296607334125,4.069387181599935,NA,NA,NA,FK,pos
FK_POS_1087,198.0986240516091,4.871315002441406,NA,NA,NA,FK,pos
FK_POS_1088,198.18531840401369,1.8105092366536464,NA,NA,NA,FK,pos
FK_POS_1120,204.08676796959924,6.552527364095052,NA,NA,NA,FK,pos
FK_POS_1132,205.07078529782115,9.732530721028644,NA,NA,NA,FK,pos
FK_POS_1133,205.07071260881375,9.216480509440103,NA,NA,NA,FK,pos
FK_POS_1140,206.13880600056393,5.1447191874186196,Dexpanthenol,NA,NA,FK,pos
FK_POS_1142,207.0615406957719,5.5139620463053385,NA,NA,NA,FK,pos
FK_POS_1143,207.10563077096725,2.3906355539957684,NA,NA,NA,FK,pos
FK_POS_1144,207.141972050479,2.3772555033365887,NA,NA,NA,FK,pos
FK_POS_1151,209.04794989523495,9.915108235677083,NA,NA,NA,FK,pos
FK_POS_1155,209.07718918197773,6.312502034505209,NA,NA,NA,FK,pos
FK_POS_1156,209.08445276662016,6.671580251057943,NA,NA,NA,FK,pos
FK_POS_1187,218.13877908920068,9.775421651204429,O-Propionylcarnitine,NA,NA,FK,pos
FK_POS_1193,219.14195243518827,4.2970329284667965,NA,NA,NA,FK,pos
FK_POS_1194,220.0638318784672,10.097709147135417,NA,NA,NA,FK,pos
FK_POS_1195,220.0815569699776,2.49924799601237,O-Succinylhomoserine?,NA,NA,FK,pos
FK_POS_1201,222.0972596871916,9.69153849283854,N-Acetyl-D-glucosamine,NA,NA,FK,pos
FK_POS_1204,223.0938208638259,5.415281168619791,NA,NA,NA,FK,pos
FK_POS_1205,223.12463608228165,1.9262088775634765,NA,NA,NA,FK,pos
FK_POS_1235,227.11391956325664,11.081708272298178,Carnosine,NA,NA,FK,pos
FK_POS_1236,227.11381951661735,10.579606628417968,NA,NA,NA,FK,pos
FK_POS_1242,232.11797847028544,8.37045923868815,NA,NA,NA,FK,pos
FK_POS_1265,234.1590666140468,3.4979303995768225,NA,NA,NA,FK,pos
FK_POS_1286,236.1492688213607,8.617018636067709,NA,NA,NA,FK,pos
FK_POS_1315,241.1294448633912,9.167150370279948,Anserine,NA,NA,FK,pos
FK_POS_1316,241.1295197224959,9.688013712565104,NA,NA,NA,FK,pos
FK_POS_1323,244.09285587629577,6.507144165039063,Cytidine,NA,NA,FK,pos
FK_POS_1324,244.11150313815267,11.097499084472656,NA,NA,NA,FK,pos
FK_POS_1330,245.11327456422467,9.443178304036458,NA,NA,NA,FK,pos
FK_POS_1334,246.09721834947712,8.211125691731771,NA,NA,NA,FK,pos
FK_POS_1335,246.09719901218497,7.6400400797526045,NA,NA,NA,FK,pos
FK_POS_1356,251.12508372050195,4.3789014180501304,NA,NA,NA,FK,pos
FK_POS_1359,252.10899433745732,3.0024724324544274,Deoxyadenosine/Muramic acid,NA,NA,FK,pos
FK_POS_1362,252.1441539748006,9.2364013671875,NA,NA,NA,FK,pos
FK_POS_1372,255.09098665020736,4.9484807332356775,NA,NA,NA,FK,pos
FK_POS_1373,258.110214476757,9.654432169596356,Glycerophosphocholine,NA,NA,FK,pos
FK_POS_1381,260.1128610431599,2.474880345662435,NA,NA,NA,FK,pos
FK_POS_1382,260.1644915728591,1.7939390818277992,2-Heptyl-3-hydroxy-quinolone,NA,NA,FK,pos
FK_POS_1405,268.1040818484157,3.545255406697591,Adenosine,NA,NA,FK,pos
FK_POS_1418,269.0881063910641,6.039759318033855,Inosine,NA,NA,FK,pos
FK_POS_1419,269.1053179802186,9.52671407063802,NA,NA,NA,FK,pos
FK_POS_1423,273.089052430583,3.5360036214192707,NA,NA,NA,FK,pos
FK_POS_1439,275.11794057460355,1.8540995279947916,NA,NA,NA,FK,pos
FK_POS_1450,284.0989128715262,7.489156087239583,Guanosine,NA,NA,FK,pos
FK_POS_1451,285.1444530824209,6.7797503153483065,NA,NA,NA,FK,pos
FK_POS_1452,286.1133578848869,10.006781514485676,NA,NA,NA,FK,pos
FK_POS_1453,289.1334713011329,1.788470458984375,NA,NA,NA,FK,pos
FK_POS_1454,289.1393181084616,8.942589314778646,NA,NA,NA,FK,pos
FK_POS_1456,290.13459116642616,9.914917500813802,Ophthalmic acid,NA,NA,FK,pos
FK_POS_1475,295.128797569174,7.907201131184896,Glutamylphenylalanine,NA,NA,FK,pos
FK_POS_1509,298.09666262917483,2.384862009684245,NA,NA,NA,FK,pos
FK_POS_1558,314.09170211417415,3.962385686238606,NA,NA,NA,FK,pos
FK_POS_1578,329.1342304433334,8.980779012044271,NA,NA,NA,FK,pos
FK_POS_1579,330.0597291055936,5.786863708496094,NA,NA,NA,FK,pos
FK_POS_1582,333.12923741001487,10.141599527994792,NA,NA,NA,FK,pos
FK_POS_1619,345.0781351990093,10.563719177246094,Thiamine monophosphate,NA,NA,FK,pos
FK_POS_1620,346.05476031938207,9.635549926757813,NA,NA,NA,FK,pos
FK_POS_1621,347.1448286453636,9.375792439778646,NA,NA,NA,FK,pos
FK_POS_1622,347.1450233178782,6.268218739827475,NA,NA,NA,FK,pos
FK_POS_1631,352.2329316511748,1.7593645731608072,NA,NA,NA,FK,pos
FK_POS_1699,385.1286947179492,8.822920735677084,S-Adenosylhomocysteine,NA,NA,FK,pos
FK_POS_1700,386.0422143742244,3.799587631225586,NA,NA,NA,FK,pos
FK_POS_1701,388.2542037068019,1.7893711090087892,NA,NA,NA,FK,pos
FK_POS_1709,401.1247935156536,5.211473592122396,NA,NA,NA,FK,pos
FK_POS_1717,413.77816099613005,2.956006876627604,NA,NA,NA,FK,pos
FK_NEG_0056,71.0126305241181,4.141753387451172,NA,NA,NA,FK,neg
FK_NEG_0303,99.00759267875746,2.2949371337890625,NA,NA,NA,FK,neg
FK_NEG_0327,102.02659523335726,5.974408467610677,NA,NA,NA,FK,neg
FK_NEG_0336,104.0422780548609,6.781758117675781,NA,NA,NA,FK,neg
FK_NEG_0386,108.99535817771468,4.383607737223307,Ethanesulfonic acid,NA,NA,FK,neg
FK_NEG_0387,109.02836426576052,4.018333689371745,NA,NA,NA,FK,neg
FK_NEG_0428,116.92745696055724,15.815594482421874,NA,NA,NA,FK,neg
FK_NEG_0447,119.01613558656696,3.0941678365071614,NA,NA,NA,FK,neg
FK_NEG_0456,122.02371029900416,6.498295338948568,NA,NA,NA,FK,neg
FK_NEG_0476,123.01106192293202,3.0527252197265624,1-Propanesulfonate,NA,NA,FK,neg
FK_NEG_0477,124.00634993297388,9.806722513834636,Taurine,NA,NA,FK,neg
FK_NEG_0478,124.99036109319836,6.136057281494142,Isethionic acid,NA,NA,FK,neg
FK_NEG_0483,126.90399335538316,4.812976582845052,NA,NA,NA,FK,neg
FK_NEG_0568,134.04620174205454,3.842767588297526,Adenine,NA,NA,FK,neg
FK_NEG_0618,137.0234391972528,6.732299041748047,Salicylic acid,NA,NA,FK,neg
FK_NEG_0625,138.02204486066924,11.156461079915363,3-Aminopropanesulfonate,NA,NA,FK,neg
FK_NEG_0626,138.02205137723786,7.835289764404297,NA,NA,NA,FK,neg
FK_NEG_0630,138.96964949316958,12.985044352213542,NA,NA,NA,FK,neg
FK_NEG_0631,138.9697004071856,13.938035074869791,Sulfoacetic acid,NA,NA,FK,neg
FK_NEG_0654,141.0659906888364,8.354297383626301,Ectoine,NA,NA,FK,neg
FK_NEG_0658,144.06567936936636,3.0947064717610684,Butyrylglycine,NA,NA,FK,neg
FK_NEG_0670,145.0133167457326,12.047216796875,2-Ketoglutaric acid,NA,NA,FK,neg
FK_NEG_0680,145.06094579178148,10.765924580891928,NA,NA,NA,FK,neg
FK_NEG_0681,145.06095562396604,10.023600260416666,NA,NA,NA,FK,neg
FK_NEG_0689,146.04496815191766,10.921553548177084,NA,NA,NA,FK,neg
FK_NEG_0690,146.04495769358533,7.30046641031901,NA,NA,NA,FK,neg
FK_NEG_0694,147.0112341591022,2.15320250193278,2-keto-4-methylthiobutyric acid,NA,NA,FK,neg
FK_NEG_0723,149.0268771343563,2.6769334157307942,2-Hydroxy-4-(methylthio)butyric acid,NA,NA,FK,neg
FK_NEG_0724,150.0412542813566,6.681722513834635,Guanine,NA,NA,FK,neg
FK_NEG_0727,150.96976932031748,12.664361572265625,NA,NA,NA,FK,neg
FK_NEG_0728,150.96976699818686,13.308650716145833,NA,NA,NA,FK,neg
FK_NEG_0733,153.0184131512381,4.0234934488932295,"2,5-Dihydroxybenzoic acid",NA,NA,FK,neg
FK_NEG_0737,155.0089897328265,6.871557871500651,Orotic acid,NA,NA,FK,neg
FK_NEG_0764,156.9982780011199,11.90911610921224,NA,NA,NA,FK,neg
FK_NEG_0799,166.01718995983003,4.833482615152994,N-Acetyltaurine,NA,NA,FK,neg
FK_NEG_0810,167.9964421368399,11.927817789713542,L-Cysteic acid,NA,NA,FK,neg
FK_NEG_0814,171.04780001210543,2.03979123433431,NA,NA,NA,FK,neg
FK_NEG_0815,172.00668365067577,6.712617746988932,Sulfanilic acid,NA,NA,FK,neg
FK_NEG_0862,187.10825406675565,8.557419840494791,NA,NA,NA,FK,neg
FK_NEG_0863,188.05588135692744,11.302630106608072,N-Acetyl-L-glutamic acid,NA,NA,FK,neg
FK_NEG_0905,203.8685527666775,3.0092034657796227,NA,NA,NA,FK,neg
FK_NEG_0906,204.1237239633924,2.3712459564208985,NA,NA,NA,FK,neg
FK_NEG_0910,205.03583668926225,2.074151865641276,Lipoic acid,NA,NA,FK,neg
FK_NEG_0974,218.78867797947152,8.075027974446614,NA,NA,NA,FK,neg
FK_NEG_0985,225.09907851743836,11.042409769694013,Carnosine,NA,NA,FK,neg
FK_NEG_1006,239.11482883398293,9.698171488444013,Anserine,NA,NA,FK,neg
FK_NEG_1007,242.07824672507388,6.949891153971355,Cytidine,NA,NA,FK,neg
FK_NEG_1008,243.0621398395549,4.852922566731771,Uridine,NA,NA,FK,neg
FK_NEG_1009,244.08270575222667,8.817743937174479,NA,NA,NA,FK,neg
FK_NEG_1021,253.0930003815137,8.643931070963541,NA,NA,NA,FK,neg
FK_NEG_1047,258.15011995296277,1.611325709025065,NA,NA,NA,FK,neg
FK_NEG_1048,260.7408311209873,7.543943277994791,NA,NA,NA,FK,neg
FK_NEG_1051,266.7345483643213,7.523056030273437,NA,NA,NA,FK,neg
FK_NEG_1052,267.0724440881526,10.056936645507813,NA,NA,NA,FK,neg
FK_NEG_1053,267.07238980088664,10.82147979736328,NA,NA,NA,FK,neg
FK_NEG_1054,267.073765912122,6.511148325602213,Inosine,NA,NA,FK,neg
FK_NEG_1075,281.05247095703703,1.83480707804362,NA,NA,NA,FK,neg
FK_NEG_1076,282.0846268797111,7.8982185363769535,Guanosine,NA,NA,FK,neg
FK_NEG_1095,287.11950835873876,1.732751973470052,NA,NA,NA,FK,neg
FK_NEG_1096,288.1204019207945,10.652359517415364,NA,NA,NA,FK,neg
FK_NEG_1098,292.89516888081494,13.138741048177083,NA,NA,NA,FK,neg
FK_NEG_1099,293.1146835709706,8.524360148111978,Glutamylphenylalanine,NA,NA,FK,neg
FK_NEG_1119,305.0881559762628,12.625009155273435,NA,NA,NA,FK,neg
FK_NEG_1137,316.7392440226866,5.117953491210938,NA,NA,NA,FK,neg
FK_NEG_1139,317.05497830999764,11.48390401204427,NA,NA,NA,FK,neg
FK_NEG_1143,328.04560449075814,6.257373046875,"3',5'-Cyclic AMP",NA,NA,FK,neg
FK_NEG_1180,341.10920662239187,10.137511189778646,Lactose/Maltose/Trehalose/Sucrose,NA,NA,FK,neg
FK_NEG_1183,344.0404195060249,9.695044962565104,"3',5'-Cyclic GMP",NA,NA,FK,neg
FK_NEG_1212,370.97475923788534,5.030353291829427,NA,NA,NA,FK,neg
FK_NEG_1220,383.1147171127083,9.500223286946614,NA,NA,NA,FK,neg
FK_NEG_1252,410.0878633615863,4.818532562255859,NA,NA,NA,FK,neg
FK_NEG_1264,426.83884079367544,3.002535883585612,NA,NA,NA,FK,neg
FK_NEG_1339,565.0482318611397,12.481932576497394,NA,NA,NA,FK,neg
FK_NEG_1340,565.0482606419853,13.059332275390624,UDP-glucose,NA,NA,FK,neg
FK_NEG_1364,606.0753596527647,12.0267578125,UDP-N-acetylglucosamine,NA,NA,FK,neg
MS_POS_0003,60.08151595055261,6.1401123046875,Trimethylamine,NA,NA,MS,pos
MS_POS_0026,70.06580840116803,9.113645935058594,NA,NA,NA,MS,pos
MS_POS_0057,74.06068593489618,11.240670776367187,NA,NA,NA,MS,pos
MS_POS_0085,76.07628616221359,6.833000691731771,Trimethylamine N-oxide,NA,NA,MS,pos
MS_POS_0110,84.08132091628764,9.521541341145833,NA,NA,NA,MS,pos
MS_POS_0111,84.08132569143062,8.578253173828125,NA,NA,NA,MS,pos
MS_POS_0114,85.0289101755703,4.748388417561849,NA,NA,NA,MS,pos
MS_POS_0115,85.02890856957904,5.96742909749349,NA,NA,NA,MS,pos
MS_POS_0116,85.02894537720027,1.9619762420654296,NA,NA,NA,MS,pos
MS_POS_0145,87.04456749983902,11.755095418294273,NA,NA,NA,MS,pos
MS_POS_0146,87.04456884599293,1.713169924418131,NA,NA,NA,MS,pos
MS_POS_0147,87.04457550901107,2.318030420939128,NA,NA,NA,MS,pos
MS_POS_0149,87.0445721862712,10.266279602050782,NA,NA,NA,MS,pos
MS_POS_0184,90.03770947831498,2.330462646484375,NA,NA,NA,MS,pos
MS_POS_0185,90.05546384766802,11.051394653320312,L-Alanine,NA,NA,MS,pos
MS_POS_0186,90.05546026767817,11.675436401367188,NA,NA,NA,MS,pos
MS_POS_0187,90.05545832550038,10.387267049153646,Sarcosine/beta-Alanine,NA,NA,MS,pos
MS_POS_0198,91.05470939199849,2.2801534016927083,NA,NA,NA,MS,pos
MS_POS_0205,93.07034951340928,3.763205973307292,NA,NA,NA,MS,pos
MS_POS_0306,101.06008669482244,1.75023562113444,NA,NA,NA,MS,pos
MS_POS_0355,104.10735222430073,10.880843098958334,NA,NA,NA,MS,pos
MS_POS_0356,104.10738267187487,12.763919067382812,Choline,NA,NA,MS,pos
MS_POS_0380,105.1106799578908,10.841925048828124,NA,NA,NA,MS,pos
MS_POS_0382,105.11066825861684,12.7384521484375,NA,NA,NA,MS,pos
MS_POS_0385,106.05024381692922,12.045577494303386,L-Serine,NA,NA,MS,pos
MS_POS_0409,112.05084858918676,6.959435526529948,Cytosine,NA,NA,MS,pos
MS_POS_0412,112.050857448112,8.178077697753906,NA,NA,NA,MS,pos
MS_POS_0457,114.0664357356592,5.134960174560547,Creatinine?,NA,NA,MS,pos
MS_POS_0495,116.07087063221567,9.121817525227865,L-Proline,NA,NA,MS,pos
MS_POS_0510,117.0548253755575,10.964889526367188,NA,NA,NA,MS,pos
MS_POS_0523,118.03231026025163,2.313196182250977,NA,NA,NA,MS,pos
MS_POS_0525,118.0323393428033,2.9089093526204426,Homocysteine thiolactone,NA,NA,MS,pos
MS_POS_0532,118.086374208203,7.406466166178386,Glycine betaine/L-Valine,NA,NA,MS,pos
MS_POS_0550,120.06570693264672,11.064098612467449,L-Homoserine/L-Threonine,NA,NA,MS,pos
MS_POS_0555,120.0809154504644,5.297705078125,NA,NA,NA,MS,pos
MS_POS_0556,120.08099269277436,6.301361083984375,NA,NA,NA,MS,pos
MS_POS_0567,121.03195800339208,8.527534993489583,Dimethylsulfonioacetate,NA,NA,MS,pos
MS_POS_0579,121.06832981814182,10.934081013997396,NA,NA,NA,MS,pos
MS_POS_0589,122.06828640388748,3.768445332845052,NA,NA,NA,MS,pos
MS_POS_0602,123.02774190898523,8.531013997395833,NA,NA,NA,MS,pos
MS_POS_0608,123.05542203149928,2.754363250732422,NA,NA,NA,MS,pos
MS_POS_0620,124.03945800698467,4.263444519042968,Nicotinic acid,NA,NA,MS,pos
MS_POS_0662,125.04276528452895,2.644353739420573,NA,NA,NA,MS,pos
MS_POS_0663,125.04276567191673,3.3251925150553387,NA,NA,NA,MS,pos
MS_POS_0677,126.02206826467224,11.061564127604166,Taurine,NA,NA,MS,pos
MS_POS_0706,128.06981840637394,6.862969462076823,NA,NA,NA,MS,pos
MS_POS_0737,129.06598066379226,9.99821065266927,NA,NA,NA,MS,pos
MS_POS_0751,130.04998372015876,8.636507161458333,5-Oxoproline,NA,NA,MS,pos
MS_POS_0759,130.06519841558256,1.8134456634521483,NA,NA,NA,MS,pos
MS_POS_0760,130.0652514433798,2.259965006510417,NA,NA,NA,MS,pos
MS_POS_0773,131.07036201632786,10.310392761230467,NA,NA,NA,MS,pos
MS_POS_0778,132.06587549382374,11.187960815429689,Hydroxyproline,NA,NA,MS,pos
MS_POS_0783,132.07682228442133,11.080853271484376,Creatine,NA,NA,MS,pos
MS_POS_0786,132.10199183934327,6.759410603841145,L-Isoleucine/L-Leucine,NA,NA,MS,pos
MS_POS_0787,132.10195263700868,9.604827880859377,beta-Alaninebetaine?,NA,NA,MS,pos
MS_POS_0796,133.03193084892624,7.72164560953776,NA,NA,NA,MS,pos
MS_POS_0797,133.03179512862798,7.083918762207031,NA,NA,NA,MS,pos
MS_POS_0798,133.06087466576838,11.668776448567709,L-Asparagine,NA,NA,MS,pos
MS_POS_0799,133.07381998479568,9.683732604980468,NA,NA,NA,MS,pos
MS_POS_0802,133.08002375669383,9.683732604980468,NA,NA,NA,MS,pos
MS_POS_0810,133.1384336777273,1.9624107360839844,NA,NA,NA,MS,pos
MS_POS_0811,134.03255482019526,6.988996378580729,NA,NA,NA,MS,pos
MS_POS_0812,134.0812374539531,10.37432149251302,NA,NA,NA,MS,pos
MS_POS_0813,135.04741986710502,9.879611714680989,Dimethylsulfoniopropionate,NA,NA,MS,pos
MS_POS_0817,136.06179159554463,4.786208089192709,Adenine,NA,NA,MS,pos
MS_POS_0825,136.07576581747827,9.505818684895834,NA,NA,NA,MS,pos
MS_POS_0837,137.0458435128571,5.691609446207682,NA,NA,NA,MS,pos
MS_POS_0838,137.04581815103927,7.769423421223959,Allopurinol/Hypoxanthine?,NA,NA,MS,pos
MS_POS_0839,137.04581381342624,6.445036061604818,NA,NA,NA,MS,pos
MS_POS_0840,137.0587940562745,5.065970102945964,NA,NA,NA,MS,pos
MS_POS_0844,137.06509656879132,3.5657455444335944,NA,NA,NA,MS,pos
MS_POS_0860,137.16346651858427,1.9624107360839844,NA,NA,NA,MS,pos
MS_POS_0862,138.05492712098413,5.548672231038411,Homarine,NA,NA,MS,pos
MS_POS_0863,138.05495374078748,7.981538391113281,Trigonelline,NA,NA,MS,pos
MS_POS_0887,140.03746312018214,12.29828592936198,NA,NA,NA,MS,pos
MS_POS_0888,140.03763394451252,8.940053304036459,N-Methyltaurine,NA,NA,MS,pos
MS_POS_0889,140.03746484931477,11.384605916341146,NA,NA,NA,MS,pos
MS_POS_0961,141.06584930177138,7.434857432047525,NA,NA,NA,MS,pos
MS_POS_0987,143.08154619375134,8.209971110026041,NA,NA,NA,MS,pos
MS_POS_0988,143.0815289454511,9.469913736979167,Ectoine,NA,NA,MS,pos
MS_POS_1010,144.085079287712,8.66710205078125,NA,NA,NA,MS,pos
MS_POS_1011,144.10191739476983,6.67427978515625,Proline betaine,NA,NA,MS,pos
MS_POS_1012,144.10191395209307,9.36664581298828,NA,NA,NA,MS,pos
MS_POS_1013,144.10198769365329,8.431325785319011,NA,NA,NA,MS,pos
MS_POS_1015,144.10187772369574,10.126795450846354,NA,NA,NA,MS,pos
MS_POS_1036,145.0607668637817,10.354178873697917,NA,NA,NA,MS,pos
MS_POS_1037,145.06075289344483,9.495094807942708,NA,NA,NA,MS,pos
MS_POS_1039,145.08589208398593,1.7246344884236653,NA,NA,NA,MS,pos
MS_POS_1047,146.06001652431576,2.0859303792317707,NA,NA,NA,MS,pos
MS_POS_1048,146.059952526575,2.743921915690104,NA,NA,NA,MS,pos
MS_POS_1049,146.11753088495212,10.01246846516927,NA,NA,NA,MS,pos
MS_POS_1050,146.11757361684136,8.47611999511719,(3-Carboxypropyl)trimethylammonium?,NA,NA,MS,pos
MS_POS_1051,146.1175207661296,9.14013163248698,Acetylcholine?,NA,NA,MS,pos
MS_POS_1069,147.0474231939911,8.592239888509114,NA,NA,NA,MS,pos
MS_POS_1070,147.0763954280385,11.490403747558592,L-Glutamine,NA,NA,MS,pos
MS_POS_1076,148.06040964915007,12.323855590820312,beta-Glutamic acid?/L-Glutamic acid/O-Acetyl-L-serine,NA,NA,MS,pos
MS_POS_1080,148.09679406586096,8.479293314615886,Hydroxyisoleucine,NA,NA,MS,pos
MS_POS_1097,150.05827756509953,7.145318094889323,L-Methionine,NA,NA,MS,pos
MS_POS_1098,150.05838677618857,7.742046356201172,NA,NA,NA,MS,pos
MS_POS_1118,151.04225844672368,2.009780693054199,NA,NA,NA,MS,pos
MS_POS_1122,151.1441194618743,6.851132456461588,NA,NA,NA,MS,pos
MS_POS_1125,152.05666470760144,8.385233052571614,NA,NA,NA,MS,pos
MS_POS_1126,152.0567602016003,9.262075805664065,Guanine,NA,NA,MS,pos
MS_POS_1128,152.07063610932727,9.222477213541667,NA,NA,NA,MS,pos
MS_POS_1129,152.07059376382418,7.122322591145833,NA,NA,NA,MS,pos
MS_POS_1134,153.06000227629676,9.149534098307292,NA,NA,NA,MS,pos
MS_POS_1153,154.05322227576073,5.3988093058268225,NA,NA,NA,MS,pos
MS_POS_1164,155.08144545589573,8.988802591959635,NA,NA,NA,MS,pos
MS_POS_1183,156.076739591278,11.029654439290365,L-Histidine,NA,NA,MS,pos
MS_POS_1199,157.09719888301328,7.001318359375,NA,NA,NA,MS,pos
MS_POS_1200,157.09722395650073,7.577770233154297,NA,NA,NA,MS,pos
MS_POS_1221,158.1176502862935,5.675205485026042,NA,NA,NA,MS,pos
MS_POS_1226,159.07643913315488,11.134468650390623,5-Hydroxyectoine,NA,NA,MS,pos
MS_POS_1227,159.07639010308498,12.100770568847656,NA,NA,NA,MS,pos
MS_POS_1228,159.07638954008326,10.320505777994793,NA,NA,NA,MS,pos
MS_POS_1229,159.10155706831796,1.6680004119873046,NA,NA,NA,MS,pos
MS_POS_1236,160.09683801413695,8.63050028483073,Betonicine/Turicine,NA,NA,MS,pos
MS_POS_1243,162.075969174513,9.069926452636718,NA,NA,NA,MS,pos
MS_POS_1246,162.11245161481156,8.361789957682292,Carnitine,NA,NA,MS,pos
MS_POS_1247,162.11245695459542,9.90297342936198,NA,NA,NA,MS,pos
MS_POS_1248,162.11247923541163,7.073341623942057,NA,NA,NA,MS,pos
MS_POS_1269,165.05804434192729,8.592925008138021,NA,NA,NA,MS,pos
MS_POS_1306,166.05323131377287,10.520482381184896,NA,NA,NA,MS,pos
MS_POS_1307,166.0531659664961,8.527803293863933,L-Methionine S-oxide,NA,NA,MS,pos
MS_POS_1318,166.07233321084516,8.70371348063151,NA,NA,NA,MS,pos
MS_POS_1319,166.0862518151964,8.669805908203125,Ethyl aminobenzoate?,NA,NA,MS,pos
MS_POS_1320,166.08627251767157,9.596223449707033,NA,NA,NA,MS,pos
MS_POS_1321,166.0861928319974,5.367824300130208,NA,NA,NA,MS,pos
MS_POS_1326,166.1224556459036,3.768445332845052,Hordenine,NA,NA,MS,pos
MS_POS_1335,167.12597361296156,6.459651692708333,NA,NA,NA,MS,pos
MS_POS_1340,168.06888090929615,8.490086873372396,NA,NA,NA,MS,pos
MS_POS_1373,170.06828005803956,18.01605224609375,NA,NA,NA,MS,pos
MS_POS_1374,170.0683657995693,17.29813232421875,NA,NA,NA,MS,pos
MS_POS_1375,170.1175521857876,8.324463399251302,NA,NA,NA,MS,pos
MS_POS_1376,170.11756520707735,9.079651896158854,NA,NA,NA,MS,pos
MS_POS_1395,173.092105212478,8.600616455078125,NA,NA,NA,MS,pos
MS_POS_1407,174.02195143376906,5.626234436035157,NA,NA,NA,MS,pos
MS_POS_1408,174.03867566051082,8.35910898844401,NA,NA,NA,MS,pos
MS_POS_1409,175.11897047608298,18.153434244791665,L-Arginine,NA,NA,MS,pos
MS_POS_1414,176.10284420615807,10.56835479736328,Citrulline,NA,NA,MS,pos
MS_POS_1416,176.12810274897075,10.567717488606773,NA,NA,NA,MS,pos
MS_POS_1418,176.1281706987186,9.150478108723958,NA,NA,NA,MS,pos
MS_POS_1419,176.1281608945655,8.092060852050782,NA,NA,NA,MS,pos
MS_POS_1420,176.1393794111863,7.434143575032552,NA,NA,NA,MS,pos
MS_POS_1432,179.0047713506152,7.253972625732421,Arsenobetaine,NA,NA,MS,pos
MS_POS_1437,179.0735704795124,10.96309814453125,Gonyol,NA,NA,MS,pos
MS_POS_1438,179.0736234689658,9.968840535481773,NA,NA,NA,MS,pos
MS_POS_1448,180.0865845391356,10.356862386067707,Glucosamine,NA,NA,MS,pos
MS_POS_1449,180.0864817787483,9.078473409016928,NA,NA,NA,MS,pos
MS_POS_1450,180.10188302114358,8.642476399739584,NA,NA,NA,MS,pos
MS_POS_1481,182.08117067869628,9.469786580403646,NA,NA,NA,MS,pos
MS_POS_1482,182.08110920698348,8.358068084716797,L-Tyrosine,NA,NA,MS,pos
MS_POS_1485,182.11763054139544,7.296353658040364,NA,NA,NA,MS,pos
MS_POS_1543,185.0920966196295,8.281767781575521,NA,NA,NA,MS,pos
MS_POS_1550,186.1125397629499,2.1714703877766928,NA,NA,NA,MS,pos
MS_POS_1557,188.03750247177695,2.5277679443359373,NA,NA,NA,MS,pos
MS_POS_1565,189.07584289745324,2.328597005208333,NA,NA,NA,MS,pos
MS_POS_1566,189.0758897616576,3.0612861633300783,NA,NA,NA,MS,pos
MS_POS_1567,189.1233778151336,8.639038594563802,NA,NA,NA,MS,pos
MS_POS_1568,189.12331319680752,9.625980631510416,N6-Acetyl-L-lysine,NA,NA,MS,pos
MS_POS_1570,190.1073268500755,10.76460469563802,NA,NA,NA,MS,pos
MS_POS_1586,193.05297635527535,11.1442143758138,NA,NA,NA,MS,pos
MS_POS_1589,193.0893573163635,9.979412841796876,NA,NA,NA,MS,pos
MS_POS_1590,193.15479262584563,7.403509521484375,NA,NA,NA,MS,pos
MS_POS_1591,193.15480100244372,6.673988596598306,NA,NA,NA,MS,pos
MS_POS_1603,194.09254090967528,10.409580485026042,NA,NA,NA,MS,pos
MS_POS_1609,195.0849435088603,10.409580485026042,NA,NA,NA,MS,pos
MS_POS_1656,200.07393818992955,2.2301137924194334,NA,NA,NA,MS,pos
MS_POS_1660,201.12337960938535,10.898039245605467,NA,NA,NA,MS,pos
MS_POS_1673,204.08661908861149,1.8334303538004555,NA,NA,NA,MS,pos
MS_POS_1674,204.12313010296907,7.47245127360026,O-Acetylcarnitine,NA,NA,MS,pos
MS_POS_1675,204.1231384661337,8.450599161783854,NA,NA,NA,MS,pos
MS_POS_1676,204.1230177382812,10.61346435546875,NA,NA,NA,MS,pos
MS_POS_1680,206.1025197881736,2.333360036214193,NA,NA,NA,MS,pos
MS_POS_1683,206.13883619225547,7.063779195149739,Dexpanthenol,NA,NA,MS,pos
MS_POS_1684,206.1389308009621,8.467672220865886,NA,NA,NA,MS,pos
MS_POS_1687,207.06858849447076,9.16815643310547,NA,NA,NA,MS,pos
MS_POS_1688,207.1048057809368,10.041666666666666,NA,NA,NA,MS,pos
MS_POS_1689,207.10512084232272,9.057891845703123,NA,NA,NA,MS,pos
MS_POS_1690,207.14192012119963,2.357322184244792,NA,NA,NA,MS,pos
MS_POS_1692,207.1703458917814,6.773081461588542,NA,NA,NA,MS,pos
MS_POS_1705,209.0478637706604,11.395947265625,NA,NA,NA,MS,pos
MS_POS_1712,209.084230855317,8.337227376302083,NA,NA,NA,MS,pos
MS_POS_1713,209.08420663074068,7.4064788818359375,NA,NA,NA,MS,pos
MS_POS_1723,211.0578417065629,5.154691060384114,NA,NA,NA,MS,pos
MS_POS_1726,211.10530013834867,9.417877705891929,NA,NA,NA,MS,pos
MS_POS_1727,211.10519126468097,8.50590108235677,NA,NA,NA,MS,pos
MS_POS_1788,217.07767257859703,1.9139649709065751,NA,NA,NA,MS,pos
MS_POS_1790,218.13855161104016,5.953627268473308,O-Propionylcarnitine,NA,NA,MS,pos
MS_POS_1799,219.170302940012,6.720516967773437,NA,NA,NA,MS,pos
MS_POS_1800,220.06375520441887,11.01845703125,NA,NA,NA,MS,pos
MS_POS_1801,220.1179135493707,1.75023562113444,NA,NA,NA,MS,pos
MS_POS_1806,221.1845923116284,2.2630374908447264,NA,NA,NA,MS,pos
MS_POS_1812,223.0937058147321,7.041670735677084,NA,NA,NA,MS,pos
MS_POS_1813,223.12455883880637,1.8877920786539713,NA,NA,NA,MS,pos
MS_POS_1818,226.14372205755316,2.168536631266276,NA,NA,NA,MS,pos
MS_POS_1823,228.12054850625415,2.3613296508789063,NA,NA,NA,MS,pos
MS_POS_1827,232.11780267361448,1.822117233276367,NA,NA,NA,MS,pos
MS_POS_1828,232.1179209710533,10.051348876953124,NA,NA,NA,MS,pos
MS_POS_1831,232.15401124011015,4.7253880818684895,Butyrylcarnitine,NA,NA,MS,pos
MS_POS_1900,235.16521568767797,7.420303344726563,NA,NA,NA,MS,pos
MS_POS_1922,236.14920571258324,10.166427612304688,NA,NA,NA,MS,pos
MS_POS_1923,236.14926435263715,8.51331278483073,NA,NA,NA,MS,pos
MS_POS_1924,238.1158411224495,6.912739054361978,NA,NA,NA,MS,pos
MS_POS_1940,244.09278448722856,8.159292856852213,Cytidine,NA,NA,MS,pos
MS_POS_1945,245.09872076335049,11.79004618326823,NA,NA,NA,MS,pos
MS_POS_1946,245.11320432928665,11.038859049479166,NA,NA,NA,MS,pos
MS_POS_1948,245.60047174678024,11.779960123697917,NA,NA,NA,MS,pos
MS_POS_1952,246.09722193830817,10.100488789876302,NA,NA,NA,MS,pos
MS_POS_1968,252.10775147461263,10.899236043294271,NA,NA,NA,MS,pos
MS_POS_1969,252.10753419177553,9.1480560302734375,Muramic acid,NA,NA,MS,pos
MS_POS_1970,252.10882204500427,3.567973327636719,Deoxyadenosine,NA,NA,MS,pos
MS_POS_1972,252.14404532669727,10.780495198567708,NA,NA,NA,MS,pos
MS_POS_1978,258.1101202823465,11.164593505859376,Glycerophosphocholine,NA,NA,MS,pos
MS_POS_1979,259.1133258099736,9.777836100260416,NA,NA,NA,MS,pos
MS_POS_1985,260.112900820563,2.5827359517415363,NA,NA,NA,MS,pos
MS_POS_1987,260.1644955660771,1.879177983601888,2-Heptyl-3-hydroxy-quinolone,NA,NA,MS,pos
MS_POS_1995,263.1317504309603,10.537888590494791,NA,NA,NA,MS,pos
MS_POS_2005,266.12334817577283,7.1638427734375,NA,NA,NA,MS,pos
MS_POS_2006,266.1234009774395,8.205987548828125,NA,NA,NA,MS,pos
MS_POS_2015,268.1034240419267,3.062270228068034,NA,NA,NA,MS,pos
MS_POS_2016,268.10399215915015,4.535692342122396,Adenosine,NA,NA,MS,pos
MS_POS_2030,269.08796791694215,7.760693359375,Inosine,NA,NA,MS,pos
MS_POS_2031,269.10528912803284,11.08629913330078,NA,NA,NA,MS,pos
MS_POS_2043,275.07118527563944,11.391570027669273,NA,NA,NA,MS,pos
MS_POS_2047,276.1440247779571,2.0641164143880206,NA,NA,NA,MS,pos
MS_POS_2053,280.0918458833812,9.770909118652344,NA,NA,NA,MS,pos
MS_POS_2055,283.174933547459,2.0150684356689452,NA,NA,NA,MS,pos
MS_POS_2056,284.09878597119473,9.131959533691406,Guanosine,NA,NA,MS,pos
MS_POS_2059,285.14444691953616,6.900211079915365,NA,NA,NA,MS,pos
MS_POS_2062,288.2896771159379,1.7226462046305342,NA,NA,NA,MS,pos
MS_POS_2064,289.13334127027804,1.8480630874633788,NA,NA,NA,MS,pos
MS_POS_2065,289.13924536688364,10.529441324869792,NA,NA,NA,MS,pos
MS_POS_2067,290.1343733822066,9.397771708170572,Ophthalmic acid,NA,NA,MS,pos
MS_POS_2069,291.06977277200997,7.757594807942708,NA,NA,NA,MS,pos
MS_POS_2070,291.1126289233588,1.973387082417806,NA,NA,NA,MS,pos
MS_POS_2071,291.12977555125065,14.020057169596354,L-Arginosuccinic acid,NA,NA,MS,pos
MS_POS_2074,292.1388566753018,1.9131429672241216,NA,NA,NA,MS,pos
MS_POS_2083,294.19091178655754,1.7513360341389974,NA,NA,NA,MS,pos
MS_POS_2112,299.1004037400986,3.0335091908772784,NA,NA,NA,MS,pos
MS_POS_2113,299.10994339703683,1.807558314005534,NA,NA,NA,MS,pos
MS_POS_2116,300.20158657788505,2.0118602752685546,NA,NA,NA,MS,pos
MS_POS_2166,322.1858334207144,2.42104008992513,NA,NA,NA,MS,pos
MS_POS_2180,329.1341591678509,10.604947916666667,NA,NA,NA,MS,pos
MS_POS_2181,330.0596087663828,7.176544189453125,NA,NA,NA,MS,pos
MS_POS_2182,330.05964869658396,6.115520985921224,NA,NA,NA,MS,pos
MS_POS_2183,333.12918688290904,11.617462158203123,NA,NA,NA,MS,pos
MS_POS_2185,334.13259075687233,11.134122721354167,NA,NA,NA,MS,pos
MS_POS_2187,334.1911972097292,1.8944552103678387,NA,NA,NA,MS,pos
MS_POS_2208,344.2279197242956,1.962610117594401,NA,NA,NA,MS,pos
MS_POS_2209,345.07784429389267,10.30025634765625,Thiamine monophosphate,NA,NA,MS,pos
MS_POS_2210,345.0780001688778,11.743402099609376,NA,NA,NA,MS,pos
MS_POS_2214,346.05446084785314,10.310178629557292,NA,NA,NA,MS,pos
MS_POS_2215,346.0547524764416,10.705953470865886,NA,NA,NA,MS,pos
MS_POS_2216,347.1448805656068,8.136576334635416,NA,NA,NA,MS,pos
MS_POS_2223,352.23282765610526,1.634252675374349,NA,NA,NA,MS,pos
MS_POS_2250,354.05104895908084,8.0521115620931,NA,NA,NA,MS,pos
MS_POS_2262,357.1655453881593,10.157535807291667,NA,NA,NA,MS,pos
MS_POS_2270,365.1051728936039,10.274229939778646,NA,NA,NA,MS,pos
MS_POS_2273,366.0511188098919,9.040169270833331,NA,NA,NA,MS,pos
MS_POS_2274,366.0509615025321,8.497220102945963,NA,NA,NA,MS,pos
MS_POS_2292,372.19024412931265,11.615169270833333,NA,NA,NA,MS,pos
MS_POS_2293,377.0529664668577,6.848649851481119,NA,NA,NA,MS,pos
MS_POS_2294,377.14561395464017,11.65845438639323,NA,NA,NA,MS,pos
MS_POS_2295,377.1457566412889,12.650953165690105,NA,NA,NA,MS,pos
MS_POS_2302,385.1286966525672,10.325590006510415,NA,NA,NA,MS,pos
MS_POS_2303,385.12845652253793,8.791477457682292,S-Adenosylhomocysteine,NA,NA,MS,pos
MS_POS_2304,386.0420393836862,4.9138743082682295,NA,NA,NA,MS,pos
MS_POS_2307,388.25405950012566,1.918364397684733,NA,NA,NA,MS,pos
MS_POS_2331,399.1441377968557,11.149031575520834,S-Adenosylmethionine,NA,NA,MS,pos
MS_POS_2332,399.14437066533,12.38692881266276,NA,NA,NA,MS,pos
MS_POS_2345,425.1764505808638,9.802901204427084,Chitobiose,NA,NA,MS,pos
MS_POS_2359,431.1000006359434,5.0533495585123696,NA,NA,NA,MS,pos
MS_POS_2360,432.1178143592509,1.467973518371582,NA,NA,NA,MS,pos
MS_POS_2361,432.2804003571465,1.8927074432373048,NA,NA,NA,MS,pos
MS_POS_2395,457.11200225537567,9.962516276041669,Riboflavin-5-phosphate,NA,NA,MS,pos
MS_POS_2424,487.17849873140113,8.154612223307291,NA,NA,NA,MS,pos
MS_POS_2429,502.08964943858933,3.5705540974934893,NA,NA,NA,MS,pos
MS_POS_2430,503.1185737023096,6.826973470052083,NA,NA,NA,MS,pos
MS_POS_2432,509.1606581454895,8.180895233154297,NA,NA,NA,MS,pos
MS_POS_2460,581.2184923739371,3.7571201324462895,NA,NA,NA,MS,pos
MS_POS_2472,664.11659841473,11.785871887207032,NA,NA,NA,MS,pos
MS_POS_2473,664.1171506383848,12.045284016927084,NA,NA,NA,MS,pos
MS_POS_2529,786.1643779102799,9.627086893717449,NA,NA,NA,MS,pos
MS_NEG_0039,61.987086239364686,5.206949361165365,NA,NA,NA,MS,neg
MS_NEG_0055,61.99523156064629,9.11979268391927,NA,NA,NA,MS,neg
MS_NEG_0068,62.99614711979796,9.144711303710938,NA,NA,NA,MS,neg
MS_NEG_0112,74.98959232702632,2.2448031107584634,NA,NA,NA,MS,neg
MS_NEG_0155,78.91771171265997,8.835892740885416,NA,NA,NA,MS,neg
MS_NEG_0161,79.95616307211625,14.670706685384117,NA,NA,NA,MS,neg
MS_NEG_0299,91.01774086685955,1.7987239201863607,NA,NA,NA,MS,neg
MS_NEG_0336,93.00020579613086,4.752542622884115,NA,NA,NA,MS,neg
MS_NEG_0510,102.02657729196495,6.753406778971355,NA,NA,NA,MS,neg
MS_NEG_0512,102.02661570370137,2.232076899210612,NA,NA,NA,MS,neg
MS_NEG_0537,104.04227459748846,7.770884704589844,NA,NA,NA,MS,neg
MS_NEG_0591,108.02053160039549,3.899183654785156,NA,NA,NA,MS,neg
MS_NEG_0592,108.02060167946784,4.607231140136719,NA,NA,NA,MS,neg
MS_NEG_0594,108.9954183780356,4.90676015218099,Ethanesulfonic acid,NA,NA,MS,neg
MS_NEG_0656,115.00263982548556,11.805240885416667,Fumaric acid,NA,NA,MS,neg
MS_NEG_0712,119.01614240386584,2.975505828857422,NA,NA,NA,MS,neg
MS_NEG_0713,119.02244641471876,12.992120361328125,NA,NA,NA,MS,neg
MS_NEG_0746,123.01106210553068,2.953502146402995,1-Propanesulfonate,NA,NA,MS,neg
MS_NEG_0768,124.00640530513368,11.186592610677083,Taurine,NA,NA,MS,neg
MS_NEG_0770,124.99040991090337,7.54503428141276,Isethionic acid,NA,NA,MS,neg
MS_NEG_0778,126.90403972903218,5.065583038330078,NA,NA,NA,MS,neg
MS_NEG_0788,126.9970986957708,6.905142211914063,"Isethionic acid, 13C2",NA,NA,MS,neg
MS_NEG_0790,127.05764274189754,1.9911368052164713,NA,NA,NA,MS,neg
MS_NEG_0827,131.03393760310135,3.2364433288574217,NA,NA,NA,MS,neg
MS_NEG_0856,132.86691226378065,9.6911376953125,NA,NA,NA,MS,neg
MS_NEG_0873,133.01324485227994,13.807177734375,Malic acid,NA,NA,MS,neg
MS_NEG_0883,134.04627962637963,4.687834676106771,Adenine,NA,NA,MS,neg
MS_NEG_0895,134.89368283793476,9.392789204915363,NA,NA,NA,MS,neg
MS_NEG_0917,136.0111260314761,1.8157344818115235,NA,NA,NA,MS,neg
MS_NEG_0931,137.02342513630123,6.539761098225911,Salicylic acid,NA,NA,MS,neg
MS_NEG_0944,138.02204361850943,12.123947143554688,3-Aminopropanesulfonate,NA,NA,MS,neg
MS_NEG_0949,138.02679570116624,2.068699518839518,NA,NA,NA,MS,neg
MS_NEG_0953,138.9697049318396,14.616325887044272,Sulfoacetic acid,NA,NA,MS,neg
MS_NEG_0959,140.96760082183792,3.584182230631511,Sodium 2-mercaptoethanesulfonate,NA,NA,MS,neg
MS_NEG_0967,142.96337125549064,3.222438939412435,NA,NA,NA,MS,neg
MS_NEG_0983,144.0445455423584,2.069683647155762,NA,NA,NA,MS,neg
MS_NEG_1009,146.04505585627834,12.309947204589845,NA,NA,NA,MS,neg
MS_NEG_1011,146.05303481419713,2.2196306864420574,NA,NA,NA,MS,neg
MS_NEG_1030,149.02691536653938,2.5468070983886717,2-Hydroxy-4-(methylthio)butyric acid,NA,NA,MS,neg
MS_NEG_1032,150.04131698044912,8.385018412272135,Guanine,NA,NA,MS,neg
MS_NEG_1035,150.96978685331285,14.358162434895831,NA,NA,NA,MS,neg
MS_NEG_1043,153.0184761352278,4.242702356974283,"2,5-Dihydroxybenzoic acid",NA,NA,MS,neg
MS_NEG_1044,154.0217996323571,4.0119377136230465,NA,NA,NA,MS,neg
MS_NEG_1105,161.08111067786754,2.149342346191406,NA,NA,NA,MS,neg
MS_NEG_1119,164.10731069710806,3.854157765706381,NA,NA,NA,MS,neg
MS_NEG_1123,166.0171820415763,4.9362848917643225,N-Acetyltaurine,NA,NA,MS,neg
MS_NEG_1124,166.01717286225465,4.151179377237956,NA,NA,NA,MS,neg
MS_NEG_1125,166.017262282302,5.6990208943684895,NA,NA,NA,MS,neg
MS_NEG_1139,166.96484509891684,15.17967224121094,3-Sulfopyruvic acid,NA,NA,MS,neg
MS_NEG_1140,167.0203434307825,10.718076578776042,NA,NA,NA,MS,neg
MS_NEG_1141,167.99645851139715,13.11382802327474,L-Cysteic acid,NA,NA,MS,neg
MS_NEG_1145,171.04779578956305,2.0209543863932296,NA,NA,NA,MS,neg
MS_NEG_1166,173.00847057915453,15.68544921875,cis-Aconitic acid,NA,NA,MS,neg
MS_NEG_1169,173.0448155341874,11.180345153808592,Shikimic acid,NA,NA,MS,neg
MS_NEG_1170,173.0449308266592,11.768804931640624,NA,NA,NA,MS,neg
MS_NEG_1171,174.08770445677712,12.39552714029948,NA,NA,NA,MS,neg
MS_NEG_1178,176.100255363815,2.2223007202148444,NA,NA,NA,MS,neg
MS_NEG_1181,177.0429626913562,9.508140055338542,NA,NA,NA,MS,neg
MS_NEG_1182,178.07148734011977,7.408718109130859,NA,NA,NA,MS,neg
MS_NEG_1194,181.0499909770838,1.828579839070638,Ethyl dihydroxybenzoate,NA,NA,MS,neg
MS_NEG_1208,187.10824458787815,9.463248697916669,NA,NA,NA,MS,neg
MS_NEG_1241,200.96253617806664,1.839116096496582,NA,NA,NA,MS,neg
MS_NEG_1243,203.05570100233388,12.23247578938802,NA,NA,NA,MS,neg
MS_NEG_1247,205.035870538055,2.0062503814697266,Lipoic acid,NA,NA,MS,neg
MS_NEG_1319,219.05081943650936,11.298097737630208,NA,NA,NA,MS,neg
MS_NEG_1320,219.08714798168091,10.408085123697916,NA,NA,NA,MS,neg
MS_NEG_1331,233.10295346500956,9.718816121419271,NA,NA,NA,MS,neg
MS_NEG_1348,244.0827135884964,8.77665506998698,NA,NA,NA,MS,neg
MS_NEG_1356,247.11876232445175,1.7741691589355466,NA,NA,NA,MS,neg
MS_NEG_1374,258.15017940043253,1.788895352681478,NA,NA,NA,MS,neg
MS_NEG_1378,261.1345705554934,1.5939647674560546,NA,NA,NA,MS,neg
MS_NEG_1384,267.0725697584251,11.548948160807292,Inosine,NA,NA,MS,neg
MS_NEG_1386,268.07592017538946,11.183421834309897,NA,NA,NA,MS,neg
MS_NEG_1389,270.0267004734893,2.071936670939128,NA,NA,NA,MS,neg
MS_NEG_1390,271.0304077143793,1.9262507120768229,NA,NA,NA,MS,neg
MS_NEG_1393,273.1038197704112,1.8222477595011393,NA,NA,NA,MS,neg
MS_NEG_1396,281.05250633903944,1.7887635548909508,NA,NA,NA,MS,neg
MS_NEG_1416,287.1192464971201,1.7656565348307294,NA,NA,NA,MS,neg
MS_NEG_1417,288.1204189132967,11.387032063802083,NA,NA,NA,MS,neg
MS_NEG_1419,289.0984831137629,1.8912415822347008,NA,NA,NA,MS,neg
MS_NEG_1420,289.11570852630314,13.878757731119792,NA,NA,NA,MS,neg
MS_NEG_1430,305.08803538259315,13.687500508626302,NA,NA,NA,MS,neg
MS_NEG_1448,328.0456046999912,7.2410936991373696,"3',5'-Cyclic AMP",NA,NA,MS,neg
MS_NEG_1450,330.8423662028177,14.68406778971354,NA,NA,NA,MS,neg
MS_NEG_1475,341.10929550951624,11.707845052083334,Lactose/Maltose/Trehalose/Sucrose,NA,NA,MS,neg
MS_NEG_1477,344.04049212051973,10.646881103515623,"3',5'-Cyclic GMP",NA,NA,MS,neg
MS_NEG_1495,365.102744281072,2.86522216796875,NA,NA,NA,MS,neg
MS_NEG_1499,372.1052384309951,5.738599141438802,NA,NA,NA,MS,neg
MS_NEG_1506,381.0894965620241,2.0053882598876953,NA,NA,NA,MS,neg
MS_NEG_1508,383.1148234065817,10.375762939453123,NA,NA,NA,MS,neg
MS_NEG_1509,389.1265086570279,11.668521118164062,NA,NA,NA,MS,neg
MS_NEG_1526,410.0879807067122,5.6617584228515625,NA,NA,NA,MS,neg
MS_NEG_1550,565.0482246153431,13.95836385091146,UDP-glucose,NA,NA,MS,neg
MS_NEG_1551,606.074985228247,13.10172424316406,UDP-N-acetylglucosamine,NA,NA,MS,neg
